source,path,name,suffix,size_bytes,evidence_type,public_safe
repo,site_public/data/source_records_latest.json,source_records_latest.json,.json,67616,evidence,yes
repo,site_public/data/moving_banners_status.json,moving_banners_status.json,.json,1002,evidence,yes
repo,site_public/data/latest_live_summary.json,latest_live_summary.json,.json,1780,evidence,yes
repo,site_public/data/latest_summary.json,latest_summary.json,.json,1779,evidence,yes
repo,site_public/data/latest_backfill_summary.json,latest_backfill_summary.json,.json,3770,evidence,yes
repo,site_public/data/weekly_index.json,weekly_index.json,.json,152368,evidence,yes
repo,site_public/data/science_validation_latest.json,science_validation_latest.json,.json,12940,evidence,yes
repo,site_public/data/weekly/brand_asset_status.json,brand_asset_status.json,.json,285,evidence,yes
repo,site_public/data/weekly/final_brand_polish_summary.json,final_brand_polish_summary.json,.json,2074,evidence,yes
repo,site_public/data/weekly/favicon_enforcement_status.json,favicon_enforcement_status.json,.json,2458,evidence,yes
repo,site_public/data/weekly/latest_alert.json,latest_alert.json,.json,936,evidence,yes
repo,site_public/data/weekly/backfill_status.json,backfill_status.json,.json,149,evidence,yes
repo,site_public/data/weekly/focused_backfill_status.json,focused_backfill_status.json,.json,1079,evidence,yes
repo,site_public/data/weekly/count_stat_card_final_fix_status.json,count_stat_card_final_fix_status.json,.json,285,evidence,yes
repo,site_public/data/weekly/webm_banner_status.json,webm_banner_status.json,.json,907,evidence,yes
repo,site_public/data/weekly/public_sanity_fix_status.json,public_sanity_fix_status.json,.json,3821,evidence,yes
repo,site_public/data/weekly/weekly_alert_build_status.json,weekly_alert_build_status.json,.json,446,evidence,yes
repo,site_public/data/backfill/incinerators/focused_backfill_summary.json,focused_backfill_summary.json,.json,1054,evidence,yes
repo,site_public/data/backfill/incinerators/facility_backfill_readiness.csv,facility_backfill_readiness.csv,.csv,3258,evidence,yes
repo,site_public/data/backfill/incinerators/charts/candidate_score_bands.json,candidate_score_bands.json,.json,80,evidence,yes
repo,site_public/data/backfill/incinerators/charts/overlay_status_chart.json,overlay_status_chart.json,.json,111,evidence,yes
repo,site_public/data/backfill/incinerators/charts/backfill_scope_summary.json,backfill_scope_summary.json,.json,1054,evidence,yes
repo,site_public/data/public_dashboard/header_branding_status.json,header_branding_status.json,.json,1325,evidence,yes
repo,site_public/data/public_dashboard/motion_polish_status.json,motion_polish_status.json,.json,120,evidence,yes
repo,site_public/data/public_dashboard/consistent_rebuild_summary.json,consistent_rebuild_summary.json,.json,120,evidence,yes
repo,site_public/data/public_dashboard/polish_status.json,polish_status.json,.json,519,evidence,yes
repo,site_public/data/history/week_2024-08-05_2024-08-12.json,week_2024-08-05_2024-08-12.json,.json,3375,evidence,yes
repo,site_public/data/history/week_2024-08-26_2024-09-02.json,week_2024-08-26_2024-09-02.json,.json,3589,evidence,yes
repo,site_public/data/history/week_2024-07-22_2024-07-29.json,week_2024-07-22_2024-07-29.json,.json,3375,evidence,yes
repo,site_public/data/history/week_2024-09-23_2024-09-30.json,week_2024-09-23_2024-09-30.json,.json,3589,evidence,yes
repo,site_public/data/history/week_2024-11-04_2024-11-11.json,week_2024-11-04_2024-11-11.json,.json,3634,evidence,yes
repo,site_public/data/history/week_2026-05-04_2026-05-11.json,week_2026-05-04_2026-05-11.json,.json,995,evidence,yes
repo,site_public/data/history/week_2024-07-01_2024-07-08.json,week_2024-07-01_2024-07-08.json,.json,995,evidence,yes
repo,site_public/data/history/week_2024-06-24_2024-07-01.json,week_2024-06-24_2024-07-01.json,.json,995,evidence,yes
repo,site_public/data/history/week_2024-09-16_2024-09-23.json,week_2024-09-16_2024-09-23.json,.json,3634,evidence,yes
repo,site_public/data/history/week_2024-06-10_2024-06-17.json,week_2024-06-10_2024-06-17.json,.json,990,evidence,yes
repo,site_public/data/history/week_2024-10-21_2024-10-28.json,week_2024-10-21_2024-10-28.json,.json,3634,evidence,yes
repo,site_public/data/history/week_2024-10-07_2024-10-14.json,week_2024-10-07_2024-10-14.json,.json,3634,evidence,yes
repo,site_public/data/history/week_2026-05-18_2026-05-25.json,week_2026-05-18_2026-05-25.json,.json,994,evidence,yes
repo,site_public/data/history/week_2024-05-27_2024-06-03.json,week_2024-05-27_2024-06-03.json,.json,990,evidence,yes
repo,site_public/data/history/week_2024-07-29_2024-08-05.json,week_2024-07-29_2024-08-05.json,.json,3375,evidence,yes
repo,site_public/data/history/week_2026-05-11_2026-05-18.json,week_2026-05-11_2026-05-18.json,.json,995,evidence,yes
repo,site_public/data/history/week_2024-09-02_2024-09-09.json,week_2024-09-02_2024-09-09.json,.json,3589,evidence,yes
repo,site_public/data/history/week_2024-08-12_2024-08-19.json,week_2024-08-12_2024-08-19.json,.json,3348,evidence,yes
repo,site_public/data/history/week_2026-04-27_2026-05-04.json,week_2026-04-27_2026-05-04.json,.json,995,evidence,yes
repo,site_public/data/history/week_2024-08-19_2024-08-26.json,week_2024-08-19_2024-08-26.json,.json,3589,evidence,yes
repo,site_public/data/history/week_2024-09-30_2024-10-07.json,week_2024-09-30_2024-10-07.json,.json,3634,evidence,yes
repo,site_public/data/history/20260526T053248Z.json,20260526T053248Z.json,.json,1779,evidence,yes
repo,site_public/data/history/week_2024-10-14_2024-10-21.json,week_2024-10-14_2024-10-21.json,.json,3634,evidence,yes
repo,site_public/data/history/week_2024-10-28_2024-11-04.json,week_2024-10-28_2024-11-04.json,.json,3589,evidence,yes
repo,site_public/data/history/week_2024-07-08_2024-07-15.json,week_2024-07-08_2024-07-15.json,.json,995,evidence,yes
repo,site_public/data/history/week_2024-07-15_2024-07-22.json,week_2024-07-15_2024-07-22.json,.json,995,evidence,yes
repo,site_public/data/history/week_2024-09-09_2024-09-16.json,week_2024-09-09_2024-09-16.json,.json,3589,evidence,yes
repo,site_public/data/history/week_2024-06-17_2024-06-24.json,week_2024-06-17_2024-06-24.json,.json,990,evidence,yes
repo,site_public/data/history/week_2024-06-03_2024-06-10.json,week_2024-06-03_2024-06-10.json,.json,990,evidence,yes
repo,site_public/data/charts/readiness_trend.json,readiness_trend.json,.json,18218,evidence,yes
repo,site_public/data/charts/weekly_record_counts.json,weekly_record_counts.json,.json,18746,evidence,yes
repo,site_public/data/charts/official_filings.json,official_filings.json,.json,295,evidence,yes
repo,site_public/data/charts/source_coverage_by_week.json,source_coverage_by_week.json,.json,9339,evidence,yes
repo,site_public/data/charts/source_class_summary_latest.json,source_class_summary_latest.json,.json,240,evidence,yes
repo,site_public/data/charts/pollutant_timeseries.json,pollutant_timeseries.json,.json,296,evidence,yes
repo,site_public/data/charts/satellite_products_by_week.json,satellite_products_by_week.json,.json,4620,evidence,yes
repo,site_public/data/charts/facility_control_comparison.json,facility_control_comparison.json,.json,289,evidence,yes
repo,site_public/data/providers/earthdata/source_records.json,source_records.json,.json,1211,evidence,yes
repo,site_public/data/providers/earthdata/summary.json,summary.json,.json,506,evidence,yes
repo,site_public/data/providers/earthdata/auth_smoke_source_records.json,auth_smoke_source_records.json,.json,1020,evidence,yes
repo,site_public/data/providers/earthdata/granule_candidates.json,granule_candidates.json,.json,37033,evidence,yes
repo,site_public/data/providers/earthdata/collection_candidates.json,collection_candidates.json,.json,28146,evidence,yes
repo,site_public/data/providers/earthdata/auth_smoke_summary.json,auth_smoke_summary.json,.json,2075,evidence,yes
repo,site_public/data/providers/laqn/source_records.json,source_records.json,.json,8861,evidence,yes
repo,site_public/data/providers/laqn/summary.json,summary.json,.json,1042,evidence,yes
repo,site_public/data/providers/laqn/index_health_advice.failed.json,index_health_advice.failed.json,.json,939,evidence,yes
repo,site_public/data/providers/laqn/groups.json,groups.json,.json,8700,evidence,yes
repo,site_public/data/providers/laqn/annual_objectives_london.json,annual_objectives_london.json,.json,2472452,evidence,yes
repo,site_public/data/providers/laqn/species.json,species.json,.json,3606,evidence,yes
repo,site_public/data/providers/laqn/sites_london.json,sites_london.json,.json,180971,evidence,yes
repo,site_public/data/providers/laqn/site_species_london.json,site_species_london.json,.json,318694,evidence,yes
repo,site_public/data/providers/laqn/chart_safe/groups.json,groups.json,.json,10994,evidence,yes
repo,site_public/data/providers/laqn/chart_safe/annual_objectives_london.json,annual_objectives_london.json,.json,2971325,evidence,yes
repo,site_public/data/providers/laqn/chart_safe/data_probe_BL0_NO2_2024-07-22_2024-07-25.json,data_probe_BL0_NO2_2024-07-22_2024-07-25.json,.json,5438,evidence,yes
repo,site_public/data/providers/laqn/chart_safe/species.json,species.json,.json,3518,evidence,yes
repo,site_public/data/providers/laqn/chart_safe/sites_london.json,sites_london.json,.json,198313,evidence,yes
repo,site_public/data/providers/laqn/chart_safe/site_species_london_flat.json,site_species_london_flat.json,.json,337509,evidence,yes
repo,site_public/data/providers/laqn/chart_safe/data_probe_MY1_NO2_2024-07-22_2024-07-27.json,data_probe_MY1_NO2_2024-07-22_2024-07-27.json,.json,9356,evidence,yes
repo,site_public/data/providers/laqn/chart_safe/index.json,index.json,.json,2426,evidence,yes
repo,site_public/data/providers/laqn/chart_safe/site_species_london.json,site_species_london.json,.json,401288,evidence,yes
repo,site_public/data/providers/laqn/chart_safe/data_probe_BL0_NO2_2024-07-22_2024-07-24.json,data_probe_BL0_NO2_2024-07-22_2024-07-24.json,.json,3662,evidence,yes
repo,site_public/data/providers/laqn/evidence_lake/latest_index.json,latest_index.json,.json,449,evidence,yes
repo,site_public/data/providers/ukair_sos/source_records.json,source_records.json,.json,1709,evidence,yes
repo,site_public/data/providers/ukair_sos/probe_attempts.json,probe_attempts.json,.json,328,evidence,yes
repo,site_public/data/providers/ukair_sos/capabilities.json,capabilities.json,.json,979533,evidence,yes
repo,site_public/data/providers/ukair_sos/pollutant_inventory.json,pollutant_inventory.json,.json,29091,evidence,yes
repo,site_public/data/providers/ukair_sos/provider_summary.json,provider_summary.json,.json,5206,evidence,yes
repo,site_public/data/providers/ukair_sos/station_inventory.json,station_inventory.json,.json,435361,evidence,yes
repo,site_public/data/providers/ukair_sos/observation_probe_urls.json,observation_probe_urls.json,.json,2,evidence,yes
repo,site_public/data/providers/ukair_sos/offering_inventory.json,offering_inventory.json,.json,510262,evidence,yes
repo,site_public/data/focus/final_canonical_public_fix.json,final_canonical_public_fix.json,.json,417,evidence,yes
repo,site_public/data/focus/webm_banner_status.json,webm_banner_status.json,.json,907,evidence,yes
repo,site_public/data/focus/overlays/remaining_overlay_queue.csv,remaining_overlay_queue.csv,.csv,6004,evidence,yes
repo,site_public/data/focus/overlays/remaining_overlay_queue.json,remaining_overlay_queue.json,.json,14630,evidence,yes
repo,site_public/data/focus/overlays/candidate_monitoring_overlays.csv,candidate_monitoring_overlays.csv,.csv,2,measurement,yes
repo,site_public/data/focus/overlays/selected_candidate_overlays_needing_review.csv,selected_candidate_overlays_needing_review.csv,.csv,2,evidence,yes
repo,site_public/data/focus/overlays/incinerator_overlay_summary.json,incinerator_overlay_summary.json,.json,434,evidence,yes
repo,site_public/data/focus/overlays/overlay_discovery_errors.json,overlay_discovery_errors.json,.json,11716,evidence,yes
repo,site_public/data/focus/overlays/candidate_monitoring_overlays.json,candidate_monitoring_overlays.json,.json,2,measurement,yes
repo,site_public/data/focus/overlays/validated_defra_overlays.csv,validated_defra_overlays.csv,.csv,2131,evidence,yes
repo,site_public/data/focus/overlays/validated_defra_overlays.json,validated_defra_overlays.json,.json,5623,evidence,yes
repo,site_public/data/focus/overlays/selected_candidate_overlays_needing_review.json,selected_candidate_overlays_needing_review.json,.json,2,evidence,yes
repo,site_public/data/focus/overlays_v3/openaq_query_diagnostics.csv,openaq_query_diagnostics.csv,.csv,3248,diagnostic,yes
repo,site_public/data/focus/overlays_v3/queried_facilities_this_run.csv,queried_facilities_this_run.csv,.csv,630,evidence,yes
repo,site_public/data/focus/overlays_v3/remaining_overlay_queue_after_skip.csv,remaining_overlay_queue_after_skip.csv,.csv,630,evidence,yes
repo,site_public/data/focus/overlays_v3/facility_overlay_status_cumulative.csv,facility_overlay_status_cumulative.csv,.csv,6828,evidence,yes
repo,site_public/data/focus/overlays_v3/remaining_overlay_queue.csv,remaining_overlay_queue.csv,.csv,6419,evidence,yes
repo,site_public/data/focus/overlays_v3/selected_candidate_overlays_cumulative.csv,selected_candidate_overlays_cumulative.csv,.csv,131525,evidence,yes
repo,site_public/data/focus/overlays_v3/candidate_monitoring_overlays.csv,candidate_monitoring_overlays.csv,.csv,1010,measurement,yes
repo,site_public/data/focus/overlays_v3/selected_candidate_overlays_needing_review.csv,selected_candidate_overlays_needing_review.csv,.csv,131525,evidence,yes
repo,site_public/data/focus/overlays_v3/incinerator_overlay_summary.json,incinerator_overlay_summary.json,.json,1104,evidence,yes
repo,site_public/data/focus/overlays_v3/selected_candidate_overlays_this_run.csv,selected_candidate_overlays_this_run.csv,.csv,470,evidence,yes
repo,site_public/data/focus/overlays_v3/overlay_discovery_errors.json,overlay_discovery_errors.json,.json,2,evidence,yes
repo,site_public/data/focus/overlays_v3/remaining_overlay_batch_queried.csv,remaining_overlay_batch_queried.csv,.csv,1666,evidence,yes
repo,site_public/data/focus/overlays_v3/candidate_monitoring_overlays_this_run.csv,candidate_monitoring_overlays_this_run.csv,.csv,1010,measurement,yes
repo,site_public/data/focus/overlays_v3/validated_defra_overlays.csv,validated_defra_overlays.csv,.csv,4524,evidence,yes
repo,site_public/data/focus/overlays_v3/facility_overlay_status.csv,facility_overlay_status.csv,.csv,6828,evidence,yes
repo,site_public/data/focus/overlays_v2/openaq_query_diagnostics.csv,openaq_query_diagnostics.csv,.csv,93919,diagnostic,yes
repo,site_public/data/focus/overlays_v2/remaining_overlay_queue.csv,remaining_overlay_queue.csv,.csv,6457,evidence,yes
repo,site_public/data/focus/overlays_v2/candidate_monitoring_overlays.csv,candidate_monitoring_overlays.csv,.csv,319501,measurement,yes
repo,site_public/data/focus/overlays_v2/selected_candidate_overlays_needing_review.csv,selected_candidate_overlays_needing_review.csv,.csv,38380,evidence,yes
repo,site_public/data/focus/overlays_v2/incinerator_overlay_summary.json,incinerator_overlay_summary.json,.json,513,evidence,yes
repo,site_public/data/focus/overlays_v2/overlay_discovery_errors.json,overlay_discovery_errors.json,.json,2,evidence,yes
repo,site_public/data/focus/overlays_v2/validated_defra_overlays.csv,validated_defra_overlays.csv,.csv,4524,evidence,yes
repo,site_public/data/focus/operational/chart_data.json,chart_data.json,.json,94,evidence,yes
repo,site_public/data/focus/operational/public_facility_overlay_status.csv,public_facility_overlay_status.csv,.csv,6883,evidence,yes
repo,site_public/data/focus/operational/build_summary.json,build_summary.json,.json,2062,evidence,yes
repo,site_public/data/focus/operational/public_overlay_summary.json,public_overlay_summary.json,.json,403,evidence,yes
repo,site_unredacted/data/moving_banners_status.json,moving_banners_status.json,.json,383,evidence,review_required
repo,site_unredacted/data/weekly/latest_alert_unredacted.json,latest_alert_unredacted.json,.json,2130,evidence,review_required
repo,site_unredacted/data/weekly/brand_asset_status.json,brand_asset_status.json,.json,288,evidence,review_required
repo,site_unredacted/data/weekly/backfill_status.json,backfill_status.json,.json,149,evidence,review_required
repo,site_unredacted/data/weekly/webm_banner_status.json,webm_banner_status.json,.json,564,evidence,review_required
repo,site_unredacted/data/weekly/weekly_alert_build_status.json,weekly_alert_build_status.json,.json,446,evidence,review_required
repo,site_unredacted/data/backfill/incinerators/facility_backfill_readiness_unredacted.csv,facility_backfill_readiness_unredacted.csv,.csv,3258,evidence,review_required
repo,site_unredacted/data/backfill/incinerators/openaq_live_probe_diagnostics.csv,openaq_live_probe_diagnostics.csv,.csv,5428,diagnostic,review_required
repo,site_unredacted/data/backfill/incinerators/focused_backfill_summary_unredacted.json,focused_backfill_summary_unredacted.json,.json,6533,evidence,review_required
repo,site_unredacted/data/review/UK_Incinerator_Overlay_Candidate_Review.csv,UK_Incinerator_Overlay_Candidate_Review.csv,.csv,8218,evidence,review_required
repo,site_unredacted/data/focus/webm_banner_status.json,webm_banner_status.json,.json,564,evidence,review_required
repo,outputs/10_historical_backfill/week_2024-07-22_2024-07-29/15_optional_sources/serpapi_raw/serpapi_Veolia_Newhaven_annual_monitoring_report_20260526T135749Z.json,serpapi_Veolia_Newhaven_annual_monitoring_report_20260526T135749Z.json,.json,46002,measurement,review_required
repo,outputs/10_historical_backfill/week_2024-07-22_2024-07-29/15_optional_sources/serpapi_raw/serpapi_Newhaven_Energy_Recovery_Facility_emissions_20260526T135749Z.json,serpapi_Newhaven_Energy_Recovery_Facility_emissions_20260526T135749Z.json,.json,41947,measurement,review_required
repo,outputs/10_historical_backfill/week_2024-07-22_2024-07-29/15_optional_sources/serpapi_raw/serpapi_BV8067IL_Newhaven_Environment_Agency_20260526T135749Z.json,serpapi_BV8067IL_Newhaven_Environment_Agency_20260526T135749Z.json,.json,27226,evidence,review_required
repo,outputs/10_historical_backfill/week_2024-07-22_2024-07-29/04_ground_aq_providers/raw/waqi_newhaven_incinerator_20260526T135749Z.json,waqi_newhaven_incinerator_20260526T135749Z.json,.json,1952,evidence,review_required
repo,outputs/10_historical_backfill/week_2024-07-22_2024-07-29/04_ground_aq_providers/raw/openweather_airpollution_newhaven_incinerator_20260526T135749Z.json,openweather_airpollution_newhaven_incinerator_20260526T135749Z.json,.json,189,evidence,review_required
repo,outputs/10_historical_backfill/week_2024-07-22_2024-07-29/04_ground_aq_providers/openaq_raw/openaq_locations_newhaven_incinerator_20260526T135749Z.json,openaq_locations_newhaven_incinerator_20260526T135749Z.json,.json,22006,diagnostic,review_required
repo,outputs/10_historical_backfill/week_2024-07-22_2024-07-29/06_official_filings/raw/watch_data.gov.uk_incinerator_search_20260526T135749Z.html,watch_data.gov.uk_incinerator_search_20260526T135749Z.html,.html,68132,evidence,review_required
repo,outputs/10_historical_backfill/week_2024-07-22_2024-07-29/06_official_filings/raw/GOV.UK_UK_PRTR_Newhaven_Veolia_waste_incineration_20260526T135749Z.json,GOV.UK_UK_PRTR_Newhaven_Veolia_waste_incineration_20260526T135749Z.json,.json,214395,evidence,review_required
repo,outputs/10_historical_backfill/week_2024-07-22_2024-07-29/06_official_filings/raw/GOV.UK_Environment_Agency_Newhaven_energy_recovery_facility_20260526T135749Z.json,GOV.UK_Environment_Agency_Newhaven_energy_recovery_facility_20260526T135749Z.json,.json,185792,evidence,review_required
repo,outputs/10_historical_backfill/week_2024-07-22_2024-07-29/06_official_filings/raw/data.gov.uk_Environment_Agency_Newhaven_energy_recovery_facility_20260526T135749Z.json,data.gov.uk_Environment_Agency_Newhaven_energy_recovery_facility_20260526T135749Z.json,.json,239491,evidence,review_required
repo,outputs/10_historical_backfill/week_2024-07-22_2024-07-29/06_official_filings/raw/data.gov.uk_Veolia_Newhaven_annual_monitoring_report_20260526T135749Z.json,data.gov.uk_Veolia_Newhaven_annual_monitoring_report_20260526T135749Z.json,.json,230,measurement,review_required
repo,outputs/10_historical_backfill/week_2024-07-22_2024-07-29/06_official_filings/raw/GOV.UK_BV8067IL_Newhaven_20260526T135749Z.json,GOV.UK_BV8067IL_Newhaven_20260526T135749Z.json,.json,152861,evidence,review_required
repo,outputs/10_historical_backfill/week_2024-07-22_2024-07-29/06_official_filings/raw/GOV.UK_Veolia_Newhaven_annual_monitoring_report_20260526T135749Z.json,GOV.UK_Veolia_Newhaven_annual_monitoring_report_20260526T135749Z.json,.json,170777,measurement,review_required
repo,outputs/10_historical_backfill/week_2024-07-22_2024-07-29/06_official_filings/raw/GOV.UK_Newhaven_Energy_Recovery_Facility_annual_monitoring_report_20260526T135749Z.json,GOV.UK_Newhaven_Energy_Recovery_Facility_annual_monitoring_report_20260526T135749Z.json,.json,166664,measurement,review_required
repo,outputs/10_historical_backfill/week_2024-07-22_2024-07-29/06_official_filings/raw/data.gov.uk_UK_PRTR_Newhaven_Veolia_waste_incineration_20260526T135749Z.json,data.gov.uk_UK_PRTR_Newhaven_Veolia_waste_incineration_20260526T135749Z.json,.json,230,evidence,review_required
repo,outputs/10_historical_backfill/week_2024-07-22_2024-07-29/06_official_filings/raw/data.gov.uk_incinerator_annual_monitoring_reporting_data.gov.uk_20260526T135749Z.json,data.gov.uk_incinerator_annual_monitoring_reporting_data.gov.uk_20260526T135749Z.json,.json,338600,measurement,review_required
repo,outputs/10_historical_backfill/week_2024-07-22_2024-07-29/06_official_filings/raw/data.gov.uk_BV8067IL_Newhaven_20260526T135749Z.json,data.gov.uk_BV8067IL_Newhaven_20260526T135749Z.json,.json,230,evidence,review_required
repo,outputs/10_historical_backfill/week_2024-07-22_2024-07-29/06_official_filings/raw/GOV.UK_incinerator_annual_monitoring_reporting_data.gov.uk_20260526T135749Z.json,GOV.UK_incinerator_annual_monitoring_reporting_data.gov.uk_20260526T135749Z.json,.json,181034,measurement,review_required
repo,outputs/10_historical_backfill/week_2024-07-22_2024-07-29/06_official_filings/raw/data.gov.uk_Newhaven_Energy_Recovery_Facility_annual_monitoring_report_20260526T135749Z.json,data.gov.uk_Newhaven_Energy_Recovery_Facility_annual_monitoring_report_20260526T135749Z.json,.json,230,measurement,review_required
repo,outputs/10_historical_backfill/week_2024-07-22_2024-07-29/05_weather/raw/openweather_current_newhaven_incinerator_20260526T135749Z.json,openweather_current_newhaven_incinerator_20260526T135749Z.json,.json,509,evidence,review_required
repo,outputs/10_historical_backfill/week_2024-07-22_2024-07-29/03_news_context/raw/gdelt_Newhaven_incinerator_emissions_20260526T135749Z.json,gdelt_Newhaven_incinerator_emissions_20260526T135749Z.json,.json,102,measurement,review_required
repo,outputs/10_historical_backfill/week_2024-07-22_2024-07-29/03_news_context/raw/gdelt_Newhaven_Energy_Recovery_Facility_Veolia_20260526T135749Z.json,gdelt_Newhaven_Energy_Recovery_Facility_Veolia_20260526T135749Z.json,.json,2,evidence,review_required
repo,outputs/10_historical_backfill/week_2024-10-07_2024-10-14/15_optional_sources/serpapi_raw/serpapi_BV8067IL_Newhaven_Environment_Agency_20260527T182937Z.json,serpapi_BV8067IL_Newhaven_Environment_Agency_20260527T182937Z.json,.json,26311,evidence,review_required
repo,outputs/10_historical_backfill/week_2024-10-07_2024-10-14/15_optional_sources/serpapi_raw/serpapi_Veolia_Newhaven_annual_monitoring_report_20260527T182937Z.json,serpapi_Veolia_Newhaven_annual_monitoring_report_20260527T182937Z.json,.json,45305,measurement,review_required
repo,outputs/10_historical_backfill/week_2024-10-07_2024-10-14/15_optional_sources/serpapi_raw/serpapi_Newhaven_Energy_Recovery_Facility_emissions_20260527T182937Z.json,serpapi_Newhaven_Energy_Recovery_Facility_emissions_20260527T182937Z.json,.json,22637,measurement,review_required
repo,outputs/10_historical_backfill/week_2024-10-07_2024-10-14/04_ground_aq_providers/raw/waqi_newhaven_incinerator_20260527T182937Z.json,waqi_newhaven_incinerator_20260527T182937Z.json,.json,1938,evidence,review_required
repo,outputs/10_historical_backfill/week_2024-10-07_2024-10-14/04_ground_aq_providers/raw/openweather_airpollution_newhaven_incinerator_20260527T182937Z.json,openweather_airpollution_newhaven_incinerator_20260527T182937Z.json,.json,188,evidence,review_required
repo,outputs/10_historical_backfill/week_2024-10-07_2024-10-14/04_ground_aq_providers/openaq_raw/openaq_locations_newhaven_incinerator_20260527T182937Z.json,openaq_locations_newhaven_incinerator_20260527T182937Z.json,.json,22004,diagnostic,review_required
repo,outputs/10_historical_backfill/week_2024-10-07_2024-10-14/06_official_filings/raw/GOV.UK_Veolia_Newhaven_annual_monitoring_report_20260527T182937Z.json,GOV.UK_Veolia_Newhaven_annual_monitoring_report_20260527T182937Z.json,.json,170784,measurement,review_required
repo,outputs/10_historical_backfill/week_2024-10-07_2024-10-14/06_official_filings/raw/GOV.UK_BV8067IL_Newhaven_20260527T182937Z.json,GOV.UK_BV8067IL_Newhaven_20260527T182937Z.json,.json,152870,evidence,review_required
repo,outputs/10_historical_backfill/week_2024-10-07_2024-10-14/06_official_filings/raw/data.gov.uk_BV8067IL_Newhaven_20260527T182937Z.json,data.gov.uk_BV8067IL_Newhaven_20260527T182937Z.json,.json,230,evidence,review_required
repo,outputs/10_historical_backfill/week_2024-10-07_2024-10-14/06_official_filings/raw/data.gov.uk_UK_PRTR_Newhaven_Veolia_waste_incineration_20260527T182937Z.json,data.gov.uk_UK_PRTR_Newhaven_Veolia_waste_incineration_20260527T182937Z.json,.json,230,evidence,review_required
repo,outputs/10_historical_backfill/week_2024-10-07_2024-10-14/06_official_filings/raw/data.gov.uk_incinerator_annual_monitoring_reporting_data.gov.uk_20260527T182937Z.json,data.gov.uk_incinerator_annual_monitoring_reporting_data.gov.uk_20260527T182937Z.json,.json,338600,measurement,review_required
repo,outputs/10_historical_backfill/week_2024-10-07_2024-10-14/06_official_filings/raw/data.gov.uk_Veolia_Newhaven_annual_monitoring_report_20260527T182937Z.json,data.gov.uk_Veolia_Newhaven_annual_monitoring_report_20260527T182937Z.json,.json,230,measurement,review_required
repo,outputs/10_historical_backfill/week_2024-10-07_2024-10-14/06_official_filings/raw/GOV.UK_Environment_Agency_Newhaven_energy_recovery_facility_20260527T182937Z.json,GOV.UK_Environment_Agency_Newhaven_energy_recovery_facility_20260527T182937Z.json,.json,185793,evidence,review_required
repo,outputs/10_historical_backfill/week_2024-10-07_2024-10-14/06_official_filings/raw/watch_data.gov.uk_incinerator_search_20260527T182937Z.html,watch_data.gov.uk_incinerator_search_20260527T182937Z.html,.html,68132,evidence,review_required
repo,outputs/10_historical_backfill/week_2024-10-07_2024-10-14/06_official_filings/raw/GOV.UK_Newhaven_Energy_Recovery_Facility_annual_monitoring_report_20260527T182937Z.json,GOV.UK_Newhaven_Energy_Recovery_Facility_annual_monitoring_report_20260527T182937Z.json,.json,165939,measurement,review_required
repo,outputs/10_historical_backfill/week_2024-10-07_2024-10-14/06_official_filings/raw/data.gov.uk_Environment_Agency_Newhaven_energy_recovery_facility_20260527T182937Z.json,data.gov.uk_Environment_Agency_Newhaven_energy_recovery_facility_20260527T182937Z.json,.json,239491,evidence,review_required
repo,outputs/10_historical_backfill/week_2024-10-07_2024-10-14/06_official_filings/raw/data.gov.uk_Newhaven_Energy_Recovery_Facility_annual_monitoring_report_20260527T182937Z.json,data.gov.uk_Newhaven_Energy_Recovery_Facility_annual_monitoring_report_20260527T182937Z.json,.json,230,measurement,review_required
repo,outputs/10_historical_backfill/week_2024-10-07_2024-10-14/06_official_filings/raw/GOV.UK_incinerator_annual_monitoring_reporting_data.gov.uk_20260527T182937Z.json,GOV.UK_incinerator_annual_monitoring_reporting_data.gov.uk_20260527T182937Z.json,.json,183873,measurement,review_required
repo,outputs/10_historical_backfill/week_2024-10-07_2024-10-14/06_official_filings/raw/GOV.UK_UK_PRTR_Newhaven_Veolia_waste_incineration_20260527T182937Z.json,GOV.UK_UK_PRTR_Newhaven_Veolia_waste_incineration_20260527T182937Z.json,.json,214353,evidence,review_required
repo,outputs/10_historical_backfill/week_2024-10-07_2024-10-14/05_weather/raw/openweather_current_newhaven_incinerator_20260527T182937Z.json,openweather_current_newhaven_incinerator_20260527T182937Z.json,.json,509,evidence,review_required
repo,outputs/10_historical_backfill/week_2024-10-07_2024-10-14/03_news_context/raw/gdelt_Newhaven_Energy_Recovery_Facility_Veolia_20260527T182937Z.json,gdelt_Newhaven_Energy_Recovery_Facility_Veolia_20260527T182937Z.json,.json,2,evidence,review_required
repo,outputs/10_historical_backfill/week_2024-10-07_2024-10-14/03_news_context/raw/gdelt_Newhaven_incinerator_emissions_20260527T182937Z.json,gdelt_Newhaven_incinerator_emissions_20260527T182937Z.json,.json,102,measurement,review_required
repo,outputs/10_historical_backfill/week_2024-09-16_2024-09-23/15_optional_sources/serpapi_raw/serpapi_Newhaven_Energy_Recovery_Facility_emissions_20260527T181729Z.json,serpapi_Newhaven_Energy_Recovery_Facility_emissions_20260527T181729Z.json,.json,22637,measurement,review_required
repo,outputs/10_historical_backfill/week_2024-09-16_2024-09-23/15_optional_sources/serpapi_raw/serpapi_BV8067IL_Newhaven_Environment_Agency_20260527T181729Z.json,serpapi_BV8067IL_Newhaven_Environment_Agency_20260527T181729Z.json,.json,26311,evidence,review_required
repo,outputs/10_historical_backfill/week_2024-09-16_2024-09-23/15_optional_sources/serpapi_raw/serpapi_Veolia_Newhaven_annual_monitoring_report_20260527T181729Z.json,serpapi_Veolia_Newhaven_annual_monitoring_report_20260527T181729Z.json,.json,45305,measurement,review_required
repo,outputs/10_historical_backfill/week_2024-09-16_2024-09-23/04_ground_aq_providers/raw/openweather_airpollution_newhaven_incinerator_20260527T181729Z.json,openweather_airpollution_newhaven_incinerator_20260527T181729Z.json,.json,189,evidence,review_required
repo,outputs/10_historical_backfill/week_2024-09-16_2024-09-23/04_ground_aq_providers/raw/waqi_newhaven_incinerator_20260527T181729Z.json,waqi_newhaven_incinerator_20260527T181729Z.json,.json,1938,evidence,review_required
repo,outputs/10_historical_backfill/week_2024-09-16_2024-09-23/04_ground_aq_providers/openaq_raw/openaq_locations_newhaven_incinerator_20260527T181729Z.json,openaq_locations_newhaven_incinerator_20260527T181729Z.json,.json,22006,diagnostic,review_required
repo,outputs/10_historical_backfill/week_2024-09-16_2024-09-23/06_official_filings/raw/data.gov.uk_UK_PRTR_Newhaven_Veolia_waste_incineration_20260527T181729Z.json,data.gov.uk_UK_PRTR_Newhaven_Veolia_waste_incineration_20260527T181729Z.json,.json,230,evidence,review_required
repo,outputs/10_historical_backfill/week_2024-09-16_2024-09-23/06_official_filings/raw/data.gov.uk_BV8067IL_Newhaven_20260527T181729Z.json,data.gov.uk_BV8067IL_Newhaven_20260527T181729Z.json,.json,230,evidence,review_required
repo,outputs/10_historical_backfill/week_2024-09-16_2024-09-23/06_official_filings/raw/data.gov.uk_Environment_Agency_Newhaven_energy_recovery_facility_20260527T181729Z.json,data.gov.uk_Environment_Agency_Newhaven_energy_recovery_facility_20260527T181729Z.json,.json,239491,evidence,review_required
repo,outputs/10_historical_backfill/week_2024-09-16_2024-09-23/06_official_filings/raw/data.gov.uk_incinerator_annual_monitoring_reporting_data.gov.uk_20260527T181729Z.json,data.gov.uk_incinerator_annual_monitoring_reporting_data.gov.uk_20260527T181729Z.json,.json,338600,measurement,review_required
repo,outputs/10_historical_backfill/week_2024-09-16_2024-09-23/06_official_filings/raw/GOV.UK_BV8067IL_Newhaven_20260527T181729Z.json,GOV.UK_BV8067IL_Newhaven_20260527T181729Z.json,.json,152870,evidence,review_required
repo,outputs/10_historical_backfill/week_2024-09-16_2024-09-23/06_official_filings/raw/GOV.UK_Veolia_Newhaven_annual_monitoring_report_20260527T181729Z.json,GOV.UK_Veolia_Newhaven_annual_monitoring_report_20260527T181729Z.json,.json,170784,measurement,review_required
repo,outputs/10_historical_backfill/week_2024-09-16_2024-09-23/06_official_filings/raw/data.gov.uk_Newhaven_Energy_Recovery_Facility_annual_monitoring_report_20260527T181729Z.json,data.gov.uk_Newhaven_Energy_Recovery_Facility_annual_monitoring_report_20260527T181729Z.json,.json,230,measurement,review_required
repo,outputs/10_historical_backfill/week_2024-09-16_2024-09-23/06_official_filings/raw/watch_data.gov.uk_incinerator_search_20260527T181729Z.html,watch_data.gov.uk_incinerator_search_20260527T181729Z.html,.html,68132,evidence,review_required
repo,outputs/10_historical_backfill/week_2024-09-16_2024-09-23/06_official_filings/raw/data.gov.uk_Veolia_Newhaven_annual_monitoring_report_20260527T181729Z.json,data.gov.uk_Veolia_Newhaven_annual_monitoring_report_20260527T181729Z.json,.json,230,measurement,review_required
repo,outputs/10_historical_backfill/week_2024-09-16_2024-09-23/06_official_filings/raw/GOV.UK_Environment_Agency_Newhaven_energy_recovery_facility_20260527T181729Z.json,GOV.UK_Environment_Agency_Newhaven_energy_recovery_facility_20260527T181729Z.json,.json,185793,evidence,review_required
repo,outputs/10_historical_backfill/week_2024-09-16_2024-09-23/06_official_filings/raw/GOV.UK_Newhaven_Energy_Recovery_Facility_annual_monitoring_report_20260527T181729Z.json,GOV.UK_Newhaven_Energy_Recovery_Facility_annual_monitoring_report_20260527T181729Z.json,.json,165939,measurement,review_required
repo,outputs/10_historical_backfill/week_2024-09-16_2024-09-23/06_official_filings/raw/GOV.UK_UK_PRTR_Newhaven_Veolia_waste_incineration_20260527T181729Z.json,GOV.UK_UK_PRTR_Newhaven_Veolia_waste_incineration_20260527T181729Z.json,.json,214353,evidence,review_required
repo,outputs/10_historical_backfill/week_2024-09-16_2024-09-23/06_official_filings/raw/GOV.UK_incinerator_annual_monitoring_reporting_data.gov.uk_20260527T181729Z.json,GOV.UK_incinerator_annual_monitoring_reporting_data.gov.uk_20260527T181729Z.json,.json,183873,measurement,review_required
repo,outputs/10_historical_backfill/week_2024-09-16_2024-09-23/05_weather/raw/openweather_current_newhaven_incinerator_20260527T181729Z.json,openweather_current_newhaven_incinerator_20260527T181729Z.json,.json,509,evidence,review_required
repo,outputs/10_historical_backfill/week_2024-09-16_2024-09-23/03_news_context/raw/gdelt_Newhaven_Energy_Recovery_Facility_Veolia_20260527T181729Z.json,gdelt_Newhaven_Energy_Recovery_Facility_Veolia_20260527T181729Z.json,.json,102,evidence,review_required
repo,outputs/10_historical_backfill/week_2024-09-16_2024-09-23/03_news_context/raw/gdelt_Newhaven_incinerator_emissions_20260527T181729Z.json,gdelt_Newhaven_incinerator_emissions_20260527T181729Z.json,.json,2,measurement,review_required
repo,outputs/10_historical_backfill/week_2024-09-30_2024-10-07/15_optional_sources/serpapi_raw/serpapi_Veolia_Newhaven_annual_monitoring_report_20260527T182512Z.json,serpapi_Veolia_Newhaven_annual_monitoring_report_20260527T182512Z.json,.json,45305,measurement,review_required
repo,outputs/10_historical_backfill/week_2024-09-30_2024-10-07/15_optional_sources/serpapi_raw/serpapi_Newhaven_Energy_Recovery_Facility_emissions_20260527T182512Z.json,serpapi_Newhaven_Energy_Recovery_Facility_emissions_20260527T182512Z.json,.json,22637,measurement,review_required
repo,outputs/10_historical_backfill/week_2024-09-30_2024-10-07/15_optional_sources/serpapi_raw/serpapi_BV8067IL_Newhaven_Environment_Agency_20260527T182512Z.json,serpapi_BV8067IL_Newhaven_Environment_Agency_20260527T182512Z.json,.json,26311,evidence,review_required
repo,outputs/10_historical_backfill/week_2024-09-30_2024-10-07/04_ground_aq_providers/raw/openweather_airpollution_newhaven_incinerator_20260527T182512Z.json,openweather_airpollution_newhaven_incinerator_20260527T182512Z.json,.json,189,evidence,review_required
repo,outputs/10_historical_backfill/week_2024-09-30_2024-10-07/04_ground_aq_providers/raw/waqi_newhaven_incinerator_20260527T182512Z.json,waqi_newhaven_incinerator_20260527T182512Z.json,.json,1938,evidence,review_required
repo,outputs/10_historical_backfill/week_2024-09-30_2024-10-07/04_ground_aq_providers/openaq_raw/openaq_locations_newhaven_incinerator_20260527T182512Z.json,openaq_locations_newhaven_incinerator_20260527T182512Z.json,.json,22004,diagnostic,review_required
repo,outputs/10_historical_backfill/week_2024-09-30_2024-10-07/06_official_filings/raw/GOV.UK_incinerator_annual_monitoring_reporting_data.gov.uk_20260527T182512Z.json,GOV.UK_incinerator_annual_monitoring_reporting_data.gov.uk_20260527T182512Z.json,.json,183873,measurement,review_required
repo,outputs/10_historical_backfill/week_2024-09-30_2024-10-07/06_official_filings/raw/data.gov.uk_Environment_Agency_Newhaven_energy_recovery_facility_20260527T182512Z.json,data.gov.uk_Environment_Agency_Newhaven_energy_recovery_facility_20260527T182512Z.json,.json,239491,evidence,review_required
repo,outputs/10_historical_backfill/week_2024-09-30_2024-10-07/06_official_filings/raw/data.gov.uk_incinerator_annual_monitoring_reporting_data.gov.uk_20260527T182512Z.json,data.gov.uk_incinerator_annual_monitoring_reporting_data.gov.uk_20260527T182512Z.json,.json,338600,measurement,review_required
repo,outputs/10_historical_backfill/week_2024-09-30_2024-10-07/06_official_filings/raw/watch_data.gov.uk_incinerator_search_20260527T182512Z.html,watch_data.gov.uk_incinerator_search_20260527T182512Z.html,.html,68132,evidence,review_required
repo,outputs/10_historical_backfill/week_2024-09-30_2024-10-07/06_official_filings/raw/GOV.UK_BV8067IL_Newhaven_20260527T182512Z.json,GOV.UK_BV8067IL_Newhaven_20260527T182512Z.json,.json,152870,evidence,review_required
repo,outputs/10_historical_backfill/week_2024-09-30_2024-10-07/06_official_filings/raw/data.gov.uk_Newhaven_Energy_Recovery_Facility_annual_monitoring_report_20260527T182512Z.json,data.gov.uk_Newhaven_Energy_Recovery_Facility_annual_monitoring_report_20260527T182512Z.json,.json,230,measurement,review_required
repo,outputs/10_historical_backfill/week_2024-09-30_2024-10-07/06_official_filings/raw/GOV.UK_Veolia_Newhaven_annual_monitoring_report_20260527T182512Z.json,GOV.UK_Veolia_Newhaven_annual_monitoring_report_20260527T182512Z.json,.json,170784,measurement,review_required
repo,outputs/10_historical_backfill/week_2024-09-30_2024-10-07/06_official_filings/raw/data.gov.uk_BV8067IL_Newhaven_20260527T182512Z.json,data.gov.uk_BV8067IL_Newhaven_20260527T182512Z.json,.json,230,evidence,review_required
repo,outputs/10_historical_backfill/week_2024-09-30_2024-10-07/06_official_filings/raw/GOV.UK_Environment_Agency_Newhaven_energy_recovery_facility_20260527T182512Z.json,GOV.UK_Environment_Agency_Newhaven_energy_recovery_facility_20260527T182512Z.json,.json,185793,evidence,review_required
repo,outputs/10_historical_backfill/week_2024-09-30_2024-10-07/06_official_filings/raw/data.gov.uk_UK_PRTR_Newhaven_Veolia_waste_incineration_20260527T182512Z.json,data.gov.uk_UK_PRTR_Newhaven_Veolia_waste_incineration_20260527T182512Z.json,.json,230,evidence,review_required
repo,outputs/10_historical_backfill/week_2024-09-30_2024-10-07/06_official_filings/raw/data.gov.uk_Veolia_Newhaven_annual_monitoring_report_20260527T182512Z.json,data.gov.uk_Veolia_Newhaven_annual_monitoring_report_20260527T182512Z.json,.json,230,measurement,review_required
repo,outputs/10_historical_backfill/week_2024-09-30_2024-10-07/06_official_filings/raw/GOV.UK_Newhaven_Energy_Recovery_Facility_annual_monitoring_report_20260527T182512Z.json,GOV.UK_Newhaven_Energy_Recovery_Facility_annual_monitoring_report_20260527T182512Z.json,.json,165939,measurement,review_required
repo,outputs/10_historical_backfill/week_2024-09-30_2024-10-07/06_official_filings/raw/GOV.UK_UK_PRTR_Newhaven_Veolia_waste_incineration_20260527T182512Z.json,GOV.UK_UK_PRTR_Newhaven_Veolia_waste_incineration_20260527T182512Z.json,.json,214353,evidence,review_required
repo,outputs/10_historical_backfill/week_2024-09-30_2024-10-07/05_weather/raw/openweather_current_newhaven_incinerator_20260527T182512Z.json,openweather_current_newhaven_incinerator_20260527T182512Z.json,.json,509,evidence,review_required
repo,outputs/10_historical_backfill/week_2024-09-30_2024-10-07/03_news_context/raw/gdelt_Newhaven_incinerator_emissions_20260527T182512Z.json,gdelt_Newhaven_incinerator_emissions_20260527T182512Z.json,.json,102,measurement,review_required
repo,outputs/10_historical_backfill/week_2024-09-30_2024-10-07/03_news_context/raw/gdelt_Newhaven_Energy_Recovery_Facility_Veolia_20260527T182512Z.json,gdelt_Newhaven_Energy_Recovery_Facility_Veolia_20260527T182512Z.json,.json,102,evidence,review_required
repo,outputs/10_historical_backfill/week_2024-10-21_2024-10-28/15_optional_sources/serpapi_raw/serpapi_BV8067IL_Newhaven_Environment_Agency_20260527T183706Z.json,serpapi_BV8067IL_Newhaven_Environment_Agency_20260527T183706Z.json,.json,26311,evidence,review_required
repo,outputs/10_historical_backfill/week_2024-10-21_2024-10-28/15_optional_sources/serpapi_raw/serpapi_Veolia_Newhaven_annual_monitoring_report_20260527T183706Z.json,serpapi_Veolia_Newhaven_annual_monitoring_report_20260527T183706Z.json,.json,45305,measurement,review_required
repo,outputs/10_historical_backfill/week_2024-10-21_2024-10-28/15_optional_sources/serpapi_raw/serpapi_Newhaven_Energy_Recovery_Facility_emissions_20260527T183706Z.json,serpapi_Newhaven_Energy_Recovery_Facility_emissions_20260527T183706Z.json,.json,22637,measurement,review_required
repo,outputs/10_historical_backfill/week_2024-10-21_2024-10-28/04_ground_aq_providers/raw/openweather_airpollution_newhaven_incinerator_20260527T183706Z.json,openweather_airpollution_newhaven_incinerator_20260527T183706Z.json,.json,188,evidence,review_required
repo,outputs/10_historical_backfill/week_2024-10-21_2024-10-28/04_ground_aq_providers/raw/waqi_newhaven_incinerator_20260527T183706Z.json,waqi_newhaven_incinerator_20260527T183706Z.json,.json,1938,evidence,review_required
repo,outputs/10_historical_backfill/week_2024-10-21_2024-10-28/04_ground_aq_providers/openaq_raw/openaq_locations_newhaven_incinerator_20260527T183706Z.json,openaq_locations_newhaven_incinerator_20260527T183706Z.json,.json,22004,diagnostic,review_required
repo,outputs/10_historical_backfill/week_2024-10-21_2024-10-28/06_official_filings/raw/GOV.UK_Veolia_Newhaven_annual_monitoring_report_20260527T183706Z.json,GOV.UK_Veolia_Newhaven_annual_monitoring_report_20260527T183706Z.json,.json,170784,measurement,review_required
repo,outputs/10_historical_backfill/week_2024-10-21_2024-10-28/06_official_filings/raw/GOV.UK_Environment_Agency_Newhaven_energy_recovery_facility_20260527T183706Z.json,GOV.UK_Environment_Agency_Newhaven_energy_recovery_facility_20260527T183706Z.json,.json,185793,evidence,review_required
repo,outputs/10_historical_backfill/week_2024-10-21_2024-10-28/06_official_filings/raw/GOV.UK_Newhaven_Energy_Recovery_Facility_annual_monitoring_report_20260527T183706Z.json,GOV.UK_Newhaven_Energy_Recovery_Facility_annual_monitoring_report_20260527T183706Z.json,.json,165939,measurement,review_required
repo,outputs/10_historical_backfill/week_2024-10-21_2024-10-28/06_official_filings/raw/GOV.UK_incinerator_annual_monitoring_reporting_data.gov.uk_20260527T183706Z.json,GOV.UK_incinerator_annual_monitoring_reporting_data.gov.uk_20260527T183706Z.json,.json,183873,measurement,review_required
repo,outputs/10_historical_backfill/week_2024-10-21_2024-10-28/06_official_filings/raw/data.gov.uk_incinerator_annual_monitoring_reporting_data.gov.uk_20260527T183706Z.json,data.gov.uk_incinerator_annual_monitoring_reporting_data.gov.uk_20260527T183706Z.json,.json,338600,measurement,review_required
repo,outputs/10_historical_backfill/week_2024-10-21_2024-10-28/06_official_filings/raw/data.gov.uk_BV8067IL_Newhaven_20260527T183706Z.json,data.gov.uk_BV8067IL_Newhaven_20260527T183706Z.json,.json,230,evidence,review_required
repo,outputs/10_historical_backfill/week_2024-10-21_2024-10-28/06_official_filings/raw/watch_data.gov.uk_incinerator_search_20260527T183706Z.html,watch_data.gov.uk_incinerator_search_20260527T183706Z.html,.html,68132,evidence,review_required
repo,outputs/10_historical_backfill/week_2024-10-21_2024-10-28/06_official_filings/raw/GOV.UK_BV8067IL_Newhaven_20260527T183706Z.json,GOV.UK_BV8067IL_Newhaven_20260527T183706Z.json,.json,152870,evidence,review_required
repo,outputs/10_historical_backfill/week_2024-10-21_2024-10-28/06_official_filings/raw/data.gov.uk_UK_PRTR_Newhaven_Veolia_waste_incineration_20260527T183706Z.json,data.gov.uk_UK_PRTR_Newhaven_Veolia_waste_incineration_20260527T183706Z.json,.json,230,evidence,review_required
repo,outputs/10_historical_backfill/week_2024-10-21_2024-10-28/06_official_filings/raw/GOV.UK_UK_PRTR_Newhaven_Veolia_waste_incineration_20260527T183706Z.json,GOV.UK_UK_PRTR_Newhaven_Veolia_waste_incineration_20260527T183706Z.json,.json,214353,evidence,review_required
repo,outputs/10_historical_backfill/week_2024-10-21_2024-10-28/06_official_filings/raw/data.gov.uk_Veolia_Newhaven_annual_monitoring_report_20260527T183706Z.json,data.gov.uk_Veolia_Newhaven_annual_monitoring_report_20260527T183706Z.json,.json,230,measurement,review_required
repo,outputs/10_historical_backfill/week_2024-10-21_2024-10-28/06_official_filings/raw/data.gov.uk_Environment_Agency_Newhaven_energy_recovery_facility_20260527T183706Z.json,data.gov.uk_Environment_Agency_Newhaven_energy_recovery_facility_20260527T183706Z.json,.json,239491,evidence,review_required
repo,outputs/10_historical_backfill/week_2024-10-21_2024-10-28/06_official_filings/raw/data.gov.uk_Newhaven_Energy_Recovery_Facility_annual_monitoring_report_20260527T183706Z.json,data.gov.uk_Newhaven_Energy_Recovery_Facility_annual_monitoring_report_20260527T183706Z.json,.json,230,measurement,review_required
repo,outputs/10_historical_backfill/week_2024-10-21_2024-10-28/05_weather/raw/openweather_current_newhaven_incinerator_20260527T183706Z.json,openweather_current_newhaven_incinerator_20260527T183706Z.json,.json,509,evidence,review_required
repo,outputs/10_historical_backfill/week_2024-10-21_2024-10-28/03_news_context/raw/gdelt_Newhaven_incinerator_emissions_20260527T183706Z.json,gdelt_Newhaven_incinerator_emissions_20260527T183706Z.json,.json,102,measurement,review_required
repo,outputs/10_historical_backfill/week_2024-10-21_2024-10-28/03_news_context/raw/gdelt_Newhaven_Energy_Recovery_Facility_Veolia_20260527T183706Z.json,gdelt_Newhaven_Energy_Recovery_Facility_Veolia_20260527T183706Z.json,.json,2,evidence,review_required
repo,outputs/10_historical_backfill/week_2024-07-29_2024-08-05/15_optional_sources/serpapi_raw/serpapi_Newhaven_Energy_Recovery_Facility_emissions_20260526T140041Z.json,serpapi_Newhaven_Energy_Recovery_Facility_emissions_20260526T140041Z.json,.json,41947,measurement,review_required
repo,outputs/10_historical_backfill/week_2024-07-29_2024-08-05/15_optional_sources/serpapi_raw/serpapi_Veolia_Newhaven_annual_monitoring_report_20260526T140041Z.json,serpapi_Veolia_Newhaven_annual_monitoring_report_20260526T140041Z.json,.json,46002,measurement,review_required
repo,outputs/10_historical_backfill/week_2024-07-29_2024-08-05/15_optional_sources/serpapi_raw/serpapi_BV8067IL_Newhaven_Environment_Agency_20260526T140041Z.json,serpapi_BV8067IL_Newhaven_Environment_Agency_20260526T140041Z.json,.json,27226,evidence,review_required
repo,outputs/10_historical_backfill/week_2024-07-29_2024-08-05/04_ground_aq_providers/raw/waqi_newhaven_incinerator_20260526T140041Z.json,waqi_newhaven_incinerator_20260526T140041Z.json,.json,1952,evidence,review_required
repo,outputs/10_historical_backfill/week_2024-07-29_2024-08-05/04_ground_aq_providers/raw/openweather_airpollution_newhaven_incinerator_20260526T140041Z.json,openweather_airpollution_newhaven_incinerator_20260526T140041Z.json,.json,189,evidence,review_required
repo,outputs/10_historical_backfill/week_2024-07-29_2024-08-05/04_ground_aq_providers/openaq_raw/openaq_locations_newhaven_incinerator_20260526T140041Z.json,openaq_locations_newhaven_incinerator_20260526T140041Z.json,.json,22006,diagnostic,review_required
repo,outputs/10_historical_backfill/week_2024-07-29_2024-08-05/06_official_filings/raw/data.gov.uk_Environment_Agency_Newhaven_energy_recovery_facility_20260526T140041Z.json,data.gov.uk_Environment_Agency_Newhaven_energy_recovery_facility_20260526T140041Z.json,.json,239491,evidence,review_required
repo,outputs/10_historical_backfill/week_2024-07-29_2024-08-05/06_official_filings/raw/GOV.UK_incinerator_annual_monitoring_reporting_data.gov.uk_20260526T140041Z.json,GOV.UK_incinerator_annual_monitoring_reporting_data.gov.uk_20260526T140041Z.json,.json,181034,measurement,review_required
repo,outputs/10_historical_backfill/week_2024-07-29_2024-08-05/06_official_filings/raw/GOV.UK_Veolia_Newhaven_annual_monitoring_report_20260526T140041Z.json,GOV.UK_Veolia_Newhaven_annual_monitoring_report_20260526T140041Z.json,.json,170777,measurement,review_required
repo,outputs/10_historical_backfill/week_2024-07-29_2024-08-05/06_official_filings/raw/GOV.UK_UK_PRTR_Newhaven_Veolia_waste_incineration_20260526T140041Z.json,GOV.UK_UK_PRTR_Newhaven_Veolia_waste_incineration_20260526T140041Z.json,.json,214395,evidence,review_required
repo,outputs/10_historical_backfill/week_2024-07-29_2024-08-05/06_official_filings/raw/watch_data.gov.uk_incinerator_search_20260526T140041Z.html,watch_data.gov.uk_incinerator_search_20260526T140041Z.html,.html,68132,evidence,review_required
repo,outputs/10_historical_backfill/week_2024-07-29_2024-08-05/06_official_filings/raw/data.gov.uk_incinerator_annual_monitoring_reporting_data.gov.uk_20260526T140041Z.json,data.gov.uk_incinerator_annual_monitoring_reporting_data.gov.uk_20260526T140041Z.json,.json,338600,measurement,review_required
repo,outputs/10_historical_backfill/week_2024-07-29_2024-08-05/06_official_filings/raw/GOV.UK_Newhaven_Energy_Recovery_Facility_annual_monitoring_report_20260526T140041Z.json,GOV.UK_Newhaven_Energy_Recovery_Facility_annual_monitoring_report_20260526T140041Z.json,.json,166664,measurement,review_required
repo,outputs/10_historical_backfill/week_2024-07-29_2024-08-05/06_official_filings/raw/GOV.UK_Environment_Agency_Newhaven_energy_recovery_facility_20260526T140041Z.json,GOV.UK_Environment_Agency_Newhaven_energy_recovery_facility_20260526T140041Z.json,.json,185792,evidence,review_required
repo,outputs/10_historical_backfill/week_2024-07-29_2024-08-05/06_official_filings/raw/GOV.UK_BV8067IL_Newhaven_20260526T140041Z.json,GOV.UK_BV8067IL_Newhaven_20260526T140041Z.json,.json,152861,evidence,review_required
repo,outputs/10_historical_backfill/week_2024-07-29_2024-08-05/06_official_filings/raw/data.gov.uk_UK_PRTR_Newhaven_Veolia_waste_incineration_20260526T140041Z.json,data.gov.uk_UK_PRTR_Newhaven_Veolia_waste_incineration_20260526T140041Z.json,.json,230,evidence,review_required
repo,outputs/10_historical_backfill/week_2024-07-29_2024-08-05/06_official_filings/raw/data.gov.uk_BV8067IL_Newhaven_20260526T140041Z.json,data.gov.uk_BV8067IL_Newhaven_20260526T140041Z.json,.json,230,evidence,review_required
repo,outputs/10_historical_backfill/week_2024-07-29_2024-08-05/06_official_filings/raw/data.gov.uk_Veolia_Newhaven_annual_monitoring_report_20260526T140041Z.json,data.gov.uk_Veolia_Newhaven_annual_monitoring_report_20260526T140041Z.json,.json,230,measurement,review_required
repo,outputs/10_historical_backfill/week_2024-07-29_2024-08-05/06_official_filings/raw/data.gov.uk_Newhaven_Energy_Recovery_Facility_annual_monitoring_report_20260526T140041Z.json,data.gov.uk_Newhaven_Energy_Recovery_Facility_annual_monitoring_report_20260526T140041Z.json,.json,230,measurement,review_required
repo,outputs/10_historical_backfill/week_2024-07-29_2024-08-05/05_weather/raw/openweather_current_newhaven_incinerator_20260526T140041Z.json,openweather_current_newhaven_incinerator_20260526T140041Z.json,.json,509,evidence,review_required
repo,outputs/10_historical_backfill/week_2024-07-29_2024-08-05/03_news_context/raw/gdelt_Newhaven_Energy_Recovery_Facility_Veolia_20260526T140041Z.json,gdelt_Newhaven_Energy_Recovery_Facility_Veolia_20260526T140041Z.json,.json,433,evidence,review_required
repo,outputs/10_historical_backfill/week_2024-07-29_2024-08-05/03_news_context/raw/gdelt_Newhaven_incinerator_emissions_20260526T140041Z.json,gdelt_Newhaven_incinerator_emissions_20260526T140041Z.json,.json,2,measurement,review_required
repo,outputs/10_historical_backfill/week_2024-08-05_2024-08-12/15_optional_sources/serpapi_raw/serpapi_Newhaven_Energy_Recovery_Facility_emissions_20260526T140318Z.json,serpapi_Newhaven_Energy_Recovery_Facility_emissions_20260526T140318Z.json,.json,41947,measurement,review_required
repo,outputs/10_historical_backfill/week_2024-08-05_2024-08-12/15_optional_sources/serpapi_raw/serpapi_Veolia_Newhaven_annual_monitoring_report_20260526T140318Z.json,serpapi_Veolia_Newhaven_annual_monitoring_report_20260526T140318Z.json,.json,46002,measurement,review_required
repo,outputs/10_historical_backfill/week_2024-08-05_2024-08-12/15_optional_sources/serpapi_raw/serpapi_BV8067IL_Newhaven_Environment_Agency_20260526T140318Z.json,serpapi_BV8067IL_Newhaven_Environment_Agency_20260526T140318Z.json,.json,27226,evidence,review_required
repo,outputs/10_historical_backfill/week_2024-08-05_2024-08-12/04_ground_aq_providers/raw/waqi_newhaven_incinerator_20260526T140318Z.json,waqi_newhaven_incinerator_20260526T140318Z.json,.json,1952,evidence,review_required
repo,outputs/10_historical_backfill/week_2024-08-05_2024-08-12/04_ground_aq_providers/raw/openweather_airpollution_newhaven_incinerator_20260526T140318Z.json,openweather_airpollution_newhaven_incinerator_20260526T140318Z.json,.json,189,evidence,review_required
repo,outputs/10_historical_backfill/week_2024-08-05_2024-08-12/04_ground_aq_providers/openaq_raw/openaq_locations_newhaven_incinerator_20260526T140318Z.json,openaq_locations_newhaven_incinerator_20260526T140318Z.json,.json,22006,diagnostic,review_required
repo,outputs/10_historical_backfill/week_2024-08-05_2024-08-12/06_official_filings/raw/GOV.UK_incinerator_annual_monitoring_reporting_data.gov.uk_20260526T140318Z.json,GOV.UK_incinerator_annual_monitoring_reporting_data.gov.uk_20260526T140318Z.json,.json,181034,measurement,review_required
repo,outputs/10_historical_backfill/week_2024-08-05_2024-08-12/06_official_filings/raw/data.gov.uk_UK_PRTR_Newhaven_Veolia_waste_incineration_20260526T140318Z.json,data.gov.uk_UK_PRTR_Newhaven_Veolia_waste_incineration_20260526T140318Z.json,.json,230,evidence,review_required
repo,outputs/10_historical_backfill/week_2024-08-05_2024-08-12/06_official_filings/raw/data.gov.uk_incinerator_annual_monitoring_reporting_data.gov.uk_20260526T140318Z.json,data.gov.uk_incinerator_annual_monitoring_reporting_data.gov.uk_20260526T140318Z.json,.json,338600,measurement,review_required
repo,outputs/10_historical_backfill/week_2024-08-05_2024-08-12/06_official_filings/raw/data.gov.uk_Veolia_Newhaven_annual_monitoring_report_20260526T140318Z.json,data.gov.uk_Veolia_Newhaven_annual_monitoring_report_20260526T140318Z.json,.json,230,measurement,review_required
repo,outputs/10_historical_backfill/week_2024-08-05_2024-08-12/06_official_filings/raw/GOV.UK_UK_PRTR_Newhaven_Veolia_waste_incineration_20260526T140318Z.json,GOV.UK_UK_PRTR_Newhaven_Veolia_waste_incineration_20260526T140318Z.json,.json,214395,evidence,review_required
repo,outputs/10_historical_backfill/week_2024-08-05_2024-08-12/06_official_filings/raw/watch_data.gov.uk_incinerator_search_20260526T140318Z.html,watch_data.gov.uk_incinerator_search_20260526T140318Z.html,.html,68132,evidence,review_required
repo,outputs/10_historical_backfill/week_2024-08-05_2024-08-12/06_official_filings/raw/GOV.UK_Environment_Agency_Newhaven_energy_recovery_facility_20260526T140318Z.json,GOV.UK_Environment_Agency_Newhaven_energy_recovery_facility_20260526T140318Z.json,.json,185792,evidence,review_required
repo,outputs/10_historical_backfill/week_2024-08-05_2024-08-12/06_official_filings/raw/data.gov.uk_Environment_Agency_Newhaven_energy_recovery_facility_20260526T140318Z.json,data.gov.uk_Environment_Agency_Newhaven_energy_recovery_facility_20260526T140318Z.json,.json,239491,evidence,review_required
repo,outputs/10_historical_backfill/week_2024-08-05_2024-08-12/06_official_filings/raw/GOV.UK_BV8067IL_Newhaven_20260526T140318Z.json,GOV.UK_BV8067IL_Newhaven_20260526T140318Z.json,.json,152861,evidence,review_required
repo,outputs/10_historical_backfill/week_2024-08-05_2024-08-12/06_official_filings/raw/GOV.UK_Veolia_Newhaven_annual_monitoring_report_20260526T140318Z.json,GOV.UK_Veolia_Newhaven_annual_monitoring_report_20260526T140318Z.json,.json,170777,measurement,review_required
repo,outputs/10_historical_backfill/week_2024-08-05_2024-08-12/06_official_filings/raw/data.gov.uk_BV8067IL_Newhaven_20260526T140318Z.json,data.gov.uk_BV8067IL_Newhaven_20260526T140318Z.json,.json,230,evidence,review_required
repo,outputs/10_historical_backfill/week_2024-08-05_2024-08-12/06_official_filings/raw/data.gov.uk_Newhaven_Energy_Recovery_Facility_annual_monitoring_report_20260526T140318Z.json,data.gov.uk_Newhaven_Energy_Recovery_Facility_annual_monitoring_report_20260526T140318Z.json,.json,230,measurement,review_required
repo,outputs/10_historical_backfill/week_2024-08-05_2024-08-12/06_official_filings/raw/GOV.UK_Newhaven_Energy_Recovery_Facility_annual_monitoring_report_20260526T140318Z.json,GOV.UK_Newhaven_Energy_Recovery_Facility_annual_monitoring_report_20260526T140318Z.json,.json,166664,measurement,review_required
repo,outputs/10_historical_backfill/week_2024-08-05_2024-08-12/05_weather/raw/openweather_current_newhaven_incinerator_20260526T140318Z.json,openweather_current_newhaven_incinerator_20260526T140318Z.json,.json,509,evidence,review_required
repo,outputs/10_historical_backfill/week_2024-08-05_2024-08-12/03_news_context/raw/gdelt_Newhaven_incinerator_emissions_20260526T140318Z.json,gdelt_Newhaven_incinerator_emissions_20260526T140318Z.json,.json,2,measurement,review_required
repo,outputs/10_historical_backfill/week_2024-08-05_2024-08-12/03_news_context/raw/gdelt_Newhaven_Energy_Recovery_Facility_Veolia_20260526T140318Z.json,gdelt_Newhaven_Energy_Recovery_Facility_Veolia_20260526T140318Z.json,.json,102,evidence,review_required
repo,outputs/10_historical_backfill/week_2024-08-26_2024-09-02/15_optional_sources/serpapi_raw/serpapi_Newhaven_Energy_Recovery_Facility_emissions_20260527T051629Z.json,serpapi_Newhaven_Energy_Recovery_Facility_emissions_20260527T051629Z.json,.json,29194,measurement,review_required
repo,outputs/10_historical_backfill/week_2024-08-26_2024-09-02/15_optional_sources/serpapi_raw/serpapi_Veolia_Newhaven_annual_monitoring_report_20260527T051629Z.json,serpapi_Veolia_Newhaven_annual_monitoring_report_20260527T051629Z.json,.json,44798,measurement,review_required
repo,outputs/10_historical_backfill/week_2024-08-26_2024-09-02/15_optional_sources/serpapi_raw/serpapi_BV8067IL_Newhaven_Environment_Agency_20260527T051629Z.json,serpapi_BV8067IL_Newhaven_Environment_Agency_20260527T051629Z.json,.json,27433,evidence,review_required
repo,outputs/10_historical_backfill/week_2024-08-26_2024-09-02/04_ground_aq_providers/raw/waqi_newhaven_incinerator_20260527T051629Z.json,waqi_newhaven_incinerator_20260527T051629Z.json,.json,1941,evidence,review_required
repo,outputs/10_historical_backfill/week_2024-08-26_2024-09-02/04_ground_aq_providers/raw/openweather_airpollution_newhaven_incinerator_20260527T051629Z.json,openweather_airpollution_newhaven_incinerator_20260527T051629Z.json,.json,186,evidence,review_required
repo,outputs/10_historical_backfill/week_2024-08-26_2024-09-02/04_ground_aq_providers/openaq_raw/openaq_locations_newhaven_incinerator_20260527T051629Z.json,openaq_locations_newhaven_incinerator_20260527T051629Z.json,.json,22004,diagnostic,review_required
repo,outputs/10_historical_backfill/week_2024-08-26_2024-09-02/06_official_filings/raw/GOV.UK_Environment_Agency_Newhaven_energy_recovery_facility_20260527T051629Z.json,GOV.UK_Environment_Agency_Newhaven_energy_recovery_facility_20260527T051629Z.json,.json,185794,evidence,review_required
repo,outputs/10_historical_backfill/week_2024-08-26_2024-09-02/06_official_filings/raw/GOV.UK_UK_PRTR_Newhaven_Veolia_waste_incineration_20260527T051629Z.json,GOV.UK_UK_PRTR_Newhaven_Veolia_waste_incineration_20260527T051629Z.json,.json,214399,evidence,review_required
repo,outputs/10_historical_backfill/week_2024-08-26_2024-09-02/06_official_filings/raw/data.gov.uk_UK_PRTR_Newhaven_Veolia_waste_incineration_20260527T051629Z.json,data.gov.uk_UK_PRTR_Newhaven_Veolia_waste_incineration_20260527T051629Z.json,.json,230,evidence,review_required
repo,outputs/10_historical_backfill/week_2024-08-26_2024-09-02/06_official_filings/raw/GOV.UK_BV8067IL_Newhaven_20260527T051629Z.json,GOV.UK_BV8067IL_Newhaven_20260527T051629Z.json,.json,152868,evidence,review_required
repo,outputs/10_historical_backfill/week_2024-08-26_2024-09-02/06_official_filings/raw/data.gov.uk_Environment_Agency_Newhaven_energy_recovery_facility_20260527T051629Z.json,data.gov.uk_Environment_Agency_Newhaven_energy_recovery_facility_20260527T051629Z.json,.json,239491,evidence,review_required
repo,outputs/10_historical_backfill/week_2024-08-26_2024-09-02/06_official_filings/raw/GOV.UK_Veolia_Newhaven_annual_monitoring_report_20260527T051629Z.json,GOV.UK_Veolia_Newhaven_annual_monitoring_report_20260527T051629Z.json,.json,170781,measurement,review_required
repo,outputs/10_historical_backfill/week_2024-08-26_2024-09-02/06_official_filings/raw/watch_data.gov.uk_incinerator_search_20260527T051629Z.html,watch_data.gov.uk_incinerator_search_20260527T051629Z.html,.html,68132,evidence,review_required
repo,outputs/10_historical_backfill/week_2024-08-26_2024-09-02/06_official_filings/raw/data.gov.uk_incinerator_annual_monitoring_reporting_data.gov.uk_20260527T051629Z.json,data.gov.uk_incinerator_annual_monitoring_reporting_data.gov.uk_20260527T051629Z.json,.json,338600,measurement,review_required
repo,outputs/10_historical_backfill/week_2024-08-26_2024-09-02/06_official_filings/raw/GOV.UK_incinerator_annual_monitoring_reporting_data.gov.uk_20260527T051629Z.json,GOV.UK_incinerator_annual_monitoring_reporting_data.gov.uk_20260527T051629Z.json,.json,181036,measurement,review_required
repo,outputs/10_historical_backfill/week_2024-08-26_2024-09-02/06_official_filings/raw/data.gov.uk_Veolia_Newhaven_annual_monitoring_report_20260527T051629Z.json,data.gov.uk_Veolia_Newhaven_annual_monitoring_report_20260527T051629Z.json,.json,230,measurement,review_required
repo,outputs/10_historical_backfill/week_2024-08-26_2024-09-02/06_official_filings/raw/data.gov.uk_BV8067IL_Newhaven_20260527T051629Z.json,data.gov.uk_BV8067IL_Newhaven_20260527T051629Z.json,.json,230,evidence,review_required
repo,outputs/10_historical_backfill/week_2024-08-26_2024-09-02/06_official_filings/raw/data.gov.uk_Newhaven_Energy_Recovery_Facility_annual_monitoring_report_20260527T051629Z.json,data.gov.uk_Newhaven_Energy_Recovery_Facility_annual_monitoring_report_20260527T051629Z.json,.json,230,measurement,review_required
repo,outputs/10_historical_backfill/week_2024-08-26_2024-09-02/06_official_filings/raw/GOV.UK_Newhaven_Energy_Recovery_Facility_annual_monitoring_report_20260527T051629Z.json,GOV.UK_Newhaven_Energy_Recovery_Facility_annual_monitoring_report_20260527T051629Z.json,.json,166662,measurement,review_required
repo,outputs/10_historical_backfill/week_2024-08-26_2024-09-02/05_weather/raw/openweather_current_newhaven_incinerator_20260527T051629Z.json,openweather_current_newhaven_incinerator_20260527T051629Z.json,.json,511,evidence,review_required
repo,outputs/10_historical_backfill/week_2024-08-26_2024-09-02/03_news_context/raw/gdelt_Newhaven_incinerator_emissions_20260527T051629Z.json,gdelt_Newhaven_incinerator_emissions_20260527T051629Z.json,.json,2,measurement,review_required
repo,outputs/10_historical_backfill/week_2024-08-26_2024-09-02/03_news_context/raw/gdelt_Newhaven_Energy_Recovery_Facility_Veolia_20260527T051629Z.json,gdelt_Newhaven_Energy_Recovery_Facility_Veolia_20260527T051629Z.json,.json,2,evidence,review_required
repo,outputs/10_historical_backfill/week_2024-09-09_2024-09-16/15_optional_sources/serpapi_raw/serpapi_Newhaven_Energy_Recovery_Facility_emissions_20260527T052419Z.json,serpapi_Newhaven_Energy_Recovery_Facility_emissions_20260527T052419Z.json,.json,29194,measurement,review_required
repo,outputs/10_historical_backfill/week_2024-09-09_2024-09-16/15_optional_sources/serpapi_raw/serpapi_Veolia_Newhaven_annual_monitoring_report_20260527T052419Z.json,serpapi_Veolia_Newhaven_annual_monitoring_report_20260527T052419Z.json,.json,44798,measurement,review_required
repo,outputs/10_historical_backfill/week_2024-09-09_2024-09-16/15_optional_sources/serpapi_raw/serpapi_BV8067IL_Newhaven_Environment_Agency_20260527T052419Z.json,serpapi_BV8067IL_Newhaven_Environment_Agency_20260527T052419Z.json,.json,27433,evidence,review_required
repo,outputs/10_historical_backfill/week_2024-09-09_2024-09-16/04_ground_aq_providers/raw/openweather_airpollution_newhaven_incinerator_20260527T052419Z.json,openweather_airpollution_newhaven_incinerator_20260527T052419Z.json,.json,186,evidence,review_required
repo,outputs/10_historical_backfill/week_2024-09-09_2024-09-16/04_ground_aq_providers/raw/waqi_newhaven_incinerator_20260527T052419Z.json,waqi_newhaven_incinerator_20260527T052419Z.json,.json,1941,evidence,review_required
repo,outputs/10_historical_backfill/week_2024-09-09_2024-09-16/04_ground_aq_providers/openaq_raw/openaq_locations_newhaven_incinerator_20260527T052419Z.json,openaq_locations_newhaven_incinerator_20260527T052419Z.json,.json,22004,diagnostic,review_required
repo,outputs/10_historical_backfill/week_2024-09-09_2024-09-16/06_official_filings/raw/GOV.UK_incinerator_annual_monitoring_reporting_data.gov.uk_20260527T052419Z.json,GOV.UK_incinerator_annual_monitoring_reporting_data.gov.uk_20260527T052419Z.json,.json,181036,measurement,review_required
repo,outputs/10_historical_backfill/week_2024-09-09_2024-09-16/06_official_filings/raw/GOV.UK_Veolia_Newhaven_annual_monitoring_report_20260527T052419Z.json,GOV.UK_Veolia_Newhaven_annual_monitoring_report_20260527T052419Z.json,.json,170781,measurement,review_required
repo,outputs/10_historical_backfill/week_2024-09-09_2024-09-16/06_official_filings/raw/watch_data.gov.uk_incinerator_search_20260527T052419Z.html,watch_data.gov.uk_incinerator_search_20260527T052419Z.html,.html,68132,evidence,review_required
repo,outputs/10_historical_backfill/week_2024-09-09_2024-09-16/06_official_filings/raw/data.gov.uk_incinerator_annual_monitoring_reporting_data.gov.uk_20260527T052419Z.json,data.gov.uk_incinerator_annual_monitoring_reporting_data.gov.uk_20260527T052419Z.json,.json,338600,measurement,review_required
repo,outputs/10_historical_backfill/week_2024-09-09_2024-09-16/06_official_filings/raw/GOV.UK_Environment_Agency_Newhaven_energy_recovery_facility_20260527T052419Z.json,GOV.UK_Environment_Agency_Newhaven_energy_recovery_facility_20260527T052419Z.json,.json,185794,evidence,review_required
repo,outputs/10_historical_backfill/week_2024-09-09_2024-09-16/06_official_filings/raw/data.gov.uk_Environment_Agency_Newhaven_energy_recovery_facility_20260527T052419Z.json,data.gov.uk_Environment_Agency_Newhaven_energy_recovery_facility_20260527T052419Z.json,.json,239491,evidence,review_required
repo,outputs/10_historical_backfill/week_2024-09-09_2024-09-16/06_official_filings/raw/GOV.UK_BV8067IL_Newhaven_20260527T052419Z.json,GOV.UK_BV8067IL_Newhaven_20260527T052419Z.json,.json,152868,evidence,review_required
repo,outputs/10_historical_backfill/week_2024-09-09_2024-09-16/06_official_filings/raw/GOV.UK_Newhaven_Energy_Recovery_Facility_annual_monitoring_report_20260527T052419Z.json,GOV.UK_Newhaven_Energy_Recovery_Facility_annual_monitoring_report_20260527T052419Z.json,.json,166662,measurement,review_required
repo,outputs/10_historical_backfill/week_2024-09-09_2024-09-16/06_official_filings/raw/data.gov.uk_BV8067IL_Newhaven_20260527T052419Z.json,data.gov.uk_BV8067IL_Newhaven_20260527T052419Z.json,.json,230,evidence,review_required
repo,outputs/10_historical_backfill/week_2024-09-09_2024-09-16/06_official_filings/raw/data.gov.uk_Veolia_Newhaven_annual_monitoring_report_20260527T052419Z.json,data.gov.uk_Veolia_Newhaven_annual_monitoring_report_20260527T052419Z.json,.json,230,measurement,review_required
repo,outputs/10_historical_backfill/week_2024-09-09_2024-09-16/06_official_filings/raw/GOV.UK_UK_PRTR_Newhaven_Veolia_waste_incineration_20260527T052419Z.json,GOV.UK_UK_PRTR_Newhaven_Veolia_waste_incineration_20260527T052419Z.json,.json,214399,evidence,review_required
repo,outputs/10_historical_backfill/week_2024-09-09_2024-09-16/06_official_filings/raw/data.gov.uk_UK_PRTR_Newhaven_Veolia_waste_incineration_20260527T052419Z.json,data.gov.uk_UK_PRTR_Newhaven_Veolia_waste_incineration_20260527T052419Z.json,.json,230,evidence,review_required
repo,outputs/10_historical_backfill/week_2024-09-09_2024-09-16/06_official_filings/raw/data.gov.uk_Newhaven_Energy_Recovery_Facility_annual_monitoring_report_20260527T052419Z.json,data.gov.uk_Newhaven_Energy_Recovery_Facility_annual_monitoring_report_20260527T052419Z.json,.json,230,measurement,review_required
repo,outputs/10_historical_backfill/week_2024-09-09_2024-09-16/05_weather/raw/openweather_current_newhaven_incinerator_20260527T052419Z.json,openweather_current_newhaven_incinerator_20260527T052419Z.json,.json,511,evidence,review_required
repo,outputs/10_historical_backfill/week_2024-09-09_2024-09-16/03_news_context/raw/gdelt_Newhaven_incinerator_emissions_20260527T052419Z.json,gdelt_Newhaven_incinerator_emissions_20260527T052419Z.json,.json,2,measurement,review_required
repo,outputs/10_historical_backfill/week_2024-09-09_2024-09-16/03_news_context/raw/gdelt_Newhaven_Energy_Recovery_Facility_Veolia_20260527T052419Z.json,gdelt_Newhaven_Energy_Recovery_Facility_Veolia_20260527T052419Z.json,.json,2,evidence,review_required
repo,outputs/10_historical_backfill/week_2024-08-12_2024-08-19/15_optional_sources/serpapi_raw/serpapi_Veolia_Newhaven_annual_monitoring_report_20260526T140525Z.json,serpapi_Veolia_Newhaven_annual_monitoring_report_20260526T140525Z.json,.json,46002,measurement,review_required
repo,outputs/10_historical_backfill/week_2024-08-12_2024-08-19/15_optional_sources/serpapi_raw/serpapi_Newhaven_Energy_Recovery_Facility_emissions_20260526T140525Z.json,serpapi_Newhaven_Energy_Recovery_Facility_emissions_20260526T140525Z.json,.json,41947,measurement,review_required
repo,outputs/10_historical_backfill/week_2024-08-12_2024-08-19/15_optional_sources/serpapi_raw/serpapi_BV8067IL_Newhaven_Environment_Agency_20260526T140525Z.json,serpapi_BV8067IL_Newhaven_Environment_Agency_20260526T140525Z.json,.json,27226,evidence,review_required
repo,outputs/10_historical_backfill/week_2024-08-12_2024-08-19/04_ground_aq_providers/raw/waqi_newhaven_incinerator_20260526T140525Z.json,waqi_newhaven_incinerator_20260526T140525Z.json,.json,1952,evidence,review_required
repo,outputs/10_historical_backfill/week_2024-08-12_2024-08-19/04_ground_aq_providers/raw/openweather_airpollution_newhaven_incinerator_20260526T140525Z.json,openweather_airpollution_newhaven_incinerator_20260526T140525Z.json,.json,189,evidence,review_required
repo,outputs/10_historical_backfill/week_2024-08-12_2024-08-19/04_ground_aq_providers/openaq_raw/openaq_locations_newhaven_incinerator_20260526T140525Z.json,openaq_locations_newhaven_incinerator_20260526T140525Z.json,.json,22006,diagnostic,review_required
repo,outputs/10_historical_backfill/week_2024-08-12_2024-08-19/06_official_filings/raw/GOV.UK_BV8067IL_Newhaven_20260526T140525Z.json,GOV.UK_BV8067IL_Newhaven_20260526T140525Z.json,.json,152869,evidence,review_required
repo,outputs/10_historical_backfill/week_2024-08-12_2024-08-19/06_official_filings/raw/data.gov.uk_BV8067IL_Newhaven_20260526T140525Z.json,data.gov.uk_BV8067IL_Newhaven_20260526T140525Z.json,.json,230,evidence,review_required
repo,outputs/10_historical_backfill/week_2024-08-12_2024-08-19/06_official_filings/raw/GOV.UK_incinerator_annual_monitoring_reporting_data.gov.uk_20260526T140525Z.json,GOV.UK_incinerator_annual_monitoring_reporting_data.gov.uk_20260526T140525Z.json,.json,181034,measurement,review_required
repo,outputs/10_historical_backfill/week_2024-08-12_2024-08-19/06_official_filings/raw/GOV.UK_Newhaven_Energy_Recovery_Facility_annual_monitoring_report_20260526T140525Z.json,GOV.UK_Newhaven_Energy_Recovery_Facility_annual_monitoring_report_20260526T140525Z.json,.json,166664,measurement,review_required
repo,outputs/10_historical_backfill/week_2024-08-12_2024-08-19/06_official_filings/raw/GOV.UK_UK_PRTR_Newhaven_Veolia_waste_incineration_20260526T140525Z.json,GOV.UK_UK_PRTR_Newhaven_Veolia_waste_incineration_20260526T140525Z.json,.json,214395,evidence,review_required
repo,outputs/10_historical_backfill/week_2024-08-12_2024-08-19/06_official_filings/raw/data.gov.uk_incinerator_annual_monitoring_reporting_data.gov.uk_20260526T140525Z.json,data.gov.uk_incinerator_annual_monitoring_reporting_data.gov.uk_20260526T140525Z.json,.json,338600,measurement,review_required
repo,outputs/10_historical_backfill/week_2024-08-12_2024-08-19/06_official_filings/raw/data.gov.uk_Veolia_Newhaven_annual_monitoring_report_20260526T140525Z.json,data.gov.uk_Veolia_Newhaven_annual_monitoring_report_20260526T140525Z.json,.json,230,measurement,review_required
repo,outputs/10_historical_backfill/week_2024-08-12_2024-08-19/06_official_filings/raw/data.gov.uk_Environment_Agency_Newhaven_energy_recovery_facility_20260526T140525Z.json,data.gov.uk_Environment_Agency_Newhaven_energy_recovery_facility_20260526T140525Z.json,.json,239491,evidence,review_required
repo,outputs/10_historical_backfill/week_2024-08-12_2024-08-19/06_official_filings/raw/data.gov.uk_UK_PRTR_Newhaven_Veolia_waste_incineration_20260526T140525Z.json,data.gov.uk_UK_PRTR_Newhaven_Veolia_waste_incineration_20260526T140525Z.json,.json,230,evidence,review_required
repo,outputs/10_historical_backfill/week_2024-08-12_2024-08-19/06_official_filings/raw/GOV.UK_Veolia_Newhaven_annual_monitoring_report_20260526T140525Z.json,GOV.UK_Veolia_Newhaven_annual_monitoring_report_20260526T140525Z.json,.json,170777,measurement,review_required
repo,outputs/10_historical_backfill/week_2024-08-12_2024-08-19/06_official_filings/raw/data.gov.uk_Newhaven_Energy_Recovery_Facility_annual_monitoring_report_20260526T140525Z.json,data.gov.uk_Newhaven_Energy_Recovery_Facility_annual_monitoring_report_20260526T140525Z.json,.json,230,measurement,review_required
repo,outputs/10_historical_backfill/week_2024-08-12_2024-08-19/06_official_filings/raw/watch_data.gov.uk_incinerator_search_20260526T140525Z.html,watch_data.gov.uk_incinerator_search_20260526T140525Z.html,.html,68132,evidence,review_required
repo,outputs/10_historical_backfill/week_2024-08-12_2024-08-19/06_official_filings/raw/GOV.UK_Environment_Agency_Newhaven_energy_recovery_facility_20260526T140525Z.json,GOV.UK_Environment_Agency_Newhaven_energy_recovery_facility_20260526T140525Z.json,.json,185792,evidence,review_required
repo,outputs/10_historical_backfill/week_2024-08-12_2024-08-19/05_weather/raw/openweather_current_newhaven_incinerator_20260526T140525Z.json,openweather_current_newhaven_incinerator_20260526T140525Z.json,.json,509,evidence,review_required
repo,outputs/10_historical_backfill/week_2024-08-12_2024-08-19/03_news_context/raw/gdelt_Newhaven_Energy_Recovery_Facility_Veolia_20260526T140525Z.json,gdelt_Newhaven_Energy_Recovery_Facility_Veolia_20260526T140525Z.json,.json,2,evidence,review_required
repo,outputs/10_historical_backfill/week_2024-08-12_2024-08-19/03_news_context/raw/gdelt_Newhaven_incinerator_emissions_20260526T140525Z.json,gdelt_Newhaven_incinerator_emissions_20260526T140525Z.json,.json,2,measurement,review_required
repo,outputs/10_historical_backfill/week_2024-10-14_2024-10-21/15_optional_sources/serpapi_raw/serpapi_Newhaven_Energy_Recovery_Facility_emissions_20260527T183325Z.json,serpapi_Newhaven_Energy_Recovery_Facility_emissions_20260527T183325Z.json,.json,22637,measurement,review_required
repo,outputs/10_historical_backfill/week_2024-10-14_2024-10-21/15_optional_sources/serpapi_raw/serpapi_BV8067IL_Newhaven_Environment_Agency_20260527T183325Z.json,serpapi_BV8067IL_Newhaven_Environment_Agency_20260527T183325Z.json,.json,26311,evidence,review_required
repo,outputs/10_historical_backfill/week_2024-10-14_2024-10-21/15_optional_sources/serpapi_raw/serpapi_Veolia_Newhaven_annual_monitoring_report_20260527T183325Z.json,serpapi_Veolia_Newhaven_annual_monitoring_report_20260527T183325Z.json,.json,45305,measurement,review_required
repo,outputs/10_historical_backfill/week_2024-10-14_2024-10-21/04_ground_aq_providers/raw/openweather_airpollution_newhaven_incinerator_20260527T183325Z.json,openweather_airpollution_newhaven_incinerator_20260527T183325Z.json,.json,188,evidence,review_required
repo,outputs/10_historical_backfill/week_2024-10-14_2024-10-21/04_ground_aq_providers/raw/waqi_newhaven_incinerator_20260527T183325Z.json,waqi_newhaven_incinerator_20260527T183325Z.json,.json,1938,evidence,review_required
repo,outputs/10_historical_backfill/week_2024-10-14_2024-10-21/04_ground_aq_providers/openaq_raw/openaq_locations_newhaven_incinerator_20260527T183325Z.json,openaq_locations_newhaven_incinerator_20260527T183325Z.json,.json,22004,diagnostic,review_required
repo,outputs/10_historical_backfill/week_2024-10-14_2024-10-21/06_official_filings/raw/GOV.UK_BV8067IL_Newhaven_20260527T183325Z.json,GOV.UK_BV8067IL_Newhaven_20260527T183325Z.json,.json,152870,evidence,review_required
repo,outputs/10_historical_backfill/week_2024-10-14_2024-10-21/06_official_filings/raw/data.gov.uk_incinerator_annual_monitoring_reporting_data.gov.uk_20260527T183325Z.json,data.gov.uk_incinerator_annual_monitoring_reporting_data.gov.uk_20260527T183325Z.json,.json,338600,measurement,review_required
repo,outputs/10_historical_backfill/week_2024-10-14_2024-10-21/06_official_filings/raw/data.gov.uk_Environment_Agency_Newhaven_energy_recovery_facility_20260527T183325Z.json,data.gov.uk_Environment_Agency_Newhaven_energy_recovery_facility_20260527T183325Z.json,.json,239491,evidence,review_required
repo,outputs/10_historical_backfill/week_2024-10-14_2024-10-21/06_official_filings/raw/GOV.UK_incinerator_annual_monitoring_reporting_data.gov.uk_20260527T183325Z.json,GOV.UK_incinerator_annual_monitoring_reporting_data.gov.uk_20260527T183325Z.json,.json,183873,measurement,review_required
repo,outputs/10_historical_backfill/week_2024-10-14_2024-10-21/06_official_filings/raw/data.gov.uk_Newhaven_Energy_Recovery_Facility_annual_monitoring_report_20260527T183325Z.json,data.gov.uk_Newhaven_Energy_Recovery_Facility_annual_monitoring_report_20260527T183325Z.json,.json,230,measurement,review_required
repo,outputs/10_historical_backfill/week_2024-10-14_2024-10-21/06_official_filings/raw/data.gov.uk_Veolia_Newhaven_annual_monitoring_report_20260527T183325Z.json,data.gov.uk_Veolia_Newhaven_annual_monitoring_report_20260527T183325Z.json,.json,230,measurement,review_required
repo,outputs/10_historical_backfill/week_2024-10-14_2024-10-21/06_official_filings/raw/GOV.UK_UK_PRTR_Newhaven_Veolia_waste_incineration_20260527T183325Z.json,GOV.UK_UK_PRTR_Newhaven_Veolia_waste_incineration_20260527T183325Z.json,.json,214353,evidence,review_required
repo,outputs/10_historical_backfill/week_2024-10-14_2024-10-21/06_official_filings/raw/data.gov.uk_UK_PRTR_Newhaven_Veolia_waste_incineration_20260527T183325Z.json,data.gov.uk_UK_PRTR_Newhaven_Veolia_waste_incineration_20260527T183325Z.json,.json,230,evidence,review_required
repo,outputs/10_historical_backfill/week_2024-10-14_2024-10-21/06_official_filings/raw/data.gov.uk_BV8067IL_Newhaven_20260527T183325Z.json,data.gov.uk_BV8067IL_Newhaven_20260527T183325Z.json,.json,230,evidence,review_required
repo,outputs/10_historical_backfill/week_2024-10-14_2024-10-21/06_official_filings/raw/GOV.UK_Newhaven_Energy_Recovery_Facility_annual_monitoring_report_20260527T183325Z.json,GOV.UK_Newhaven_Energy_Recovery_Facility_annual_monitoring_report_20260527T183325Z.json,.json,165939,measurement,review_required
repo,outputs/10_historical_backfill/week_2024-10-14_2024-10-21/06_official_filings/raw/watch_data.gov.uk_incinerator_search_20260527T183325Z.html,watch_data.gov.uk_incinerator_search_20260527T183325Z.html,.html,68132,evidence,review_required
repo,outputs/10_historical_backfill/week_2024-10-14_2024-10-21/06_official_filings/raw/GOV.UK_Veolia_Newhaven_annual_monitoring_report_20260527T183325Z.json,GOV.UK_Veolia_Newhaven_annual_monitoring_report_20260527T183325Z.json,.json,170784,measurement,review_required
repo,outputs/10_historical_backfill/week_2024-10-14_2024-10-21/06_official_filings/raw/GOV.UK_Environment_Agency_Newhaven_energy_recovery_facility_20260527T183325Z.json,GOV.UK_Environment_Agency_Newhaven_energy_recovery_facility_20260527T183325Z.json,.json,185793,evidence,review_required
repo,outputs/10_historical_backfill/week_2024-10-14_2024-10-21/05_weather/raw/openweather_current_newhaven_incinerator_20260527T183325Z.json,openweather_current_newhaven_incinerator_20260527T183325Z.json,.json,509,evidence,review_required
repo,outputs/10_historical_backfill/week_2024-10-14_2024-10-21/03_news_context/raw/gdelt_Newhaven_incinerator_emissions_20260527T183325Z.json,gdelt_Newhaven_incinerator_emissions_20260527T183325Z.json,.json,2,measurement,review_required
repo,outputs/10_historical_backfill/week_2024-10-14_2024-10-21/03_news_context/raw/gdelt_Newhaven_Energy_Recovery_Facility_Veolia_20260527T183325Z.json,gdelt_Newhaven_Energy_Recovery_Facility_Veolia_20260527T183325Z.json,.json,102,evidence,review_required
repo,outputs/10_historical_backfill/week_2024-09-02_2024-09-09/15_optional_sources/serpapi_raw/serpapi_BV8067IL_Newhaven_Environment_Agency_20260527T052021Z.json,serpapi_BV8067IL_Newhaven_Environment_Agency_20260527T052021Z.json,.json,27433,evidence,review_required
repo,outputs/10_historical_backfill/week_2024-09-02_2024-09-09/15_optional_sources/serpapi_raw/serpapi_Veolia_Newhaven_annual_monitoring_report_20260527T052021Z.json,serpapi_Veolia_Newhaven_annual_monitoring_report_20260527T052021Z.json,.json,44798,measurement,review_required
repo,outputs/10_historical_backfill/week_2024-09-02_2024-09-09/15_optional_sources/serpapi_raw/serpapi_Newhaven_Energy_Recovery_Facility_emissions_20260527T052021Z.json,serpapi_Newhaven_Energy_Recovery_Facility_emissions_20260527T052021Z.json,.json,29194,measurement,review_required
repo,outputs/10_historical_backfill/week_2024-09-02_2024-09-09/04_ground_aq_providers/raw/openweather_airpollution_newhaven_incinerator_20260527T052021Z.json,openweather_airpollution_newhaven_incinerator_20260527T052021Z.json,.json,186,evidence,review_required
repo,outputs/10_historical_backfill/week_2024-09-02_2024-09-09/04_ground_aq_providers/raw/waqi_newhaven_incinerator_20260527T052021Z.json,waqi_newhaven_incinerator_20260527T052021Z.json,.json,1941,evidence,review_required
repo,outputs/10_historical_backfill/week_2024-09-02_2024-09-09/04_ground_aq_providers/openaq_raw/openaq_locations_newhaven_incinerator_20260527T052021Z.json,openaq_locations_newhaven_incinerator_20260527T052021Z.json,.json,22004,diagnostic,review_required
repo,outputs/10_historical_backfill/week_2024-09-02_2024-09-09/06_official_filings/raw/GOV.UK_Veolia_Newhaven_annual_monitoring_report_20260527T052021Z.json,GOV.UK_Veolia_Newhaven_annual_monitoring_report_20260527T052021Z.json,.json,170781,measurement,review_required
repo,outputs/10_historical_backfill/week_2024-09-02_2024-09-09/06_official_filings/raw/data.gov.uk_BV8067IL_Newhaven_20260527T052021Z.json,data.gov.uk_BV8067IL_Newhaven_20260527T052021Z.json,.json,230,evidence,review_required
repo,outputs/10_historical_backfill/week_2024-09-02_2024-09-09/06_official_filings/raw/watch_data.gov.uk_incinerator_search_20260527T052021Z.html,watch_data.gov.uk_incinerator_search_20260527T052021Z.html,.html,68132,evidence,review_required
repo,outputs/10_historical_backfill/week_2024-09-02_2024-09-09/06_official_filings/raw/GOV.UK_Environment_Agency_Newhaven_energy_recovery_facility_20260527T052021Z.json,GOV.UK_Environment_Agency_Newhaven_energy_recovery_facility_20260527T052021Z.json,.json,185794,evidence,review_required
repo,outputs/10_historical_backfill/week_2024-09-02_2024-09-09/06_official_filings/raw/GOV.UK_UK_PRTR_Newhaven_Veolia_waste_incineration_20260527T052021Z.json,GOV.UK_UK_PRTR_Newhaven_Veolia_waste_incineration_20260527T052021Z.json,.json,214399,evidence,review_required
repo,outputs/10_historical_backfill/week_2024-09-02_2024-09-09/06_official_filings/raw/data.gov.uk_UK_PRTR_Newhaven_Veolia_waste_incineration_20260527T052021Z.json,data.gov.uk_UK_PRTR_Newhaven_Veolia_waste_incineration_20260527T052021Z.json,.json,230,evidence,review_required
repo,outputs/10_historical_backfill/week_2024-09-02_2024-09-09/06_official_filings/raw/data.gov.uk_Veolia_Newhaven_annual_monitoring_report_20260527T052021Z.json,data.gov.uk_Veolia_Newhaven_annual_monitoring_report_20260527T052021Z.json,.json,230,measurement,review_required
repo,outputs/10_historical_backfill/week_2024-09-02_2024-09-09/06_official_filings/raw/data.gov.uk_Environment_Agency_Newhaven_energy_recovery_facility_20260527T052021Z.json,data.gov.uk_Environment_Agency_Newhaven_energy_recovery_facility_20260527T052021Z.json,.json,239491,evidence,review_required
repo,outputs/10_historical_backfill/week_2024-09-02_2024-09-09/06_official_filings/raw/GOV.UK_incinerator_annual_monitoring_reporting_data.gov.uk_20260527T052021Z.json,GOV.UK_incinerator_annual_monitoring_reporting_data.gov.uk_20260527T052021Z.json,.json,181036,measurement,review_required
repo,outputs/10_historical_backfill/week_2024-09-02_2024-09-09/06_official_filings/raw/data.gov.uk_Newhaven_Energy_Recovery_Facility_annual_monitoring_report_20260527T052021Z.json,data.gov.uk_Newhaven_Energy_Recovery_Facility_annual_monitoring_report_20260527T052021Z.json,.json,230,measurement,review_required
repo,outputs/10_historical_backfill/week_2024-09-02_2024-09-09/06_official_filings/raw/GOV.UK_Newhaven_Energy_Recovery_Facility_annual_monitoring_report_20260527T052021Z.json,GOV.UK_Newhaven_Energy_Recovery_Facility_annual_monitoring_report_20260527T052021Z.json,.json,166662,measurement,review_required
repo,outputs/10_historical_backfill/week_2024-09-02_2024-09-09/06_official_filings/raw/data.gov.uk_incinerator_annual_monitoring_reporting_data.gov.uk_20260527T052021Z.json,data.gov.uk_incinerator_annual_monitoring_reporting_data.gov.uk_20260527T052021Z.json,.json,338600,measurement,review_required
repo,outputs/10_historical_backfill/week_2024-09-02_2024-09-09/06_official_filings/raw/GOV.UK_BV8067IL_Newhaven_20260527T052021Z.json,GOV.UK_BV8067IL_Newhaven_20260527T052021Z.json,.json,152868,evidence,review_required
repo,outputs/10_historical_backfill/week_2024-09-02_2024-09-09/05_weather/raw/openweather_current_newhaven_incinerator_20260527T052021Z.json,openweather_current_newhaven_incinerator_20260527T052021Z.json,.json,511,evidence,review_required
repo,outputs/10_historical_backfill/week_2024-09-02_2024-09-09/03_news_context/raw/gdelt_Newhaven_Energy_Recovery_Facility_Veolia_20260527T052021Z.json,gdelt_Newhaven_Energy_Recovery_Facility_Veolia_20260527T052021Z.json,.json,2,evidence,review_required
repo,outputs/10_historical_backfill/week_2024-09-02_2024-09-09/03_news_context/raw/gdelt_Newhaven_incinerator_emissions_20260527T052021Z.json,gdelt_Newhaven_incinerator_emissions_20260527T052021Z.json,.json,2,measurement,review_required
repo,outputs/10_historical_backfill/week_2024-10-28_2024-11-04/15_optional_sources/serpapi_raw/serpapi_Newhaven_Energy_Recovery_Facility_emissions_20260527T184054Z.json,serpapi_Newhaven_Energy_Recovery_Facility_emissions_20260527T184054Z.json,.json,22637,measurement,review_required
repo,outputs/10_historical_backfill/week_2024-10-28_2024-11-04/15_optional_sources/serpapi_raw/serpapi_Veolia_Newhaven_annual_monitoring_report_20260527T184054Z.json,serpapi_Veolia_Newhaven_annual_monitoring_report_20260527T184054Z.json,.json,45305,measurement,review_required
repo,outputs/10_historical_backfill/week_2024-10-28_2024-11-04/15_optional_sources/serpapi_raw/serpapi_BV8067IL_Newhaven_Environment_Agency_20260527T184054Z.json,serpapi_BV8067IL_Newhaven_Environment_Agency_20260527T184054Z.json,.json,26311,evidence,review_required
repo,outputs/10_historical_backfill/week_2024-10-28_2024-11-04/04_ground_aq_providers/raw/openweather_airpollution_newhaven_incinerator_20260527T184054Z.json,openweather_airpollution_newhaven_incinerator_20260527T184054Z.json,.json,188,evidence,review_required
repo,outputs/10_historical_backfill/week_2024-10-28_2024-11-04/04_ground_aq_providers/raw/waqi_newhaven_incinerator_20260527T184054Z.json,waqi_newhaven_incinerator_20260527T184054Z.json,.json,1938,evidence,review_required
repo,outputs/10_historical_backfill/week_2024-10-28_2024-11-04/04_ground_aq_providers/openaq_raw/openaq_locations_newhaven_incinerator_20260527T184054Z.json,openaq_locations_newhaven_incinerator_20260527T184054Z.json,.json,22004,diagnostic,review_required
repo,outputs/10_historical_backfill/week_2024-10-28_2024-11-04/06_official_filings/raw/watch_data.gov.uk_incinerator_search_20260527T184054Z.html,watch_data.gov.uk_incinerator_search_20260527T184054Z.html,.html,68132,evidence,review_required
repo,outputs/10_historical_backfill/week_2024-10-28_2024-11-04/06_official_filings/raw/data.gov.uk_Veolia_Newhaven_annual_monitoring_report_20260527T184054Z.json,data.gov.uk_Veolia_Newhaven_annual_monitoring_report_20260527T184054Z.json,.json,230,measurement,review_required
repo,outputs/10_historical_backfill/week_2024-10-28_2024-11-04/06_official_filings/raw/GOV.UK_incinerator_annual_monitoring_reporting_data.gov.uk_20260527T184054Z.json,GOV.UK_incinerator_annual_monitoring_reporting_data.gov.uk_20260527T184054Z.json,.json,183873,measurement,review_required
repo,outputs/10_historical_backfill/week_2024-10-28_2024-11-04/06_official_filings/raw/GOV.UK_Environment_Agency_Newhaven_energy_recovery_facility_20260527T184054Z.json,GOV.UK_Environment_Agency_Newhaven_energy_recovery_facility_20260527T184054Z.json,.json,185793,evidence,review_required
repo,outputs/10_historical_backfill/week_2024-10-28_2024-11-04/06_official_filings/raw/GOV.UK_BV8067IL_Newhaven_20260527T184054Z.json,GOV.UK_BV8067IL_Newhaven_20260527T184054Z.json,.json,152870,evidence,review_required
repo,outputs/10_historical_backfill/week_2024-10-28_2024-11-04/06_official_filings/raw/GOV.UK_UK_PRTR_Newhaven_Veolia_waste_incineration_20260527T184054Z.json,GOV.UK_UK_PRTR_Newhaven_Veolia_waste_incineration_20260527T184054Z.json,.json,214353,evidence,review_required
repo,outputs/10_historical_backfill/week_2024-10-28_2024-11-04/06_official_filings/raw/GOV.UK_Veolia_Newhaven_annual_monitoring_report_20260527T184054Z.json,GOV.UK_Veolia_Newhaven_annual_monitoring_report_20260527T184054Z.json,.json,170784,measurement,review_required
repo,outputs/10_historical_backfill/week_2024-10-28_2024-11-04/06_official_filings/raw/data.gov.uk_Newhaven_Energy_Recovery_Facility_annual_monitoring_report_20260527T184054Z.json,data.gov.uk_Newhaven_Energy_Recovery_Facility_annual_monitoring_report_20260527T184054Z.json,.json,230,measurement,review_required
repo,outputs/10_historical_backfill/week_2024-10-28_2024-11-04/06_official_filings/raw/data.gov.uk_incinerator_annual_monitoring_reporting_data.gov.uk_20260527T184054Z.json,data.gov.uk_incinerator_annual_monitoring_reporting_data.gov.uk_20260527T184054Z.json,.json,338600,measurement,review_required
repo,outputs/10_historical_backfill/week_2024-10-28_2024-11-04/06_official_filings/raw/data.gov.uk_Environment_Agency_Newhaven_energy_recovery_facility_20260527T184054Z.json,data.gov.uk_Environment_Agency_Newhaven_energy_recovery_facility_20260527T184054Z.json,.json,239491,evidence,review_required
repo,outputs/10_historical_backfill/week_2024-10-28_2024-11-04/06_official_filings/raw/data.gov.uk_UK_PRTR_Newhaven_Veolia_waste_incineration_20260527T184054Z.json,data.gov.uk_UK_PRTR_Newhaven_Veolia_waste_incineration_20260527T184054Z.json,.json,230,evidence,review_required
repo,outputs/10_historical_backfill/week_2024-10-28_2024-11-04/06_official_filings/raw/data.gov.uk_BV8067IL_Newhaven_20260527T184054Z.json,data.gov.uk_BV8067IL_Newhaven_20260527T184054Z.json,.json,230,evidence,review_required
repo,outputs/10_historical_backfill/week_2024-10-28_2024-11-04/06_official_filings/raw/GOV.UK_Newhaven_Energy_Recovery_Facility_annual_monitoring_report_20260527T184054Z.json,GOV.UK_Newhaven_Energy_Recovery_Facility_annual_monitoring_report_20260527T184054Z.json,.json,165939,measurement,review_required
repo,outputs/10_historical_backfill/week_2024-10-28_2024-11-04/05_weather/raw/openweather_current_newhaven_incinerator_20260527T184054Z.json,openweather_current_newhaven_incinerator_20260527T184054Z.json,.json,509,evidence,review_required
repo,outputs/10_historical_backfill/week_2024-10-28_2024-11-04/03_news_context/raw/gdelt_Newhaven_Energy_Recovery_Facility_Veolia_20260527T184054Z.json,gdelt_Newhaven_Energy_Recovery_Facility_Veolia_20260527T184054Z.json,.json,2,evidence,review_required
repo,outputs/10_historical_backfill/week_2024-10-28_2024-11-04/03_news_context/raw/gdelt_Newhaven_incinerator_emissions_20260527T184054Z.json,gdelt_Newhaven_incinerator_emissions_20260527T184054Z.json,.json,2,measurement,review_required
repo,outputs/10_historical_backfill/week_2024-09-23_2024-09-30/15_optional_sources/serpapi_raw/serpapi_Veolia_Newhaven_annual_monitoring_report_20260527T182145Z.json,serpapi_Veolia_Newhaven_annual_monitoring_report_20260527T182145Z.json,.json,45305,measurement,review_required
repo,outputs/10_historical_backfill/week_2024-09-23_2024-09-30/15_optional_sources/serpapi_raw/serpapi_Newhaven_Energy_Recovery_Facility_emissions_20260527T182145Z.json,serpapi_Newhaven_Energy_Recovery_Facility_emissions_20260527T182145Z.json,.json,22637,measurement,review_required
repo,outputs/10_historical_backfill/week_2024-09-23_2024-09-30/15_optional_sources/serpapi_raw/serpapi_BV8067IL_Newhaven_Environment_Agency_20260527T182145Z.json,serpapi_BV8067IL_Newhaven_Environment_Agency_20260527T182145Z.json,.json,26311,evidence,review_required
repo,outputs/10_historical_backfill/week_2024-09-23_2024-09-30/04_ground_aq_providers/raw/waqi_newhaven_incinerator_20260527T182145Z.json,waqi_newhaven_incinerator_20260527T182145Z.json,.json,1938,evidence,review_required
repo,outputs/10_historical_backfill/week_2024-09-23_2024-09-30/04_ground_aq_providers/raw/openweather_airpollution_newhaven_incinerator_20260527T182145Z.json,openweather_airpollution_newhaven_incinerator_20260527T182145Z.json,.json,189,evidence,review_required
repo,outputs/10_historical_backfill/week_2024-09-23_2024-09-30/04_ground_aq_providers/openaq_raw/openaq_locations_newhaven_incinerator_20260527T182145Z.json,openaq_locations_newhaven_incinerator_20260527T182145Z.json,.json,22004,diagnostic,review_required
repo,outputs/10_historical_backfill/week_2024-09-23_2024-09-30/06_official_filings/raw/GOV.UK_Veolia_Newhaven_annual_monitoring_report_20260527T182145Z.json,GOV.UK_Veolia_Newhaven_annual_monitoring_report_20260527T182145Z.json,.json,170784,measurement,review_required
repo,outputs/10_historical_backfill/week_2024-09-23_2024-09-30/06_official_filings/raw/data.gov.uk_Environment_Agency_Newhaven_energy_recovery_facility_20260527T182145Z.json,data.gov.uk_Environment_Agency_Newhaven_energy_recovery_facility_20260527T182145Z.json,.json,239491,evidence,review_required
repo,outputs/10_historical_backfill/week_2024-09-23_2024-09-30/06_official_filings/raw/GOV.UK_UK_PRTR_Newhaven_Veolia_waste_incineration_20260527T182145Z.json,GOV.UK_UK_PRTR_Newhaven_Veolia_waste_incineration_20260527T182145Z.json,.json,214353,evidence,review_required
repo,outputs/10_historical_backfill/week_2024-09-23_2024-09-30/06_official_filings/raw/data.gov.uk_BV8067IL_Newhaven_20260527T182145Z.json,data.gov.uk_BV8067IL_Newhaven_20260527T182145Z.json,.json,230,evidence,review_required
repo,outputs/10_historical_backfill/week_2024-09-23_2024-09-30/06_official_filings/raw/GOV.UK_BV8067IL_Newhaven_20260527T182145Z.json,GOV.UK_BV8067IL_Newhaven_20260527T182145Z.json,.json,152870,evidence,review_required
repo,outputs/10_historical_backfill/week_2024-09-23_2024-09-30/06_official_filings/raw/GOV.UK_incinerator_annual_monitoring_reporting_data.gov.uk_20260527T182145Z.json,GOV.UK_incinerator_annual_monitoring_reporting_data.gov.uk_20260527T182145Z.json,.json,183873,measurement,review_required
repo,outputs/10_historical_backfill/week_2024-09-23_2024-09-30/06_official_filings/raw/data.gov.uk_Newhaven_Energy_Recovery_Facility_annual_monitoring_report_20260527T182145Z.json,data.gov.uk_Newhaven_Energy_Recovery_Facility_annual_monitoring_report_20260527T182145Z.json,.json,230,measurement,review_required
repo,outputs/10_historical_backfill/week_2024-09-23_2024-09-30/06_official_filings/raw/GOV.UK_Environment_Agency_Newhaven_energy_recovery_facility_20260527T182145Z.json,GOV.UK_Environment_Agency_Newhaven_energy_recovery_facility_20260527T182145Z.json,.json,185793,evidence,review_required
repo,outputs/10_historical_backfill/week_2024-09-23_2024-09-30/06_official_filings/raw/data.gov.uk_Veolia_Newhaven_annual_monitoring_report_20260527T182145Z.json,data.gov.uk_Veolia_Newhaven_annual_monitoring_report_20260527T182145Z.json,.json,230,measurement,review_required
repo,outputs/10_historical_backfill/week_2024-09-23_2024-09-30/06_official_filings/raw/watch_data.gov.uk_incinerator_search_20260527T182145Z.html,watch_data.gov.uk_incinerator_search_20260527T182145Z.html,.html,68132,evidence,review_required
repo,outputs/10_historical_backfill/week_2024-09-23_2024-09-30/06_official_filings/raw/GOV.UK_Newhaven_Energy_Recovery_Facility_annual_monitoring_report_20260527T182145Z.json,GOV.UK_Newhaven_Energy_Recovery_Facility_annual_monitoring_report_20260527T182145Z.json,.json,165939,measurement,review_required
repo,outputs/10_historical_backfill/week_2024-09-23_2024-09-30/06_official_filings/raw/data.gov.uk_UK_PRTR_Newhaven_Veolia_waste_incineration_20260527T182145Z.json,data.gov.uk_UK_PRTR_Newhaven_Veolia_waste_incineration_20260527T182145Z.json,.json,230,evidence,review_required
repo,outputs/10_historical_backfill/week_2024-09-23_2024-09-30/06_official_filings/raw/data.gov.uk_incinerator_annual_monitoring_reporting_data.gov.uk_20260527T182145Z.json,data.gov.uk_incinerator_annual_monitoring_reporting_data.gov.uk_20260527T182145Z.json,.json,338600,measurement,review_required
repo,outputs/10_historical_backfill/week_2024-09-23_2024-09-30/05_weather/raw/openweather_current_newhaven_incinerator_20260527T182145Z.json,openweather_current_newhaven_incinerator_20260527T182145Z.json,.json,509,evidence,review_required
repo,outputs/10_historical_backfill/week_2024-09-23_2024-09-30/03_news_context/raw/gdelt_Newhaven_incinerator_emissions_20260527T182145Z.json,gdelt_Newhaven_incinerator_emissions_20260527T182145Z.json,.json,2,measurement,review_required
repo,outputs/10_historical_backfill/week_2024-09-23_2024-09-30/03_news_context/raw/gdelt_Newhaven_Energy_Recovery_Facility_Veolia_20260527T182145Z.json,gdelt_Newhaven_Energy_Recovery_Facility_Veolia_20260527T182145Z.json,.json,2,evidence,review_required
repo,outputs/10_historical_backfill/week_2024-11-04_2024-11-11/15_optional_sources/serpapi_raw/serpapi_Veolia_Newhaven_annual_monitoring_report_20260527T184450Z.json,serpapi_Veolia_Newhaven_annual_monitoring_report_20260527T184450Z.json,.json,45305,measurement,review_required
repo,outputs/10_historical_backfill/week_2024-11-04_2024-11-11/15_optional_sources/serpapi_raw/serpapi_Newhaven_Energy_Recovery_Facility_emissions_20260527T184450Z.json,serpapi_Newhaven_Energy_Recovery_Facility_emissions_20260527T184450Z.json,.json,22637,measurement,review_required
repo,outputs/10_historical_backfill/week_2024-11-04_2024-11-11/15_optional_sources/serpapi_raw/serpapi_BV8067IL_Newhaven_Environment_Agency_20260527T184450Z.json,serpapi_BV8067IL_Newhaven_Environment_Agency_20260527T184450Z.json,.json,26311,evidence,review_required
repo,outputs/10_historical_backfill/week_2024-11-04_2024-11-11/04_ground_aq_providers/raw/waqi_newhaven_incinerator_20260527T184450Z.json,waqi_newhaven_incinerator_20260527T184450Z.json,.json,1938,evidence,review_required
repo,outputs/10_historical_backfill/week_2024-11-04_2024-11-11/04_ground_aq_providers/raw/openweather_airpollution_newhaven_incinerator_20260527T184450Z.json,openweather_airpollution_newhaven_incinerator_20260527T184450Z.json,.json,188,evidence,review_required
repo,outputs/10_historical_backfill/week_2024-11-04_2024-11-11/04_ground_aq_providers/openaq_raw/openaq_locations_newhaven_incinerator_20260527T184450Z.json,openaq_locations_newhaven_incinerator_20260527T184450Z.json,.json,22004,diagnostic,review_required
repo,outputs/10_historical_backfill/week_2024-11-04_2024-11-11/06_official_filings/raw/data.gov.uk_UK_PRTR_Newhaven_Veolia_waste_incineration_20260527T184450Z.json,data.gov.uk_UK_PRTR_Newhaven_Veolia_waste_incineration_20260527T184450Z.json,.json,230,evidence,review_required
repo,outputs/10_historical_backfill/week_2024-11-04_2024-11-11/06_official_filings/raw/GOV.UK_incinerator_annual_monitoring_reporting_data.gov.uk_20260527T184450Z.json,GOV.UK_incinerator_annual_monitoring_reporting_data.gov.uk_20260527T184450Z.json,.json,183877,measurement,review_required
repo,outputs/10_historical_backfill/week_2024-11-04_2024-11-11/06_official_filings/raw/GOV.UK_Environment_Agency_Newhaven_energy_recovery_facility_20260527T184450Z.json,GOV.UK_Environment_Agency_Newhaven_energy_recovery_facility_20260527T184450Z.json,.json,185793,evidence,review_required
repo,outputs/10_historical_backfill/week_2024-11-04_2024-11-11/06_official_filings/raw/GOV.UK_Veolia_Newhaven_annual_monitoring_report_20260527T184450Z.json,GOV.UK_Veolia_Newhaven_annual_monitoring_report_20260527T184450Z.json,.json,170785,measurement,review_required
repo,outputs/10_historical_backfill/week_2024-11-04_2024-11-11/06_official_filings/raw/data.gov.uk_Veolia_Newhaven_annual_monitoring_report_20260527T184450Z.json,data.gov.uk_Veolia_Newhaven_annual_monitoring_report_20260527T184450Z.json,.json,230,measurement,review_required
repo,outputs/10_historical_backfill/week_2024-11-04_2024-11-11/06_official_filings/raw/GOV.UK_UK_PRTR_Newhaven_Veolia_waste_incineration_20260527T184450Z.json,GOV.UK_UK_PRTR_Newhaven_Veolia_waste_incineration_20260527T184450Z.json,.json,214347,evidence,review_required
repo,outputs/10_historical_backfill/week_2024-11-04_2024-11-11/06_official_filings/raw/data.gov.uk_Newhaven_Energy_Recovery_Facility_annual_monitoring_report_20260527T184450Z.json,data.gov.uk_Newhaven_Energy_Recovery_Facility_annual_monitoring_report_20260527T184450Z.json,.json,230,measurement,review_required
repo,outputs/10_historical_backfill/week_2024-11-04_2024-11-11/06_official_filings/raw/data.gov.uk_incinerator_annual_monitoring_reporting_data.gov.uk_20260527T184450Z.json,data.gov.uk_incinerator_annual_monitoring_reporting_data.gov.uk_20260527T184450Z.json,.json,338600,measurement,review_required
repo,outputs/10_historical_backfill/week_2024-11-04_2024-11-11/06_official_filings/raw/watch_data.gov.uk_incinerator_search_20260527T184450Z.html,watch_data.gov.uk_incinerator_search_20260527T184450Z.html,.html,68132,evidence,review_required
repo,outputs/10_historical_backfill/week_2024-11-04_2024-11-11/06_official_filings/raw/GOV.UK_BV8067IL_Newhaven_20260527T184450Z.json,GOV.UK_BV8067IL_Newhaven_20260527T184450Z.json,.json,152862,evidence,review_required
repo,outputs/10_historical_backfill/week_2024-11-04_2024-11-11/06_official_filings/raw/data.gov.uk_Environment_Agency_Newhaven_energy_recovery_facility_20260527T184450Z.json,data.gov.uk_Environment_Agency_Newhaven_energy_recovery_facility_20260527T184450Z.json,.json,239491,evidence,review_required
repo,outputs/10_historical_backfill/week_2024-11-04_2024-11-11/06_official_filings/raw/data.gov.uk_BV8067IL_Newhaven_20260527T184450Z.json,data.gov.uk_BV8067IL_Newhaven_20260527T184450Z.json,.json,230,evidence,review_required
repo,outputs/10_historical_backfill/week_2024-11-04_2024-11-11/06_official_filings/raw/GOV.UK_Newhaven_Energy_Recovery_Facility_annual_monitoring_report_20260527T184450Z.json,GOV.UK_Newhaven_Energy_Recovery_Facility_annual_monitoring_report_20260527T184450Z.json,.json,165939,measurement,review_required
repo,outputs/10_historical_backfill/week_2024-11-04_2024-11-11/05_weather/raw/openweather_current_newhaven_incinerator_20260527T184450Z.json,openweather_current_newhaven_incinerator_20260527T184450Z.json,.json,509,evidence,review_required
repo,outputs/10_historical_backfill/week_2024-11-04_2024-11-11/03_news_context/raw/gdelt_Newhaven_incinerator_emissions_20260527T184450Z.json,gdelt_Newhaven_incinerator_emissions_20260527T184450Z.json,.json,2,measurement,review_required
repo,outputs/10_historical_backfill/week_2024-11-04_2024-11-11/03_news_context/raw/gdelt_Newhaven_Energy_Recovery_Facility_Veolia_20260527T184450Z.json,gdelt_Newhaven_Energy_Recovery_Facility_Veolia_20260527T184450Z.json,.json,141,evidence,review_required
repo,outputs/10_historical_backfill/week_2024-08-19_2024-08-26/15_optional_sources/serpapi_raw/serpapi_Newhaven_Energy_Recovery_Facility_emissions_20260527T051152Z.json,serpapi_Newhaven_Energy_Recovery_Facility_emissions_20260527T051152Z.json,.json,29194,measurement,review_required
repo,outputs/10_historical_backfill/week_2024-08-19_2024-08-26/15_optional_sources/serpapi_raw/serpapi_Veolia_Newhaven_annual_monitoring_report_20260527T051152Z.json,serpapi_Veolia_Newhaven_annual_monitoring_report_20260527T051152Z.json,.json,44798,measurement,review_required
repo,outputs/10_historical_backfill/week_2024-08-19_2024-08-26/15_optional_sources/serpapi_raw/serpapi_BV8067IL_Newhaven_Environment_Agency_20260527T051152Z.json,serpapi_BV8067IL_Newhaven_Environment_Agency_20260527T051152Z.json,.json,27433,evidence,review_required
repo,outputs/10_historical_backfill/week_2024-08-19_2024-08-26/04_ground_aq_providers/raw/waqi_newhaven_incinerator_20260527T051152Z.json,waqi_newhaven_incinerator_20260527T051152Z.json,.json,1941,evidence,review_required
repo,outputs/10_historical_backfill/week_2024-08-19_2024-08-26/04_ground_aq_providers/raw/openweather_airpollution_newhaven_incinerator_20260527T051152Z.json,openweather_airpollution_newhaven_incinerator_20260527T051152Z.json,.json,186,evidence,review_required
repo,outputs/10_historical_backfill/week_2024-08-19_2024-08-26/04_ground_aq_providers/openaq_raw/openaq_locations_newhaven_incinerator_20260527T051152Z.json,openaq_locations_newhaven_incinerator_20260527T051152Z.json,.json,22004,diagnostic,review_required
repo,outputs/10_historical_backfill/week_2024-08-19_2024-08-26/06_official_filings/raw/GOV.UK_BV8067IL_Newhaven_20260527T051152Z.json,GOV.UK_BV8067IL_Newhaven_20260527T051152Z.json,.json,152868,evidence,review_required
repo,outputs/10_historical_backfill/week_2024-08-19_2024-08-26/06_official_filings/raw/data.gov.uk_Environment_Agency_Newhaven_energy_recovery_facility_20260527T051152Z.json,data.gov.uk_Environment_Agency_Newhaven_energy_recovery_facility_20260527T051152Z.json,.json,239491,evidence,review_required
repo,outputs/10_historical_backfill/week_2024-08-19_2024-08-26/06_official_filings/raw/watch_data.gov.uk_incinerator_search_20260527T051152Z.html,watch_data.gov.uk_incinerator_search_20260527T051152Z.html,.html,68132,evidence,review_required
repo,outputs/10_historical_backfill/week_2024-08-19_2024-08-26/06_official_filings/raw/data.gov.uk_Veolia_Newhaven_annual_monitoring_report_20260527T051152Z.json,data.gov.uk_Veolia_Newhaven_annual_monitoring_report_20260527T051152Z.json,.json,230,measurement,review_required
repo,outputs/10_historical_backfill/week_2024-08-19_2024-08-26/06_official_filings/raw/GOV.UK_Veolia_Newhaven_annual_monitoring_report_20260527T051152Z.json,GOV.UK_Veolia_Newhaven_annual_monitoring_report_20260527T051152Z.json,.json,170781,measurement,review_required
repo,outputs/10_historical_backfill/week_2024-08-19_2024-08-26/06_official_filings/raw/GOV.UK_Newhaven_Energy_Recovery_Facility_annual_monitoring_report_20260527T051152Z.json,GOV.UK_Newhaven_Energy_Recovery_Facility_annual_monitoring_report_20260527T051152Z.json,.json,166662,measurement,review_required
repo,outputs/10_historical_backfill/week_2024-08-19_2024-08-26/06_official_filings/raw/data.gov.uk_incinerator_annual_monitoring_reporting_data.gov.uk_20260527T051152Z.json,data.gov.uk_incinerator_annual_monitoring_reporting_data.gov.uk_20260527T051152Z.json,.json,338600,measurement,review_required
repo,outputs/10_historical_backfill/week_2024-08-19_2024-08-26/06_official_filings/raw/GOV.UK_incinerator_annual_monitoring_reporting_data.gov.uk_20260527T051152Z.json,GOV.UK_incinerator_annual_monitoring_reporting_data.gov.uk_20260527T051152Z.json,.json,181036,measurement,review_required
repo,outputs/10_historical_backfill/week_2024-08-19_2024-08-26/06_official_filings/raw/data.gov.uk_BV8067IL_Newhaven_20260527T051152Z.json,data.gov.uk_BV8067IL_Newhaven_20260527T051152Z.json,.json,230,evidence,review_required
repo,outputs/10_historical_backfill/week_2024-08-19_2024-08-26/06_official_filings/raw/data.gov.uk_Newhaven_Energy_Recovery_Facility_annual_monitoring_report_20260527T051152Z.json,data.gov.uk_Newhaven_Energy_Recovery_Facility_annual_monitoring_report_20260527T051152Z.json,.json,230,measurement,review_required
repo,outputs/10_historical_backfill/week_2024-08-19_2024-08-26/06_official_filings/raw/GOV.UK_UK_PRTR_Newhaven_Veolia_waste_incineration_20260527T051152Z.json,GOV.UK_UK_PRTR_Newhaven_Veolia_waste_incineration_20260527T051152Z.json,.json,214399,evidence,review_required
repo,outputs/10_historical_backfill/week_2024-08-19_2024-08-26/06_official_filings/raw/data.gov.uk_UK_PRTR_Newhaven_Veolia_waste_incineration_20260527T051152Z.json,data.gov.uk_UK_PRTR_Newhaven_Veolia_waste_incineration_20260527T051152Z.json,.json,230,evidence,review_required
repo,outputs/10_historical_backfill/week_2024-08-19_2024-08-26/06_official_filings/raw/GOV.UK_Environment_Agency_Newhaven_energy_recovery_facility_20260527T051152Z.json,GOV.UK_Environment_Agency_Newhaven_energy_recovery_facility_20260527T051152Z.json,.json,185794,evidence,review_required
repo,outputs/10_historical_backfill/week_2024-08-19_2024-08-26/05_weather/raw/openweather_current_newhaven_incinerator_20260527T051152Z.json,openweather_current_newhaven_incinerator_20260527T051152Z.json,.json,511,evidence,review_required
repo,outputs/10_historical_backfill/week_2024-08-19_2024-08-26/03_news_context/raw/gdelt_Newhaven_Energy_Recovery_Facility_Veolia_20260527T051152Z.json,gdelt_Newhaven_Energy_Recovery_Facility_Veolia_20260527T051152Z.json,.json,2,evidence,review_required
repo,outputs/10_historical_backfill/week_2024-08-19_2024-08-26/03_news_context/raw/gdelt_Newhaven_incinerator_emissions_20260527T051152Z.json,gdelt_Newhaven_incinerator_emissions_20260527T051152Z.json,.json,2,measurement,review_required
repo,configs/aq26_incinerator_register/UK_Incinerators_with_Controls_Full_v3.csv,UK_Incinerators_with_Controls_Full_v3.csv,.csv,7113,evidence,review_required
repo,configs/aq26_incinerator_register/UK_Incinerator_Overlay_Candidate_Review.csv,UK_Incinerator_Overlay_Candidate_Review.csv,.csv,8218,evidence,review_required
repo,configs/aq26_incinerator_register/UK_Incinerators_with_DEFRA_Sites_v3_validated_Full.csv,UK_Incinerators_with_DEFRA_Sites_v3_validated_Full.csv,.csv,4522,evidence,review_required
