facility,facility_key,location,facility_lat,facility_lon,control_site,control_lat,control_lon,query_point_role,query_point_lat,query_point_lon,candidate_source,candidate_status,monitoring_site_name,openaq_location_id,monitoring_site_lat,monitoring_site_lon,distance_query_to_monitor_km,pollutants,monitoring_provider_text,distance_score,pollutant_score,official_hint_score,source_score,relevance_score,review_note
Allerton Waste Recovery Park,allerton_waste_recovery_park,North Yorkshire,53.97,-1.5,Knaresborough,53.91714985298881,-1.544899424,control,53.91714985298881,-1.544899424,OpenAQ v3 locations,candidate_needs_review,Leeds Headingley Kerbside - UKA00527,1396,53.819971999290644,-1.5763609997630645,11.001,no2;pm10;pm25,EEA | Unknown Governmental Organization | United Kingdom | Leeds | Europe/London,25,34,0,5,64,"Candidate only; compare against DEFRA/AURN, local context and source provenance before validation."
Allerton Waste Recovery Park,allerton_waste_recovery_park,North Yorkshire,53.97,-1.5,Knaresborough,53.91714985298881,-1.544899424,control,53.91714985298881,-1.544899424,OpenAQ v3 locations,candidate_needs_review,Leeds Centre - UKA00222,2523,53.80377999962352,-1.54647200030493,12.607,co;no2;o3;pm10;pm25;so2,EEA | Unknown Governmental Organization | United Kingdom | Leeds | Europe/London,22,35,0,5,62,"Candidate only; compare against DEFRA/AURN, local context and source provenance before validation."
Allerton Waste Recovery Park,allerton_waste_recovery_park,North Yorkshire,53.97,-1.5,Knaresborough,53.91714985298881,-1.544899424,facility,53.97,-1.5,OpenAQ v3 locations,candidate_needs_review,Leeds Headingley Kerbside - UKA00527,1396,53.819971999290644,-1.5763609997630645,17.417,no2;pm10;pm25,EEA | Unknown Governmental Organization | United Kingdom | Leeds | Europe/London,13,34,0,5,52,"Candidate only; compare against DEFRA/AURN, local context and source provenance before validation."
Allerton Waste Recovery Park,allerton_waste_recovery_park,North Yorkshire,53.97,-1.5,Knaresborough,53.91714985298881,-1.544899424,facility,53.97,-1.5,OpenAQ v3 locations,candidate_needs_review,Leeds Centre - UKA00222,2523,53.80377999962352,-1.54647200030493,18.732,co;no2;o3;pm10;pm25;so2,EEA | Unknown Governmental Organization | United Kingdom | Leeds | Europe/London,11,35,0,5,51,"Candidate only; compare against DEFRA/AURN, local context and source provenance before validation."
Allerton Waste Recovery Park,allerton_waste_recovery_park,North Yorkshire,53.97,-1.5,Knaresborough,53.91714985298881,-1.544899424,control,53.91714985298881,-1.544899424,OpenAQ v3 locations,candidate_needs_review,SL-AG-001(Bardsey),6247129,53.88994,-1.4395,7.539,pm1;pm25;relativehumidity;temperature;um003,AirGradient | AirGradient | United Kingdom | Europe/London,31,12,0,5,48,"Candidate only; compare against DEFRA/AURN, local context and source provenance before validation."
Allerton Waste Recovery Park,allerton_waste_recovery_park,North Yorkshire,53.97,-1.5,Knaresborough,53.91714985298881,-1.544899424,facility,53.97,-1.5,OpenAQ v3 locations,candidate_needs_review,SL-AG-001(Bardsey),6247129,53.88994,-1.4395,9.744,pm1;pm25;relativehumidity;temperature;um003,AirGradient | AirGradient | United Kingdom | Europe/London,27,12,0,5,44,"Candidate only; compare against DEFRA/AURN, local context and source provenance before validation."
Allerton Waste Recovery Park,allerton_waste_recovery_park,North Yorkshire,53.97,-1.5,Knaresborough,53.91714985298881,-1.544899424,control,53.91714985298881,-1.544899424,OpenAQ v3 locations,candidate_needs_review,Bradford Mayo Avenue,2301,53.771245,-1.759774,21.492,no2,DEFRA | Unknown Governmental Organization | United Kingdom | Bradford | Europe/London,6,10,15,5,36,"Candidate only; compare against DEFRA/AURN, local context and source provenance before validation."
Allerton Waste Recovery Park,allerton_waste_recovery_park,North Yorkshire,53.97,-1.5,Knaresborough,53.91714985298881,-1.544899424,control,53.91714985298881,-1.544899424,OpenAQ v3 locations,candidate_needs_review,Dean House,6254734,53.7843,-1.646,16.192,pm1;pm25;relativehumidity;temperature;um003,AirGradient | AirGradient | United Kingdom | Europe/London,15,12,0,5,32,"Candidate only; compare against DEFRA/AURN, local context and source provenance before validation."
Allerton Waste Recovery Park,allerton_waste_recovery_park,North Yorkshire,53.97,-1.5,Knaresborough,53.91714985298881,-1.544899424,facility,53.97,-1.5,OpenAQ v3 locations,candidate_needs_review,Bradford Mayo Avenue,2301,53.771245,-1.759774,27.902,no2,DEFRA | Unknown Governmental Organization | United Kingdom | Bradford | Europe/London,0,10,15,5,30,"Candidate only; compare against DEFRA/AURN, local context and source provenance before validation."
Allerton Waste Recovery Park,allerton_waste_recovery_park,North Yorkshire,53.97,-1.5,Knaresborough,53.91714985298881,-1.544899424,facility,53.97,-1.5,OpenAQ v3 locations,candidate_needs_review,Dean House,6254734,53.7843,-1.646,22.759,pm1;pm25;relativehumidity;temperature;um003,AirGradient | AirGradient | United Kingdom | Europe/London,4,12,0,5,21,"Candidate only; compare against DEFRA/AURN, local context and source provenance before validation."
Allerton Waste Recovery Park,allerton_waste_recovery_park,North Yorkshire,53.97,-1.5,Knaresborough,53.91714985298881,-1.544899424,control,53.91714985298881,-1.544899424,OpenAQ v3 locations,candidate_needs_review,Dewsbury Ashworth Grove - UKA00654,2659924,53.69310399964839,-1.6371110000712645,25.638,no2,EEA | Unknown Governmental Organization | United Kingdom | Europe/London,0,10,0,5,15,"Candidate only; compare against DEFRA/AURN, local context and source provenance before validation."
Allington Quarry Waste Management Facility,allington_quarry_waste_management_facility,Kent,51.23,0.5,Aylesford,51.17164159983072,0.4584710510889741,facility,51.23,0.5,OpenAQ v3 locations,candidate_needs_review,West Farleigh,3123123,51.23649525729965,0.4518779047706621,3.427,pm1;pm10;pm25;relativehumidity;temperature;um003,AirGradient | Tim | United Kingdom | Europe/London,38,24,0,5,67,"Candidate only; compare against DEFRA/AURN, local context and source provenance before validation."
Allington Quarry Waste Management Facility,allington_quarry_waste_management_facility,Kent,51.23,0.5,Aylesford,51.17164159983072,0.4584710510889741,control,51.17164159983072,0.4584710510889741,OpenAQ v3 locations,candidate_needs_review,West Farleigh,3123123,51.23649525729965,0.4518779047706621,7.226,pm1;pm10;pm25;relativehumidity;temperature;um003,AirGradient | Tim | United Kingdom | Europe/London,31,24,0,5,60,"Candidate only; compare against DEFRA/AURN, local context and source provenance before validation."
Allington Quarry Waste Management Facility,allington_quarry_waste_management_facility,Kent,51.23,0.5,Aylesford,51.17164159983072,0.4584710510889741,facility,51.23,0.5,OpenAQ v3 locations,candidate_needs_review,Chatham Roadside - UKA00553,2560,51.374263999538954,0.5479700002695834,16.384,no2;pm10;pm25,EEA | Unknown Governmental Organization | United Kingdom | Chatham | Europe/London,15,34,0,5,54,"Candidate only; compare against DEFRA/AURN, local context and source provenance before validation."
Allington Quarry Waste Management Facility,allington_quarry_waste_management_facility,Kent,51.23,0.5,Aylesford,51.17164159983072,0.4584710510889741,control,51.17164159983072,0.4584710510889741,OpenAQ v3 locations,candidate_needs_review,Chatham Roadside - UKA00553,2560,51.374263999538954,0.5479700002695834,23.375,no2;pm10;pm25,EEA | Unknown Governmental Organization | United Kingdom | Chatham | Europe/London,2,34,0,5,41,"Candidate only; compare against DEFRA/AURN, local context and source provenance before validation."
Allington Quarry Waste Management Facility,allington_quarry_waste_management_facility,Kent,51.23,0.5,Aylesford,51.17164159983072,0.4584710510889741,facility,51.23,0.5,OpenAQ v3 locations,candidate_needs_review,Dartford - Bean Lane,1481124,51.4306174423102,0.280976036868921,27.004,no2;pm10;pm25,London Air Quality Network | Unknown Governmental Organization | United Kingdom | Dartford | Europe/London,0,34,0,5,39,"Candidate only; compare against DEFRA/AURN, local context and source provenance before validation."
Allington Quarry Waste Management Facility,allington_quarry_waste_management_facility,Kent,51.23,0.5,Aylesford,51.17164159983072,0.4584710510889741,facility,51.23,0.5,OpenAQ v3 locations,candidate_needs_review,Sevenoaks - Greatness Park,225781,51.289391,0.201437,21.8,no2;o3;pm10,London Air Quality Network | Unknown Governmental Organization | United Kingdom | Sevenoaks | Europe/London,5,28,0,5,38,"Candidate only; compare against DEFRA/AURN, local context and source provenance before validation."
Allington Quarry Waste Management Facility,allington_quarry_waste_management_facility,Kent,51.23,0.5,Aylesford,51.17164159983072,0.4584710510889741,control,51.17164159983072,0.4584710510889741,OpenAQ v3 locations,candidate_needs_review,Sevenoaks - Greatness Park,225781,51.289391,0.201437,22.175,no2;o3;pm10,London Air Quality Network | Unknown Governmental Organization | United Kingdom | Sevenoaks | Europe/London,5,28,0,5,38,"Candidate only; compare against DEFRA/AURN, local context and source provenance before validation."
Allington Quarry Waste Management Facility,allington_quarry_waste_management_facility,Kent,51.23,0.5,Aylesford,51.17164159983072,0.4584710510889741,facility,51.23,0.5,OpenAQ v3 locations,candidate_needs_review,Rochester ,5451896,51.372348,0.50601,15.834,pm1;pm25;relativehumidity;temperature;um003,AirGradient | AirGradient | United Kingdom | Europe/London,16,12,0,5,33,"Candidate only; compare against DEFRA/AURN, local context and source provenance before validation."
Allington Quarry Waste Management Facility,allington_quarry_waste_management_facility,Kent,51.23,0.5,Aylesford,51.17164159983072,0.4584710510889741,facility,51.23,0.5,OpenAQ v3 locations,candidate_needs_review,Sevenoaks - Bat and Ball,225795,51.2887681443168,0.193420906906318,22.312,no2;pm10,London Air Quality Network | Unknown Governmental Organization | United Kingdom | Sevenoaks | Europe/London,4,22,0,5,31,"Candidate only; compare against DEFRA/AURN, local context and source provenance before validation."
Allington Quarry Waste Management Facility,allington_quarry_waste_management_facility,Kent,51.23,0.5,Aylesford,51.17164159983072,0.4584710510889741,control,51.17164159983072,0.4584710510889741,OpenAQ v3 locations,candidate_needs_review,Sevenoaks - Bat and Ball,225795,51.2887681443168,0.193420906906318,22.588,no2;pm10,London Air Quality Network | Unknown Governmental Organization | United Kingdom | Sevenoaks | Europe/London,4,22,0,5,31,"Candidate only; compare against DEFRA/AURN, local context and source provenance before validation."
Allington Quarry Waste Management Facility,allington_quarry_waste_management_facility,Kent,51.23,0.5,Aylesford,51.17164159983072,0.4584710510889741,control,51.17164159983072,0.4584710510889741,OpenAQ v3 locations,candidate_needs_review,Broomhill Road,223715,51.379382,0.100759,33.952,no;no2;nox,london stationary | Unknown Research Organization | United Kingdom | Europe/London,0,23,0,5,28,"Candidate only; compare against DEFRA/AURN, local context and source provenance before validation."
Allington Quarry Waste Management Facility,allington_quarry_waste_management_facility,Kent,51.23,0.5,Aylesford,51.17164159983072,0.4584710510889741,control,51.17164159983072,0.4584710510889741,OpenAQ v3 locations,candidate_needs_review,Broomhill Road,223779,51.379382,0.100759,33.952,no;no2;nox,london stationary | Unknown Research Organization | United Kingdom | Europe/London,0,23,0,5,28,"Candidate only; compare against DEFRA/AURN, local context and source provenance before validation."
Allington Quarry Waste Management Facility,allington_quarry_waste_management_facility,Kent,51.23,0.5,Aylesford,51.17164159983072,0.4584710510889741,facility,51.23,0.5,OpenAQ v3 locations,candidate_needs_review,Dartford - St Clements 2,225740,51.448823581151,0.279379130223739,28.756,no2;pm10,London Air Quality Network | Unknown Governmental Organization | United Kingdom | Dartford | Europe/London,0,22,0,5,27,"Candidate only; compare against DEFRA/AURN, local context and source provenance before validation."
Allington Quarry Waste Management Facility,allington_quarry_waste_management_facility,Kent,51.23,0.5,Aylesford,51.17164159983072,0.4584710510889741,facility,51.23,0.5,OpenAQ v3 locations,candidate_needs_review,Dartford Roadside 2 - Town Centre,225746,51.4426702340503,0.216185856662181,30.789,no2;pm10,London Air Quality Network | Unknown Governmental Organization | United Kingdom | Dartford | Europe/London,0,22,0,5,27,"Candidate only; compare against DEFRA/AURN, local context and source provenance before validation."
Allington Quarry Waste Management Facility,allington_quarry_waste_management_facility,Kent,51.23,0.5,Aylesford,51.17164159983072,0.4584710510889741,facility,51.23,0.5,OpenAQ v3 locations,candidate_needs_review,Dartford - Town Centre,4990521,51.442557781389,0.215950164318913,30.79,no2;pm10,London Air Quality Network | Unknown Governmental Organization | United Kingdom | Dartford | Europe/London,0,22,0,5,27,"Candidate only; compare against DEFRA/AURN, local context and source provenance before validation."
Allington Quarry Waste Management Facility,allington_quarry_waste_management_facility,Kent,51.23,0.5,Aylesford,51.17164159983072,0.4584710510889741,control,51.17164159983072,0.4584710510889741,OpenAQ v3 locations,candidate_needs_review,Rochester ,5451896,51.372348,0.50601,22.561,pm1;pm25;relativehumidity;temperature;um003,AirGradient | AirGradient | United Kingdom | Europe/London,4,12,0,5,21,"Candidate only; compare against DEFRA/AURN, local context and source provenance before validation."
Ardley ERF,ardley_erf,Oxfordshire,51.9,-1.28,Bicester,51.84701494968608,-1.327628875,control,51.84701494968608,-1.327628875,OpenAQ v3 locations,candidate_needs_review,Oxford St Ebbes,2469,51.744806000000004,-1.260278,12.273,no2;o3;pm10;pm25,DEFRA | Unknown Governmental Organization | United Kingdom | Oxford | Europe/London,22,35,15,5,77,"Candidate only; compare against DEFRA/AURN, local context and source provenance before validation."
Ardley ERF,ardley_erf,Oxfordshire,51.9,-1.28,Bicester,51.84701494968608,-1.327628875,facility,51.9,-1.28,OpenAQ v3 locations,candidate_needs_review,Oxford St Ebbes,2469,51.744806000000004,-1.260278,17.31,no2;o3;pm10;pm25,DEFRA | Unknown Governmental Organization | United Kingdom | Oxford | Europe/London,13,35,15,5,68,"Candidate only; compare against DEFRA/AURN, local context and source provenance before validation."
Ardley ERF,ardley_erf,Oxfordshire,51.9,-1.28,Bicester,51.84701494968608,-1.327628875,control,51.84701494968608,-1.327628875,OpenAQ v3 locations,candidate_needs_review,Oxford Centre Roadside,2318,51.751745,-1.257463,11.641,no2,DEFRA | Unknown Governmental Organization | United Kingdom | Oxford | Europe/London,24,10,15,5,54,"Candidate only; compare against DEFRA/AURN, local context and source provenance before validation."
Ardley ERF,ardley_erf,Oxfordshire,51.9,-1.28,Bicester,51.84701494968608,-1.327628875,facility,51.9,-1.28,OpenAQ v3 locations,candidate_needs_review,Oxford Centre Roadside,2318,51.751745,-1.257463,16.558,no2,DEFRA | Unknown Governmental Organization | United Kingdom | Oxford | Europe/London,15,10,15,5,45,"Candidate only; compare against DEFRA/AURN, local context and source provenance before validation."
Ardley ERF,ardley_erf,Oxfordshire,51.9,-1.28,Bicester,51.84701494968608,-1.327628875,control,51.84701494968608,-1.327628875,OpenAQ v3 locations,candidate_needs_review,Kingston Bagpuize,2939974,51.68114870934652,-1.416891787834181,19.44,pm1;pm10;pm25;relativehumidity;temperature;um003,AirGradient | Unknown Person | United Kingdom | Europe/London,10,24,0,5,39,"Candidate only; compare against DEFRA/AURN, local context and source provenance before validation."
Ardley ERF,ardley_erf,Oxfordshire,51.9,-1.28,Bicester,51.84701494968608,-1.327628875,control,51.84701494968608,-1.327628875,OpenAQ v3 locations,candidate_needs_review,Minster Road,6292503,51.747227,-1.226541,13.094,pm1;pm25;relativehumidity;temperature;um003,AirGradient | AirGradient | United Kingdom | Europe/London,21,12,0,5,38,"Candidate only; compare against DEFRA/AURN, local context and source provenance before validation."
Ardley ERF,ardley_erf,Oxfordshire,51.9,-1.28,Bicester,51.84701494968608,-1.327628875,facility,51.9,-1.28,OpenAQ v3 locations,candidate_needs_review,Minster Road,6292503,51.747227,-1.226541,17.38,pm1;pm25;relativehumidity;temperature;um003,AirGradient | AirGradient | United Kingdom | Europe/London,13,12,0,5,30,"Candidate only; compare against DEFRA/AURN, local context and source provenance before validation."
Ardley ERF,ardley_erf,Oxfordshire,51.9,-1.28,Bicester,51.84701494968608,-1.327628875,facility,51.9,-1.28,OpenAQ v3 locations,candidate_needs_review,Kingston Bagpuize,2939974,51.68114870934652,-1.416891787834181,26.093,pm1;pm10;pm25;relativehumidity;temperature;um003,AirGradient | Unknown Person | United Kingdom | Europe/London,0,24,0,5,29,"Candidate only; compare against DEFRA/AURN, local context and source provenance before validation."
Ardley ERF,ardley_erf,Oxfordshire,51.9,-1.28,Bicester,51.84701494968608,-1.327628875,control,51.84701494968608,-1.327628875,OpenAQ v3 locations,candidate_needs_review,Steventon,1737251,51.625155494785815,-1.319656283047288,24.676,pm1;pm10;pm25;relativehumidity;temperature;um003,AirGradient | Unknown Person | United Kingdom | Europe/London,0,24,0,5,29,"Candidate only; compare against DEFRA/AURN, local context and source provenance before validation."
Ardley ERF,ardley_erf,Oxfordshire,51.9,-1.28,Bicester,51.84701494968608,-1.327628875,facility,51.9,-1.28,OpenAQ v3 locations,candidate_needs_review,Woodlands Farm Cottages,6142652,51.88314,-0.961367,21.946,pm1;pm25;relativehumidity;temperature;um003,AirGradient | AirGradient | United Kingdom | Europe/London,5,12,0,5,22,"Candidate only; compare against DEFRA/AURN, local context and source provenance before validation."
Ardley ERF,ardley_erf,Oxfordshire,51.9,-1.28,Bicester,51.84701494968608,-1.327628875,facility,51.9,-1.28,OpenAQ v3 locations,candidate_needs_review,Woodlands Farm,6312233,51.883026,-0.961313,21.951,pm1;pm25;relativehumidity;temperature;um003,AirGradient | AirGradient | United Kingdom | Europe/London,5,12,0,5,22,"Candidate only; compare against DEFRA/AURN, local context and source provenance before validation."
Beddington ERF,beddington_erf,"Sutton, London",51.36,-0.17,Ewell,51.31350876,-0.224624622,facility,51.36,-0.17,OpenAQ v3 locations,candidate_needs_review,Robin Hood Health Centre,223803,51.362842,-0.196908,1.895,no;no2;nox;pm25,london stationary | Unknown Research Organization | United Kingdom | Europe/London,41,35,0,5,81,"Candidate only; compare against DEFRA/AURN, local context and source provenance before validation."
Beddington ERF,beddington_erf,"Sutton, London",51.36,-0.17,Ewell,51.31350876,-0.224624622,facility,51.36,-0.17,OpenAQ v3 locations,candidate_needs_review,Sutton - Beddington Lane north,225832,51.38928690450499,-0.141661524779893,3.805,no2;pm10;pm25,London Air Quality Network | Unknown Governmental Organization | United Kingdom | Sutton | Europe/London,38,34,0,5,77,"Candidate only; compare against DEFRA/AURN, local context and source provenance before validation."
Beddington ERF,beddington_erf,"Sutton, London",51.36,-0.17,Ewell,51.31350876,-0.224624622,control,51.31350876,-0.224624622,OpenAQ v3 locations,candidate_needs_review,Robin Hood Health Centre,223803,51.362842,-0.196908,5.814,no;no2;nox;pm25,london stationary | Unknown Research Organization | United Kingdom | Europe/London,34,35,0,5,74,"Candidate only; compare against DEFRA/AURN, local context and source provenance before validation."
Beddington ERF,beddington_erf,"Sutton, London",51.36,-0.17,Ewell,51.31350876,-0.224624622,facility,51.36,-0.17,OpenAQ v3 locations,candidate_needs_review,Merton - Merton Road,225773,51.4161384794862,-0.192230805042824,6.43,no2;pm10;pm25,London Air Quality Network | Unknown Governmental Organization | United Kingdom | Merton | Europe/London,33,34,0,5,72,"Candidate only; compare against DEFRA/AURN, local context and source provenance before validation."
Beddington ERF,beddington_erf,"Sutton, London",51.36,-0.17,Ewell,51.31350876,-0.224624622,facility,51.36,-0.17,OpenAQ v3 locations,candidate_needs_review,Parkside,223690,51.426126,-0.222013,8.191,no;no2;nox;pm25,london stationary | Unknown Research Organization | United Kingdom | Europe/London,30,35,0,5,70,"Candidate only; compare against DEFRA/AURN, local context and source provenance before validation."
Beddington ERF,beddington_erf,"Sutton, London",51.36,-0.17,Ewell,51.31350876,-0.224624622,facility,51.36,-0.17,OpenAQ v3 locations,candidate_needs_review,Wandsworth - Tooting High Street,225850,51.429331,-0.166524,7.713,no2;pm10;pm25,London Air Quality Network | Unknown Governmental Organization | United Kingdom | Wandsworth | Europe/London,31,34,0,5,70,"Candidate only; compare against DEFRA/AURN, local context and source provenance before validation."
Beddington ERF,beddington_erf,"Sutton, London",51.36,-0.17,Ewell,51.31350876,-0.224624622,facility,51.36,-0.17,OpenAQ v3 locations,candidate_needs_review,Kingston Upon Thames - Tolworth Broadway,225764,51.379312,-0.281259,8.016,no2;pm10;pm25,London Air Quality Network | Unknown Governmental Organization | United Kingdom | Kingston | Europe/London,30,34,0,5,69,"Candidate only; compare against DEFRA/AURN, local context and source provenance before validation."
Beddington ERF,beddington_erf,"Sutton, London",51.36,-0.17,Ewell,51.31350876,-0.224624622,facility,51.36,-0.17,OpenAQ v3 locations,candidate_needs_review,Sutton - Wallington,225845,51.3586596124998,-0.149723946604927,1.416,no2;pm10,London Air Quality Network | Unknown Governmental Organization | United Kingdom | Sutton | Europe/London,42,22,0,5,69,"Candidate only; compare against DEFRA/AURN, local context and source provenance before validation."
Beddington ERF,beddington_erf,"Sutton, London",51.36,-0.17,Ewell,51.31350876,-0.224624622,control,51.31350876,-0.224624622,OpenAQ v3 locations,candidate_needs_review,Kingston Upon Thames - Tolworth Broadway,225764,51.379312,-0.281259,8.307,no2;pm10;pm25,London Air Quality Network | Unknown Governmental Organization | United Kingdom | Kingston | Europe/London,30,34,0,5,69,"Candidate only; compare against DEFRA/AURN, local context and source provenance before validation."
Beddington ERF,beddington_erf,"Sutton, London",51.36,-0.17,Ewell,51.31350876,-0.224624622,facility,51.36,-0.17,OpenAQ v3 locations,candidate_needs_review,Garrett Lane,223794,51.440399,-0.186775,9.015,no;no2;nox;pm25,london stationary | Unknown Research Organization | United Kingdom | Europe/London,28,35,0,5,68,"Candidate only; compare against DEFRA/AURN, local context and source provenance before validation."
Beddington ERF,beddington_erf,"Sutton, London",51.36,-0.17,Ewell,51.31350876,-0.224624622,facility,51.36,-0.17,OpenAQ v3 locations,candidate_needs_review,Sutton - Beddington Village,225792,51.3712010773161,-0.131948824988095,2.921,no2;pm10,London Air Quality Network | Unknown Governmental Organization | United Kingdom | Sutton | Europe/London,39,22,0,5,66,"Candidate only; compare against DEFRA/AURN, local context and source provenance before validation."
Beddington ERF,beddington_erf,"Sutton, London",51.36,-0.17,Ewell,51.31350876,-0.224624622,facility,51.36,-0.17,OpenAQ v3 locations,candidate_needs_review,London Road,223814,51.410714,-0.296626,10.441,no;no2;nox;pm25,london stationary | Unknown Research Organization | United Kingdom | Europe/London,26,35,0,5,66,"Candidate only; compare against DEFRA/AURN, local context and source provenance before validation."
Beddington ERF,beddington_erf,"Sutton, London",51.36,-0.17,Ewell,51.31350876,-0.224624622,control,51.31350876,-0.224624622,OpenAQ v3 locations,candidate_needs_review,Sutton - Beddington Lane north,225832,51.38928690450499,-0.141661524779893,10.208,no2;pm10;pm25,London Air Quality Network | Unknown Governmental Organization | United Kingdom | Sutton | Europe/London,26,34,0,5,65,"Candidate only; compare against DEFRA/AURN, local context and source provenance before validation."
Beddington ERF,beddington_erf,"Sutton, London",51.36,-0.17,Ewell,51.31350876,-0.224624622,facility,51.36,-0.17,OpenAQ v3 locations,candidate_needs_review,Roehampton Lane,223770,51.455096,-0.243402,11.736,no;no2;nox;pm25,london stationary | Unknown Research Organization | United Kingdom | Europe/London,23,35,0,5,63,"Candidate only; compare against DEFRA/AURN, local context and source provenance before validation."
Beddington ERF,beddington_erf,"Sutton, London",51.36,-0.17,Ewell,51.31350876,-0.224624622,facility,51.36,-0.17,OpenAQ v3 locations,candidate_needs_review,Southwark - South Circular Road,230827,51.442633,-0.077653974,11.201,no2;pm10;pm25,London Air Quality Network | Unknown Governmental Organization | United Kingdom | Southwark | Europe/London,24,34,0,5,63,"Candidate only; compare against DEFRA/AURN, local context and source provenance before validation."
Beddington ERF,beddington_erf,"Sutton, London",51.36,-0.17,Ewell,51.31350876,-0.224624622,control,51.31350876,-0.224624622,OpenAQ v3 locations,candidate_needs_review,London Road,223814,51.410714,-0.296626,11.909,no;no2;nox;pm25,london stationary | Unknown Research Organization | United Kingdom | Europe/London,23,35,0,5,63,"Candidate only; compare against DEFRA/AURN, local context and source provenance before validation."
Beddington ERF,beddington_erf,"Sutton, London",51.36,-0.17,Ewell,51.31350876,-0.224624622,facility,51.36,-0.17,OpenAQ v3 locations,candidate_needs_review,Stockwell Road,223699,51.466706,-0.117473,12.412,no;no2;nox;pm25,london stationary | Unknown Research Organization | United Kingdom | Europe/London,22,35,0,5,62,"Candidate only; compare against DEFRA/AURN, local context and source provenance before validation."
Beddington ERF,beddington_erf,"Sutton, London",51.36,-0.17,Ewell,51.31350876,-0.224624622,facility,51.36,-0.17,OpenAQ v3 locations,candidate_needs_review,Dagnall Street,223717,51.4738,-0.157493,12.684,no;no2;nox;pm25,london stationary | Unknown Research Organization | United Kingdom | Europe/London,22,35,0,5,62,"Candidate only; compare against DEFRA/AURN, local context and source provenance before validation."
Beddington ERF,beddington_erf,"Sutton, London",51.36,-0.17,Ewell,51.31350876,-0.224624622,facility,51.36,-0.17,OpenAQ v3 locations,candidate_needs_review,Sutton - Worcester Park,225837,51.377923,-0.240414,5.279,no2;pm10,London Air Quality Network | Unknown Governmental Organization | United Kingdom | Sutton | Europe/London,35,22,0,5,62,"Candidate only; compare against DEFRA/AURN, local context and source provenance before validation."
Beddington ERF,beddington_erf,"Sutton, London",51.36,-0.17,Ewell,51.31350876,-0.224624622,facility,51.36,-0.17,OpenAQ v3 locations,candidate_needs_review,Farthing downs,3039088,51.3082,-0.1365,6.212,pm1;pm10;pm25;relativehumidity;temperature;um003,AirGradient | Nabu Casa UK | United Kingdom | Europe/London,33,24,0,5,62,"Candidate only; compare against DEFRA/AURN, local context and source provenance before validation."
Beddington ERF,beddington_erf,"Sutton, London",51.36,-0.17,Ewell,51.31350876,-0.224624622,facility,51.36,-0.17,OpenAQ v3 locations,candidate_needs_review,Merton - Mitcham,4010224,51.4055473441872,-0.164596893540707,5.079,no2;pm25,London Air Quality Network | Unknown Governmental Organization | United Kingdom | Merton | Europe/London,35,22,0,5,62,"Candidate only; compare against DEFRA/AURN, local context and source provenance before validation."
Beddington ERF,beddington_erf,"Sutton, London",51.36,-0.17,Ewell,51.31350876,-0.224624622,control,51.31350876,-0.224624622,OpenAQ v3 locations,candidate_needs_review,Parkside,223690,51.426126,-0.222013,12.524,no;no2;nox;pm25,london stationary | Unknown Research Organization | United Kingdom | Europe/London,22,35,0,5,62,"Candidate only; compare against DEFRA/AURN, local context and source provenance before validation."
Beddington ERF,beddington_erf,"Sutton, London",51.36,-0.17,Ewell,51.31350876,-0.224624622,control,51.31350876,-0.224624622,OpenAQ v3 locations,candidate_needs_review,Farthing downs,3039088,51.3082,-0.1365,6.154,pm1;pm10;pm25;relativehumidity;temperature;um003,AirGradient | Nabu Casa UK | United Kingdom | Europe/London,33,24,0,5,62,"Candidate only; compare against DEFRA/AURN, local context and source provenance before validation."
Beddington ERF,beddington_erf,"Sutton, London",51.36,-0.17,Ewell,51.31350876,-0.224624622,facility,51.36,-0.17,OpenAQ v3 locations,candidate_needs_review,Upper Richmond Road,223764,51.465116,-0.254736,13.083,no;no2;nox;pm25,london stationary | Unknown Research Organization | United Kingdom | Europe/London,21,35,0,5,61,"Candidate only; compare against DEFRA/AURN, local context and source provenance before validation."
Beddington ERF,beddington_erf,"Sutton, London",51.36,-0.17,Ewell,51.31350876,-0.224624622,facility,51.36,-0.17,OpenAQ v3 locations,candidate_needs_review,Wandsworth Road,223782,51.475735,-0.131209,13.147,no;no2;nox;pm25,london stationary | Unknown Research Organization | United Kingdom | Europe/London,21,35,0,5,61,"Candidate only; compare against DEFRA/AURN, local context and source provenance before validation."
Beddington ERF,beddington_erf,"Sutton, London",51.36,-0.17,Ewell,51.31350876,-0.224624622,facility,51.36,-0.17,OpenAQ v3 locations,candidate_needs_review,London Honor Oak Park - UKA00656,225803,51.44967399955302,-0.037417999941585164,13.565,no2;o3;pm10;pm25,EEA | Unknown Governmental Organization | United Kingdom | Lewisham | Europe/London,20,35,0,5,60,"Candidate only; compare against DEFRA/AURN, local context and source provenance before validation."
Beddington ERF,beddington_erf,"Sutton, London",51.36,-0.17,Ewell,51.31350876,-0.224624622,facility,51.36,-0.17,OpenAQ v3 locations,candidate_needs_review,Durham Street,223702,51.485597,-0.11909,14.405,no;no2;nox;pm25,london stationary | Unknown Research Organization | United Kingdom | Europe/London,19,35,0,5,59,"Candidate only; compare against DEFRA/AURN, local context and source provenance before validation."
Beddington ERF,beddington_erf,"Sutton, London",51.36,-0.17,Ewell,51.31350876,-0.224624622,facility,51.36,-0.17,OpenAQ v3 locations,candidate_needs_review,Churchill Gardens Road,223705,51.486223,-0.14503,14.142,no;no2;nox;pm25,london stationary | Unknown Research Organization | United Kingdom | Europe/London,19,35,0,5,59,"Candidate only; compare against DEFRA/AURN, local context and source provenance before validation."
Beddington ERF,beddington_erf,"Sutton, London",51.36,-0.17,Ewell,51.31350876,-0.224624622,facility,51.36,-0.17,OpenAQ v3 locations,candidate_needs_review,Peckham Road,223725,51.474326,-0.078151,14.219,no;no2;nox;pm25,london stationary | Unknown Research Organization | United Kingdom | Europe/London,19,35,0,5,59,"Candidate only; compare against DEFRA/AURN, local context and source provenance before validation."
Beddington ERF,beddington_erf,"Sutton, London",51.36,-0.17,Ewell,51.31350876,-0.224624622,facility,51.36,-0.17,OpenAQ v3 locations,candidate_needs_review,Camberwell Road,223761,51.475739,-0.093557,13.919,no;no2;nox;pm25,london stationary | Unknown Research Organization | United Kingdom | Europe/London,19,35,0,5,59,"Candidate only; compare against DEFRA/AURN, local context and source provenance before validation."
Beddington ERF,beddington_erf,"Sutton, London",51.36,-0.17,Ewell,51.31350876,-0.224624622,facility,51.36,-0.17,OpenAQ v3 locations,candidate_needs_review,Merton - Plough Lane Wimbledon,3907049,51.4304273690564,-0.185811823620255,7.908,pm10;pm25,London Air Quality Network | Unknown Governmental Organization | United Kingdom | Merton | Europe/London,30,24,0,5,59,"Candidate only; compare against DEFRA/AURN, local context and source provenance before validation."
Beddington ERF,beddington_erf,"Sutton, London",51.36,-0.17,Ewell,51.31350876,-0.224624622,control,51.31350876,-0.224624622,OpenAQ v3 locations,candidate_needs_review,Garrett Lane,223794,51.440399,-0.186775,14.352,no;no2;nox;pm25,london stationary | Unknown Research Organization | United Kingdom | Europe/London,19,35,0,5,59,"Candidate only; compare against DEFRA/AURN, local context and source provenance before validation."
Beddington ERF,beddington_erf,"Sutton, London",51.36,-0.17,Ewell,51.31350876,-0.224624622,facility,51.36,-0.17,OpenAQ v3 locations,candidate_needs_review,Charing Cross Hospital,223698,51.487354,-0.221561,14.605,no;no2;nox;pm25,london stationary | Unknown Research Organization | United Kingdom | Europe/London,18,35,0,5,58,"Candidate only; compare against DEFRA/AURN, local context and source provenance before validation."
Beddington ERF,beddington_erf,"Sutton, London",51.36,-0.17,Ewell,51.31350876,-0.224624622,facility,51.36,-0.17,OpenAQ v3 locations,candidate_needs_review,High Road,223722,51.39905,-0.075379,7.873,no;no2;nox,london stationary | Unknown Research Organization | United Kingdom | Europe/London,30,23,0,5,58,"Candidate only; compare against DEFRA/AURN, local context and source provenance before validation."
Beddington ERF,beddington_erf,"Sutton, London",51.36,-0.17,Ewell,51.31350876,-0.224624622,facility,51.36,-0.17,OpenAQ v3 locations,candidate_needs_review,Cadogan Gardens,223748,51.493217,-0.158772,14.834,no;no2;nox;pm25,london stationary | Unknown Research Organization | United Kingdom | Europe/London,18,35,0,5,58,"Candidate only; compare against DEFRA/AURN, local context and source provenance before validation."
Beddington ERF,beddington_erf,"Sutton, London",51.36,-0.17,Ewell,51.31350876,-0.224624622,facility,51.36,-0.17,OpenAQ v3 locations,candidate_needs_review,Parkside,223760,51.426126,-0.222013,8.191,no;no2;nox,london stationary | Unknown Research Organization | United Kingdom | Europe/London,30,23,0,5,58,"Candidate only; compare against DEFRA/AURN, local context and source provenance before validation."
Beddington ERF,beddington_erf,"Sutton, London",51.36,-0.17,Ewell,51.31350876,-0.224624622,facility,51.36,-0.17,OpenAQ v3 locations,candidate_needs_review,Kew Road,223784,51.46394,-0.301597,14.727,no;no2;nox;pm25,london stationary | Unknown Research Organization | United Kingdom | Europe/London,18,35,0,5,58,"Candidate only; compare against DEFRA/AURN, local context and source provenance before validation."
Beddington ERF,beddington_erf,"Sutton, London",51.36,-0.17,Ewell,51.31350876,-0.224624622,control,51.31350876,-0.224624622,OpenAQ v3 locations,candidate_needs_review,Sutton - Worcester Park,225837,51.377923,-0.240414,7.246,no2;pm10,London Air Quality Network | Unknown Governmental Organization | United Kingdom | Sutton | Europe/London,31,22,0,5,58,"Candidate only; compare against DEFRA/AURN, local context and source provenance before validation."
Beddington ERF,beddington_erf,"Sutton, London",51.36,-0.17,Ewell,51.31350876,-0.224624622,control,51.31350876,-0.224624622,OpenAQ v3 locations,candidate_needs_review,Sutton - Wallington,225845,51.3586596124998,-0.149723946604927,7.231,no2;pm10,London Air Quality Network | Unknown Governmental Organization | United Kingdom | Sutton | Europe/London,31,22,0,5,58,"Candidate only; compare against DEFRA/AURN, local context and source provenance before validation."
Beddington ERF,beddington_erf,"Sutton, London",51.36,-0.17,Ewell,51.31350876,-0.224624622,facility,51.36,-0.17,OpenAQ v3 locations,candidate_needs_review,Brook Drive,223692,51.493213,-0.101559,15.554,no;no2;nox;pm25,london stationary | Unknown Research Organization | United Kingdom | Europe/London,17,35,0,5,57,"Candidate only; compare against DEFRA/AURN, local context and source provenance before validation."
Beddington ERF,beddington_erf,"Sutton, London",51.36,-0.17,Ewell,51.31350876,-0.224624622,facility,51.36,-0.17,OpenAQ v3 locations,candidate_needs_review,Devonshire Street,223746,51.488199,-0.255688,15.444,no;no2;nox;pm25,london stationary | Unknown Research Organization | United Kingdom | Europe/London,17,35,0,5,57,"Candidate only; compare against DEFRA/AURN, local context and source provenance before validation."
Beddington ERF,beddington_erf,"Sutton, London",51.36,-0.17,Ewell,51.31350876,-0.224624622,facility,51.36,-0.17,OpenAQ v3 locations,candidate_needs_review,Lollard Street,223777,51.492714,-0.114098,15.258,no;no2;nox;pm25,london stationary | Unknown Research Organization | United Kingdom | Europe/London,17,35,0,5,57,"Candidate only; compare against DEFRA/AURN, local context and source provenance before validation."
Beddington ERF,beddington_erf,"Sutton, London",51.36,-0.17,Ewell,51.31350876,-0.224624622,facility,51.36,-0.17,OpenAQ v3 locations,candidate_needs_review,Lambeth - Streatham Green,225786,51.4282131429499,-0.13186863879576,8.033,no2;pm10,London Air Quality Network | Unknown Governmental Organization | United Kingdom | Lambeth | Europe/London,30,22,0,5,57,"Candidate only; compare against DEFRA/AURN, local context and source provenance before validation."
Beddington ERF,beddington_erf,"Sutton, London",51.36,-0.17,Ewell,51.31350876,-0.224624622,facility,51.36,-0.17,OpenAQ v3 locations,candidate_needs_review,Southwark A2 Old Kent Road - UKA00558,146,51.4804989994662,-0.059550000208953166,15.433,no2;pm10;pm25,EEA | Unknown Governmental Organization | United Kingdom | Southwark | Europe/London,17,34,0,5,56,"Candidate only; compare against DEFRA/AURN, local context and source provenance before validation."
Beddington ERF,beddington_erf,"Sutton, London",51.36,-0.17,Ewell,51.31350876,-0.224624622,facility,51.36,-0.17,OpenAQ v3 locations,candidate_needs_review,London Teddington,156,51.42099,-0.339647,13.585,no2;o3,DEFRA | Unknown Governmental Organization | United Kingdom | Europe/London,20,16,15,5,56,"Candidate only; compare against DEFRA/AURN, local context and source provenance before validation."
Beddington ERF,beddington_erf,"Sutton, London",51.36,-0.17,Ewell,51.31350876,-0.224624622,facility,51.36,-0.17,OpenAQ v3 locations,candidate_needs_review,Google Street View Car,61486,51.503634709156785,-0.15036661820359595,16.029,co2;no;no2;nox;pm25,london mobile | Unknown Research Organization | United Kingdom | London | Europe/London,16,35,0,5,56,"Candidate only; compare against DEFRA/AURN, local context and source provenance before validation."
Beddington ERF,beddington_erf,"Sutton, London",51.36,-0.17,Ewell,51.31350876,-0.224624622,facility,51.36,-0.17,OpenAQ v3 locations,candidate_needs_review,Google Street View Car,61487,51.50225232682155,-0.16491291569562416,15.822,co2;no;no2;nox;pm25,london mobile | Unknown Research Organization | United Kingdom | London | Europe/London,16,35,0,5,56,"Candidate only; compare against DEFRA/AURN, local context and source provenance before validation."
Beddington ERF,beddington_erf,"Sutton, London",51.36,-0.17,Ewell,51.31350876,-0.224624622,facility,51.36,-0.17,OpenAQ v3 locations,candidate_needs_review,Kensington Church Walk,223720,51.501862,-0.19241,15.851,no;no2;nox;pm25,london stationary | Unknown Research Organization | United Kingdom | Europe/London,16,35,0,5,56,"Candidate only; compare against DEFRA/AURN, local context and source provenance before validation."
Beddington ERF,beddington_erf,"Sutton, London",51.36,-0.17,Ewell,51.31350876,-0.224624622,facility,51.36,-0.17,OpenAQ v3 locations,candidate_needs_review,St James,223744,51.474143,-0.038547,15.627,no;no2;nox;pm25,london stationary | Unknown Research Organization | United Kingdom | Europe/London,16,35,0,5,56,"Candidate only; compare against DEFRA/AURN, local context and source provenance before validation."
Beddington ERF,beddington_erf,"Sutton, London",51.36,-0.17,Ewell,51.31350876,-0.224624622,facility,51.36,-0.17,OpenAQ v3 locations,candidate_needs_review,Geraldine Street,223750,51.49562,-0.105412,15.731,no;no2;nox;pm25,london stationary | Unknown Research Organization | United Kingdom | Europe/London,16,35,0,5,56,"Candidate only; compare against DEFRA/AURN, local context and source provenance before validation."
Beddington ERF,beddington_erf,"Sutton, London",51.36,-0.17,Ewell,51.31350876,-0.224624622,facility,51.36,-0.17,OpenAQ v3 locations,candidate_needs_review,Sutton  Surrey,3400943,51.38162747101285,-0.19682565875279487,3.042,pm1;pm25;relativehumidity;temperature;um003,AirGradient | R | United Kingdom | Europe/London,39,12,0,5,56,"Candidate only; compare against DEFRA/AURN, local context and source provenance before validation."
Beddington ERF,beddington_erf,"Sutton, London",51.36,-0.17,Ewell,51.31350876,-0.224624622,control,51.31350876,-0.224624622,OpenAQ v3 locations,candidate_needs_review,Roehampton Lane,223770,51.455096,-0.243402,15.798,no;no2;nox;pm25,london stationary | Unknown Research Organization | United Kingdom | Europe/London,16,35,0,5,56,"Candidate only; compare against DEFRA/AURN, local context and source provenance before validation."
Beddington ERF,beddington_erf,"Sutton, London",51.36,-0.17,Ewell,51.31350876,-0.224624622,control,51.31350876,-0.224624622,OpenAQ v3 locations,candidate_needs_review,St Anns Hill,223789,51.456143,-0.18927,16.049,no;no2;nox;pm25,london stationary | Unknown Research Organization | United Kingdom | Europe/London,16,35,0,5,56,"Candidate only; compare against DEFRA/AURN, local context and source provenance before validation."
Beddington ERF,beddington_erf,"Sutton, London",51.36,-0.17,Ewell,51.31350876,-0.224624622,facility,51.36,-0.17,OpenAQ v3 locations,candidate_needs_review,Whitehall,223733,51.504566,-0.126167,16.36,no;no2;nox;pm25,london stationary | Unknown Research Organization | United Kingdom | Europe/London,15,35,0,5,55,"Candidate only; compare against DEFRA/AURN, local context and source provenance before validation."
Beddington ERF,beddington_erf,"Sutton, London",51.36,-0.17,Ewell,51.31350876,-0.224624622,facility,51.36,-0.17,OpenAQ v3 locations,candidate_needs_review,Park Lane,223741,51.507988,-0.153446,16.496,no;no2;nox;pm25,london stationary | Unknown Research Organization | United Kingdom | Europe/London,15,35,0,5,55,"Candidate only; compare against DEFRA/AURN, local context and source provenance before validation."
Beddington ERF,beddington_erf,"Sutton, London",51.36,-0.17,Ewell,51.31350876,-0.224624622,control,51.31350876,-0.224624622,OpenAQ v3 locations,candidate_needs_review,London Teddington,156,51.42099,-0.339647,14.373,no2;o3,DEFRA | Unknown Governmental Organization | United Kingdom | Europe/London,19,16,15,5,55,"Candidate only; compare against DEFRA/AURN, local context and source provenance before validation."
Beddington ERF,beddington_erf,"Sutton, London",51.36,-0.17,Ewell,51.31350876,-0.224624622,control,51.31350876,-0.224624622,OpenAQ v3 locations,candidate_needs_review,Sutton - Beddington Village,225792,51.3712010773161,-0.131948824988095,9.088,no2;pm10,London Air Quality Network | Unknown Governmental Organization | United Kingdom | Sutton | Europe/London,28,22,0,5,55,"Candidate only; compare against DEFRA/AURN, local context and source provenance before validation."
Beddington ERF,beddington_erf,"Sutton, London",51.36,-0.17,Ewell,51.31350876,-0.224624622,facility,51.36,-0.17,OpenAQ v3 locations,candidate_needs_review,Ladbroke Grove,223730,51.510768,-0.20529,16.942,no;no2;nox;pm25,london stationary | Unknown Research Organization | United Kingdom | Europe/London,14,35,0,5,54,"Candidate only; compare against DEFRA/AURN, local context and source provenance before validation."
Beddington ERF,beddington_erf,"Sutton, London",51.36,-0.17,Ewell,51.31350876,-0.224624622,facility,51.36,-0.17,OpenAQ v3 locations,candidate_needs_review,Edgware Road,223739,51.51419,-0.161979,17.154,no;no2;nox;pm25,london stationary | Unknown Research Organization | United Kingdom | Europe/London,14,35,0,5,54,"Candidate only; compare against DEFRA/AURN, local context and source provenance before validation."
Beddington ERF,beddington_erf,"Sutton, London",51.36,-0.17,Ewell,51.31350876,-0.224624622,facility,51.36,-0.17,OpenAQ v3 locations,candidate_needs_review,Shaftsbury Avenue,223740,51.51207,-0.131959,17.114,no;no2;nox;pm25,london stationary | Unknown Research Organization | United Kingdom | Europe/London,14,35,0,5,54,"Candidate only; compare against DEFRA/AURN, local context and source provenance before validation."
Beddington ERF,beddington_erf,"Sutton, London",51.36,-0.17,Ewell,51.31350876,-0.224624622,facility,51.36,-0.17,OpenAQ v3 locations,candidate_needs_review,Cornwall Road,223769,51.506643,-0.112107,16.793,no;no2;nox;pm25,london stationary | Unknown Research Organization | United Kingdom | Europe/London,14,35,0,5,54,"Candidate only; compare against DEFRA/AURN, local context and source provenance before validation."
Beddington ERF,beddington_erf,"Sutton, London",51.36,-0.17,Ewell,51.31350876,-0.224624622,control,51.31350876,-0.224624622,OpenAQ v3 locations,candidate_needs_review,Upper Richmond Road,223764,51.465116,-0.254736,16.987,no;no2;nox;pm25,london stationary | Unknown Research Organization | United Kingdom | Europe/London,14,35,0,5,54,"Candidate only; compare against DEFRA/AURN, local context and source provenance before validation."
Beddington ERF,beddington_erf,"Sutton, London",51.36,-0.17,Ewell,51.31350876,-0.224624622,facility,51.36,-0.17,OpenAQ v3 locations,candidate_needs_review,Ealing Horn Lane,149,51.51895,-0.265617,18.876,no2;pm10,DEFRA | Unknown Governmental Organization | United Kingdom | London | Europe/London,11,22,15,5,53,"Candidate only; compare against DEFRA/AURN, local context and source provenance before validation."
Beddington ERF,beddington_erf,"Sutton, London",51.36,-0.17,Ewell,51.31350876,-0.224624622,facility,51.36,-0.17,OpenAQ v3 locations,candidate_needs_review,Cannon Street,223724,51.511403,-0.089336,17.74,no;no2;nox;pm25,london stationary | Unknown Research Organization | United Kingdom | Europe/London,13,35,0,5,53,"Candidate only; compare against DEFRA/AURN, local context and source provenance before validation."
Beddington ERF,beddington_erf,"Sutton, London",51.36,-0.17,Ewell,51.31350876,-0.224624622,facility,51.36,-0.17,OpenAQ v3 locations,candidate_needs_review,Crowthorne Road,223747,51.516554,-0.218503,17.73,no;no2;nox;pm25,london stationary | Unknown Research Organization | United Kingdom | Europe/London,13,35,0,5,53,"Candidate only; compare against DEFRA/AURN, local context and source provenance before validation."
Beddington ERF,beddington_erf,"Sutton, London",51.36,-0.17,Ewell,51.31350876,-0.224624622,facility,51.36,-0.17,OpenAQ v3 locations,candidate_needs_review,Blomfontein Road,223762,51.514071,-0.235418,17.722,no;no2;nox;pm25,london stationary | Unknown Research Organization | United Kingdom | Europe/London,13,35,0,5,53,"Candidate only; compare against DEFRA/AURN, local context and source provenance before validation."
Beddington ERF,beddington_erf,"Sutton, London",51.36,-0.17,Ewell,51.31350876,-0.224624622,facility,51.36,-0.17,OpenAQ v3 locations,candidate_needs_review,Drury Lane,223772,51.513472,-0.119223,17.425,no;no2;nox;pm25,london stationary | Unknown Research Organization | United Kingdom | Europe/London,13,35,0,5,53,"Candidate only; compare against DEFRA/AURN, local context and source provenance before validation."
Beddington ERF,beddington_erf,"Sutton, London",51.36,-0.17,Ewell,51.31350876,-0.224624622,facility,51.36,-0.17,OpenAQ v3 locations,candidate_needs_review,Croydon - Purley Way A23,225734,51.3622305655403,-0.117604507351392,3.646,no2,London Air Quality Network | Unknown Governmental Organization | United Kingdom | Croydon | Europe/London,38,10,0,5,53,"Candidate only; compare against DEFRA/AURN, local context and source provenance before validation."
Beddington ERF,beddington_erf,"Sutton, London",51.36,-0.17,Ewell,51.31350876,-0.224624622,facility,51.36,-0.17,OpenAQ v3 locations,candidate_needs_review,Kingston Upon Thames - Cromwell Road,225757,51.412308,-0.29658478,10.535,no2;pm10,London Air Quality Network | Unknown Governmental Organization | United Kingdom | Kingston | Europe/London,26,22,0,5,53,"Candidate only; compare against DEFRA/AURN, local context and source provenance before validation."
Beddington ERF,beddington_erf,"Sutton, London",51.36,-0.17,Ewell,51.31350876,-0.224624622,facility,51.36,-0.17,OpenAQ v3 locations,candidate_needs_review,Kingston Upon Thames - Kingston Vale,225780,51.4355006647773,-0.257029893767993,10.341,no2;pm10,London Air Quality Network | Unknown Governmental Organization | United Kingdom | Kingston | Europe/London,26,22,0,5,53,"Candidate only; compare against DEFRA/AURN, local context and source provenance before validation."
Beddington ERF,beddington_erf,"Sutton, London",51.36,-0.17,Ewell,51.31350876,-0.224624622,control,51.31350876,-0.224624622,OpenAQ v3 locations,candidate_needs_review,Horley - UKA00511,2541,51.16586499968483,-0.16773400028100247,16.888,no2;pm10;pm25,EEA | Unknown Governmental Organization | United Kingdom | Reigate and Banstead | Europe/London,14,34,0,5,53,"Candidate only; compare against DEFRA/AURN, local context and source provenance before validation."
Beddington ERF,beddington_erf,"Sutton, London",51.36,-0.17,Ewell,51.31350876,-0.224624622,control,51.31350876,-0.224624622,OpenAQ v3 locations,candidate_needs_review,Kew Road,223784,51.46394,-0.301597,17.559,no;no2;nox;pm25,london stationary | Unknown Research Organization | United Kingdom | Europe/London,13,35,0,5,53,"Candidate only; compare against DEFRA/AURN, local context and source provenance before validation."
Beddington ERF,beddington_erf,"Sutton, London",51.36,-0.17,Ewell,51.31350876,-0.224624622,facility,51.36,-0.17,OpenAQ v3 locations,candidate_needs_review,London Bloomsbury - UKA00211,148,51.52228999923011,-0.12588900021133392,18.303,no2;o3;pm10;pm25;so2,EEA | Unknown Governmental Organization | United Kingdom | Camden | Europe/London,12,35,0,5,52,"Candidate only; compare against DEFRA/AURN, local context and source provenance before validation."
Beddington ERF,beddington_erf,"Sutton, London",51.36,-0.17,Ewell,51.31350876,-0.224624622,facility,51.36,-0.17,OpenAQ v3 locations,candidate_needs_review,Westminster - Marylebone Road,154,51.52254,-0.15459,18.105,co;no2;o3;pm10;pm25;so2,London Air Quality Network | Unknown Governmental Organization | United Kingdom | Westminster | Europe/London,12,35,0,5,52,"Candidate only; compare against DEFRA/AURN, local context and source provenance before validation."
Beddington ERF,beddington_erf,"Sutton, London",51.36,-0.17,Ewell,51.31350876,-0.224624622,facility,51.36,-0.17,OpenAQ v3 locations,candidate_needs_review,London N. Kensington - UKA00253,155,51.52104999941992,-0.21349199974454106,18.16,co;no2;o3;pm10;pm25;so2,EEA | Unknown Governmental Organization | United Kingdom | Kensington and Chelsea | Europe/London,12,35,0,5,52,"Candidate only; compare against DEFRA/AURN, local context and source provenance before validation."
Beddington ERF,beddington_erf,"Sutton, London",51.36,-0.17,Ewell,51.31350876,-0.224624622,facility,51.36,-0.17,OpenAQ v3 locations,candidate_needs_review,West Smithsfield,223691,51.518921,-0.100905,18.309,no;no2;nox;pm25,london stationary | Unknown Research Organization | United Kingdom | Europe/London,12,35,0,5,52,"Candidate only; compare against DEFRA/AURN, local context and source provenance before validation."
Beddington ERF,beddington_erf,"Sutton, London",51.36,-0.17,Ewell,51.31350876,-0.224624622,facility,51.36,-0.17,OpenAQ v3 locations,candidate_needs_review,Haimo Road,223714,51.455253,0.040655,18.046,no;no2;nox;pm25,london stationary | Unknown Research Organization | United Kingdom | Europe/London,12,35,0,5,52,"Candidate only; compare against DEFRA/AURN, local context and source provenance before validation."
Beddington ERF,beddington_erf,"Sutton, London",51.36,-0.17,Ewell,51.31350876,-0.224624622,facility,51.36,-0.17,OpenAQ v3 locations,candidate_needs_review,Marylebone,223754,51.52304,-0.174732,18.132,no;no2;nox;pm25,london stationary | Unknown Research Organization | United Kingdom | Europe/London,12,35,0,5,52,"Candidate only; compare against DEFRA/AURN, local context and source provenance before validation."
Beddington ERF,beddington_erf,"Sutton, London",51.36,-0.17,Ewell,51.31350876,-0.224624622,facility,51.36,-0.17,OpenAQ v3 locations,candidate_needs_review,Bank Junction,223767,51.513206,-0.088786,17.942,no;no2;nox;pm25,london stationary | Unknown Research Organization | United Kingdom | Europe/London,12,35,0,5,52,"Candidate only; compare against DEFRA/AURN, local context and source provenance before validation."
Beddington ERF,beddington_erf,"Sutton, London",51.36,-0.17,Ewell,51.31350876,-0.224624622,facility,51.36,-0.17,OpenAQ v3 locations,candidate_needs_review,London Wall,223709,51.516749,-0.085342,18.391,no;no2;nox;pm25,london stationary | Unknown Research Organization | United Kingdom | Europe/London,11,35,0,5,51,"Candidate only; compare against DEFRA/AURN, local context and source provenance before validation."
Beddington ERF,beddington_erf,"Sutton, London",51.36,-0.17,Ewell,51.31350876,-0.224624622,facility,51.36,-0.17,OpenAQ v3 locations,candidate_needs_review,Wyndham Road,223731,51.50061,-0.320726,18.805,no;no2;nox;pm25,london stationary | Unknown Research Organization | United Kingdom | Europe/London,11,35,0,5,51,"Candidate only; compare against DEFRA/AURN, local context and source provenance before validation."
Beddington ERF,beddington_erf,"Sutton, London",51.36,-0.17,Ewell,51.31350876,-0.224624622,facility,51.36,-0.17,OpenAQ v3 locations,candidate_needs_review,Whitecross,223768,51.521451,-0.092771,18.734,no;no2;nox;pm25,london stationary | Unknown Research Organization | United Kingdom | Europe/London,11,35,0,5,51,"Candidate only; compare against DEFRA/AURN, local context and source provenance before validation."
Beddington ERF,beddington_erf,"Sutton, London",51.36,-0.17,Ewell,51.31350876,-0.224624622,facility,51.36,-0.17,OpenAQ v3 locations,candidate_needs_review,Laystall St,223775,51.522514,-0.112014,18.512,no;no2;nox;pm25,london stationary | Unknown Research Organization | United Kingdom | Europe/London,11,35,0,5,51,"Candidate only; compare against DEFRA/AURN, local context and source provenance before validation."
Beddington ERF,beddington_erf,"Sutton, London",51.36,-0.17,Ewell,51.31350876,-0.224624622,facility,51.36,-0.17,OpenAQ v3 locations,candidate_needs_review,Merton - Morden Civic Centre 2,225775,51.40162,-0.19589212,4.965,no2,London Air Quality Network | Unknown Governmental Organization | United Kingdom | Merton | Europe/London,36,10,0,5,51,"Candidate only; compare against DEFRA/AURN, local context and source provenance before validation."
Beddington ERF,beddington_erf,"Sutton, London",51.36,-0.17,Ewell,51.31350876,-0.224624622,control,51.31350876,-0.224624622,OpenAQ v3 locations,candidate_needs_review,Stockwell Road,223699,51.466706,-0.117473,18.587,no;no2;nox;pm25,london stationary | Unknown Research Organization | United Kingdom | Europe/London,11,35,0,5,51,"Candidate only; compare against DEFRA/AURN, local context and source provenance before validation."
Beddington ERF,beddington_erf,"Sutton, London",51.36,-0.17,Ewell,51.31350876,-0.224624622,control,51.31350876,-0.224624622,OpenAQ v3 locations,candidate_needs_review,Dagnall Street,223717,51.4738,-0.157493,18.422,no;no2;nox;pm25,london stationary | Unknown Research Organization | United Kingdom | Europe/London,11,35,0,5,51,"Candidate only; compare against DEFRA/AURN, local context and source provenance before validation."
Beddington ERF,beddington_erf,"Sutton, London",51.36,-0.17,Ewell,51.31350876,-0.224624622,control,51.31350876,-0.224624622,OpenAQ v3 locations,candidate_needs_review,Crawley - Gatwick Airport,225742,51.158094,-0.150715,18.031,no2;pm10;pm25,London Air Quality Network | Unknown Governmental Organization | United Kingdom | Europe/London,12,34,0,5,51,"Candidate only; compare against DEFRA/AURN, local context and source provenance before validation."
Beddington ERF,beddington_erf,"Sutton, London",51.36,-0.17,Ewell,51.31350876,-0.224624622,facility,51.36,-0.17,OpenAQ v3 locations,candidate_needs_review,London Westminster - UKA00435,159,51.4946699996591,-0.13193099964204494,15.205,no2;o3;pm25,EEA | Unknown Governmental Organization | United Kingdom | London | Europe/London,17,28,0,5,50,"Candidate only; compare against DEFRA/AURN, local context and source provenance before validation."
Beddington ERF,beddington_erf,"Sutton, London",51.36,-0.17,Ewell,51.31350876,-0.224624622,facility,51.36,-0.17,OpenAQ v3 locations,candidate_needs_review,The Royal London Hospital,223763,51.518778,-0.058917,19.261,no;no2;nox;pm25,london stationary | Unknown Research Organization | United Kingdom | Europe/London,10,35,0,5,50,"Candidate only; compare against DEFRA/AURN, local context and source provenance before validation."
Beddington ERF,beddington_erf,"Sutton, London",51.36,-0.17,Ewell,51.31350876,-0.224624622,facility,51.36,-0.17,OpenAQ v3 locations,candidate_needs_review,Croydon - Norbury Manor,225824,51.410039,-0.127523,6.297,pm25,London Air Quality Network | Unknown Governmental Organization | United Kingdom | Croydon | Europe/London,33,12,0,5,50,"Candidate only; compare against DEFRA/AURN, local context and source provenance before validation."
Beddington ERF,beddington_erf,"Sutton, London",51.36,-0.17,Ewell,51.31350876,-0.224624622,control,51.31350876,-0.224624622,OpenAQ v3 locations,candidate_needs_review,Charing Cross Hospital,223698,51.487354,-0.221561,19.332,no;no2;nox;pm25,london stationary | Unknown Research Organization | United Kingdom | Europe/London,10,35,0,5,50,"Candidate only; compare against DEFRA/AURN, local context and source provenance before validation."
Beddington ERF,beddington_erf,"Sutton, London",51.36,-0.17,Ewell,51.31350876,-0.224624622,control,51.31350876,-0.224624622,OpenAQ v3 locations,candidate_needs_review,Parkside,223760,51.426126,-0.222013,12.524,no;no2;nox,london stationary | Unknown Research Organization | United Kingdom | Europe/London,22,23,0,5,50,"Candidate only; compare against DEFRA/AURN, local context and source provenance before validation."
Beddington ERF,beddington_erf,"Sutton, London",51.36,-0.17,Ewell,51.31350876,-0.224624622,control,51.31350876,-0.224624622,OpenAQ v3 locations,candidate_needs_review,Wandsworth Road,223782,51.475735,-0.131209,19.168,no;no2;nox;pm25,london stationary | Unknown Research Organization | United Kingdom | Europe/London,10,35,0,5,50,"Candidate only; compare against DEFRA/AURN, local context and source provenance before validation."
Beddington ERF,beddington_erf,"Sutton, London",51.36,-0.17,Ewell,51.31350876,-0.224624622,control,51.31350876,-0.224624622,OpenAQ v3 locations,candidate_needs_review,Fulham Palace Road,223798,51.486377,-0.220843,19.224,no;no2;nox;pm25,london stationary | Unknown Research Organization | United Kingdom | Europe/London,10,35,0,5,50,"Candidate only; compare against DEFRA/AURN, local context and source provenance before validation."
Beddington ERF,beddington_erf,"Sutton, London",51.36,-0.17,Ewell,51.31350876,-0.224624622,control,51.31350876,-0.224624622,OpenAQ v3 locations,candidate_needs_review,Reigate and Banstead - A23 Hooley,225785,51.2924706381269,-0.154121454400678,5.431,no2,London Air Quality Network | Unknown Governmental Organization | United Kingdom | Reigate and Banstead | Europe/London,35,10,0,5,50,"Candidate only; compare against DEFRA/AURN, local context and source provenance before validation."
Beddington ERF,beddington_erf,"Sutton, London",51.36,-0.17,Ewell,51.31350876,-0.224624622,facility,51.36,-0.17,OpenAQ v3 locations,candidate_needs_review,Greenwich - Eltham,147,51.45258,0.070766,19.618,no2;o3;pm10;pm25,London Air Quality Network | Unknown Governmental Organization | United Kingdom | Greenwich | Europe/London,9,35,0,5,49,"Candidate only; compare against DEFRA/AURN, local context and source provenance before validation."
Beddington ERF,beddington_erf,"Sutton, London",51.36,-0.17,Ewell,51.31350876,-0.224624622,facility,51.36,-0.17,OpenAQ v3 locations,candidate_needs_review,Albert Street,223723,51.536271,-0.143525,19.686,no;no2;nox;pm25,london stationary | Unknown Research Organization | United Kingdom | Europe/London,9,35,0,5,49,"Candidate only; compare against DEFRA/AURN, local context and source provenance before validation."
Beddington ERF,beddington_erf,"Sutton, London",51.36,-0.17,Ewell,51.31350876,-0.224624622,facility,51.36,-0.17,OpenAQ v3 locations,candidate_needs_review,Columbia Road,223738,51.528491,-0.074268,19.875,no;no2;nox;pm25,london stationary | Unknown Research Organization | United Kingdom | Europe/London,9,35,0,5,49,"Candidate only; compare against DEFRA/AURN, local context and source provenance before validation."
Beddington ERF,beddington_erf,"Sutton, London",51.36,-0.17,Ewell,51.31350876,-0.224624622,facility,51.36,-0.17,OpenAQ v3 locations,candidate_needs_review,Beckenham Lane,223749,51.4073728,0.0057789,13.287,no;no2;nox,london stationary | Unknown Research Organization | United Kingdom | Europe/London,21,23,0,5,49,"Candidate only; compare against DEFRA/AURN, local context and source provenance before validation."
Beddington ERF,beddington_erf,"Sutton, London",51.36,-0.17,Ewell,51.31350876,-0.224624622,control,51.31350876,-0.224624622,OpenAQ v3 locations,candidate_needs_review,Churchill Gardens Road,223705,51.486223,-0.14503,19.983,no;no2;nox;pm25,london stationary | Unknown Research Organization | United Kingdom | Europe/London,9,35,0,5,49,"Candidate only; compare against DEFRA/AURN, local context and source provenance before validation."
Beddington ERF,beddington_erf,"Sutton, London",51.36,-0.17,Ewell,51.31350876,-0.224624622,control,51.31350876,-0.224624622,OpenAQ v3 locations,candidate_needs_review,Devonshire Street,223746,51.488199,-0.255688,19.544,no;no2;nox;pm25,london stationary | Unknown Research Organization | United Kingdom | Europe/London,9,35,0,5,49,"Candidate only; compare against DEFRA/AURN, local context and source provenance before validation."
Beddington ERF,beddington_erf,"Sutton, London",51.36,-0.17,Ewell,51.31350876,-0.224624622,control,51.31350876,-0.224624622,OpenAQ v3 locations,candidate_needs_review,Hanworth Road,223792,51.468625,-0.35977,19.632,no;no2;nox;pm25,london stationary | Unknown Research Organization | United Kingdom | Europe/London,9,35,0,5,49,"Candidate only; compare against DEFRA/AURN, local context and source provenance before validation."
Beddington ERF,beddington_erf,"Sutton, London",51.36,-0.17,Ewell,51.31350876,-0.224624622,facility,51.36,-0.17,OpenAQ v3 locations,candidate_needs_review,London Teddington Bushy Park - UKA00572,158,51.425285999344624,-0.3456059996846904,14.183,pm10;pm25,EEA | Unknown Governmental Organization | United Kingdom | London | Europe/London,19,24,0,5,48,"Candidate only; compare against DEFRA/AURN, local context and source provenance before validation."
Beddington ERF,beddington_erf,"Sutton, London",51.36,-0.17,Ewell,51.31350876,-0.224624622,facility,51.36,-0.17,OpenAQ v3 locations,candidate_needs_review,Morpeth Street,223713,51.527588,-0.047295,20.484,no;no2;nox;pm25,london stationary | Unknown Research Organization | United Kingdom | Europe/London,8,35,0,5,48,"Candidate only; compare against DEFRA/AURN, local context and source provenance before validation."
Beddington ERF,beddington_erf,"Sutton, London",51.36,-0.17,Ewell,51.31350876,-0.224624622,facility,51.36,-0.17,OpenAQ v3 locations,candidate_needs_review,Mansford Street,223757,51.528757,-0.061823,20.207,no;no2;nox;pm25,london stationary | Unknown Research Organization | United Kingdom | Europe/London,8,35,0,5,48,"Candidate only; compare against DEFRA/AURN, local context and source provenance before validation."
Beddington ERF,beddington_erf,"Sutton, London",51.36,-0.17,Ewell,51.31350876,-0.224624622,facility,51.36,-0.17,OpenAQ v3 locations,candidate_needs_review,Croydon - Norbury,225709,51.411349,-0.12311,6.572,no2,London Air Quality Network | Unknown Governmental Organization | United Kingdom | Croydon | Europe/London,33,10,0,5,48,"Candidate only; compare against DEFRA/AURN, local context and source provenance before validation."
Beddington ERF,beddington_erf,"Sutton, London",51.36,-0.17,Ewell,51.31350876,-0.224624622,facility,51.36,-0.17,OpenAQ v3 locations,candidate_needs_review,Mitcham Road,3308933,51.42551,-0.16475,7.293,pm25,Clarity | Clarity | United Kingdom | Europe/London,31,12,0,5,48,"Candidate only; compare against DEFRA/AURN, local context and source provenance before validation."
Beddington ERF,beddington_erf,"Sutton, London",51.36,-0.17,Ewell,51.31350876,-0.224624622,facility,51.36,-0.17,OpenAQ v3 locations,candidate_needs_review,Queens Road,5428436,51.425235505607105,-0.19021833682509298,7.388,pm1;pm25;relativehumidity;temperature;um003,AirGradient | AirGradient | United Kingdom | Europe/London,31,12,0,5,48,"Candidate only; compare against DEFRA/AURN, local context and source provenance before validation."
Beddington ERF,beddington_erf,"Sutton, London",51.36,-0.17,Ewell,51.31350876,-0.224624622,control,51.31350876,-0.224624622,OpenAQ v3 locations,candidate_needs_review,Durham Street,223702,51.485597,-0.11909,20.488,no;no2;nox;pm25,london stationary | Unknown Research Organization | United Kingdom | Europe/London,8,35,0,5,48,"Candidate only; compare against DEFRA/AURN, local context and source provenance before validation."
Beddington ERF,beddington_erf,"Sutton, London",51.36,-0.17,Ewell,51.31350876,-0.224624622,control,51.31350876,-0.224624622,OpenAQ v3 locations,candidate_needs_review,Cadogan Gardens,223748,51.493217,-0.158772,20.498,no;no2;nox;pm25,london stationary | Unknown Research Organization | United Kingdom | Europe/London,8,35,0,5,48,"Candidate only; compare against DEFRA/AURN, local context and source provenance before validation."
Beddington ERF,beddington_erf,"Sutton, London",51.36,-0.17,Ewell,51.31350876,-0.224624622,control,51.31350876,-0.224624622,OpenAQ v3 locations,candidate_needs_review,Camberwell Road,223761,51.475739,-0.093557,20.202,no;no2;nox;pm25,london stationary | Unknown Research Organization | United Kingdom | Europe/London,8,35,0,5,48,"Candidate only; compare against DEFRA/AURN, local context and source provenance before validation."
Beddington ERF,beddington_erf,"Sutton, London",51.36,-0.17,Ewell,51.31350876,-0.224624622,control,51.31350876,-0.224624622,OpenAQ v3 locations,candidate_needs_review,Triangle Adventure Playground,223806,51.481924,-0.115556,20.198,no;no2;nox;pm25,london stationary | Unknown Research Organization | United Kingdom | Europe/London,8,35,0,5,48,"Candidate only; compare against DEFRA/AURN, local context and source provenance before validation."
Beddington ERF,beddington_erf,"Sutton, London",51.36,-0.17,Ewell,51.31350876,-0.224624622,control,51.31350876,-0.224624622,OpenAQ v3 locations,candidate_needs_review,Exhibition Road,223808,51.495475,-0.173573,20.541,no;no2;nox;pm25,london stationary | Unknown Research Organization | United Kingdom | Europe/London,8,35,0,5,48,"Candidate only; compare against DEFRA/AURN, local context and source provenance before validation."
Beddington ERF,beddington_erf,"Sutton, London",51.36,-0.17,Ewell,51.31350876,-0.224624622,control,51.31350876,-0.224624622,OpenAQ v3 locations,candidate_needs_review,Bromley - Harwood Avenue,225725,51.405545999999994,0.018882,19.764,no2;pm10;pm25,London Air Quality Network | Unknown Governmental Organization | United Kingdom | Bromley | Europe/London,9,34,0,5,48,"Candidate only; compare against DEFRA/AURN, local context and source provenance before validation."
Beddington ERF,beddington_erf,"Sutton, London",51.36,-0.17,Ewell,51.31350876,-0.224624622,facility,51.36,-0.17,OpenAQ v3 locations,candidate_needs_review,Camden Kerbside - UKA00259,152,51.54420999974351,-0.17526899971392015,20.486,no2;pm10;pm25,EEA | Unknown Governmental Organization | United Kingdom | Camden | Europe/London,8,34,0,5,47,"Candidate only; compare against DEFRA/AURN, local context and source provenance before validation."
Beddington ERF,beddington_erf,"Sutton, London",51.36,-0.17,Ewell,51.31350876,-0.224624622,facility,51.36,-0.17,OpenAQ v3 locations,candidate_needs_review,Hunslett Street,223721,51.529308,-0.048721,20.617,no;no2;nox;pm25,london stationary | Unknown Research Organization | United Kingdom | Europe/London,7,35,0,5,47,"Candidate only; compare against DEFRA/AURN, local context and source provenance before validation."
Beddington ERF,beddington_erf,"Sutton, London",51.36,-0.17,Ewell,51.31350876,-0.224624622,facility,51.36,-0.17,OpenAQ v3 locations,candidate_needs_review,Haverstock Hill,223728,51.549012,-0.162351,21.024,no;no2;nox;pm25,london stationary | Unknown Research Organization | United Kingdom | Europe/London,7,35,0,5,47,"Candidate only; compare against DEFRA/AURN, local context and source provenance before validation."
Beddington ERF,beddington_erf,"Sutton, London",51.36,-0.17,Ewell,51.31350876,-0.224624622,facility,51.36,-0.17,OpenAQ v3 locations,candidate_needs_review,National Physical Laboratory,223735,51.42661,-0.345043,14.225,no;no2;nox,london stationary | Unknown Research Organization | United Kingdom | Europe/London,19,23,0,5,47,"Candidate only; compare against DEFRA/AURN, local context and source provenance before validation."
Beddington ERF,beddington_erf,"Sutton, London",51.36,-0.17,Ewell,51.31350876,-0.224624622,control,51.31350876,-0.224624622,OpenAQ v3 locations,candidate_needs_review,Kensington Church Walk,223720,51.501862,-0.19241,21.063,no;no2;nox;pm25,london stationary | Unknown Research Organization | United Kingdom | Europe/London,7,35,0,5,47,"Candidate only; compare against DEFRA/AURN, local context and source provenance before validation."
Beddington ERF,beddington_erf,"Sutton, London",51.36,-0.17,Ewell,51.31350876,-0.224624622,control,51.31350876,-0.224624622,OpenAQ v3 locations,candidate_needs_review,High Road,223722,51.39905,-0.075379,14.067,no;no2;nox,london stationary | Unknown Research Organization | United Kingdom | Europe/London,19,23,0,5,47,"Candidate only; compare against DEFRA/AURN, local context and source provenance before validation."
Beddington ERF,beddington_erf,"Sutton, London",51.36,-0.17,Ewell,51.31350876,-0.224624622,control,51.31350876,-0.224624622,OpenAQ v3 locations,candidate_needs_review,Peckham Road,223725,51.474326,-0.078151,20.568,no;no2;nox;pm25,london stationary | Unknown Research Organization | United Kingdom | Europe/London,7,35,0,5,47,"Candidate only; compare against DEFRA/AURN, local context and source provenance before validation."
Beddington ERF,beddington_erf,"Sutton, London",51.36,-0.17,Ewell,51.31350876,-0.224624622,control,51.31350876,-0.224624622,OpenAQ v3 locations,candidate_needs_review,Sutton  Surrey,3400943,51.38162747101285,-0.19682565875279487,7.817,pm1;pm25;relativehumidity;temperature;um003,AirGradient | R | United Kingdom | Europe/London,30,12,0,5,47,"Candidate only; compare against DEFRA/AURN, local context and source provenance before validation."
Beddington ERF,beddington_erf,"Sutton, London",51.36,-0.17,Ewell,51.31350876,-0.224624622,facility,51.36,-0.17,OpenAQ v3 locations,candidate_needs_review,Caledonian Road,223703,51.550067,-0.117987,21.44,no;no2;nox;pm25,london stationary | Unknown Research Organization | United Kingdom | Europe/London,6,35,0,5,46,"Candidate only; compare against DEFRA/AURN, local context and source provenance before validation."
Beddington ERF,beddington_erf,"Sutton, London",51.36,-0.17,Ewell,51.31350876,-0.224624622,facility,51.36,-0.17,OpenAQ v3 locations,candidate_needs_review,Devas Street,223704,51.523099,-0.012704,21.16,no;no2;nox;pm25,london stationary | Unknown Research Organization | United Kingdom | Europe/London,6,35,0,5,46,"Candidate only; compare against DEFRA/AURN, local context and source provenance before validation."
Beddington ERF,beddington_erf,"Sutton, London",51.36,-0.17,Ewell,51.31350876,-0.224624622,facility,51.36,-0.17,OpenAQ v3 locations,candidate_needs_review,Reigate and Banstead - A23 Hooley,225785,51.2924706381269,-0.154121454400678,7.59,no2,London Air Quality Network | Unknown Governmental Organization | United Kingdom | Reigate and Banstead | Europe/London,31,10,0,5,46,"Candidate only; compare against DEFRA/AURN, local context and source provenance before validation."
Beddington ERF,beddington_erf,"Sutton, London",51.36,-0.17,Ewell,51.31350876,-0.224624622,control,51.31350876,-0.224624622,OpenAQ v3 locations,candidate_needs_review,London Teddington Bushy Park - UKA00572,158,51.425285999344624,-0.3456059996846904,15.0,pm10;pm25,EEA | Unknown Governmental Organization | United Kingdom | London | Europe/London,17,24,0,5,46,"Candidate only; compare against DEFRA/AURN, local context and source provenance before validation."
Beddington ERF,beddington_erf,"Sutton, London",51.36,-0.17,Ewell,51.31350876,-0.224624622,control,51.31350876,-0.224624622,OpenAQ v3 locations,candidate_needs_review,Google Street View Car,61487,51.50225232682155,-0.16491291569562416,21.392,co2;no;no2;nox;pm25,london mobile | Unknown Research Organization | United Kingdom | London | Europe/London,6,35,0,5,46,"Candidate only; compare against DEFRA/AURN, local context and source provenance before validation."
Beddington ERF,beddington_erf,"Sutton, London",51.36,-0.17,Ewell,51.31350876,-0.224624622,control,51.31350876,-0.224624622,OpenAQ v3 locations,candidate_needs_review,Lollard Street,223777,51.492714,-0.114098,21.351,no;no2;nox;pm25,london stationary | Unknown Research Organization | United Kingdom | Europe/London,6,35,0,5,46,"Candidate only; compare against DEFRA/AURN, local context and source provenance before validation."
Beddington ERF,beddington_erf,"Sutton, London",51.36,-0.17,Ewell,51.31350876,-0.224624622,control,51.31350876,-0.224624622,OpenAQ v3 locations,candidate_needs_review,The Vale,223788,51.506679,-0.262782,21.642,no;no2;nox;pm25,london stationary | Unknown Research Organization | United Kingdom | Europe/London,6,35,0,5,46,"Candidate only; compare against DEFRA/AURN, local context and source provenance before validation."
Beddington ERF,beddington_erf,"Sutton, London",51.36,-0.17,Ewell,51.31350876,-0.224624622,facility,51.36,-0.17,OpenAQ v3 locations,candidate_needs_review,Horley - UKA00511,2541,51.16586499968483,-0.16773400028100247,21.587,no2;pm10;pm25,EEA | Unknown Governmental Organization | United Kingdom | Reigate and Banstead | Europe/London,6,34,0,5,45,"Candidate only; compare against DEFRA/AURN, local context and source provenance before validation."
Beddington ERF,beddington_erf,"Sutton, London",51.36,-0.17,Ewell,51.31350876,-0.224624622,facility,51.36,-0.17,OpenAQ v3 locations,candidate_needs_review,Savernake Road,223710,51.5554849,-0.1523385,21.771,no;no2;nox;pm25,london stationary | Unknown Research Organization | United Kingdom | Europe/London,5,35,0,5,45,"Candidate only; compare against DEFRA/AURN, local context and source provenance before validation."
Beddington ERF,beddington_erf,"Sutton, London",51.36,-0.17,Ewell,51.31350876,-0.224624622,facility,51.36,-0.17,OpenAQ v3 locations,candidate_needs_review,Queen Margarets Grove,223718,51.549215,-0.079761,21.949,no;no2;nox;pm25,london stationary | Unknown Research Organization | United Kingdom | Europe/London,5,35,0,5,45,"Candidate only; compare against DEFRA/AURN, local context and source provenance before validation."
Beddington ERF,beddington_erf,"Sutton, London",51.36,-0.17,Ewell,51.31350876,-0.224624622,facility,51.36,-0.17,OpenAQ v3 locations,candidate_needs_review,Holloway Road,223771,51.555387,-0.116092,22.045,no;no2;nox;pm25,london stationary | Unknown Research Organization | United Kingdom | Europe/London,5,35,0,5,45,"Candidate only; compare against DEFRA/AURN, local context and source provenance before validation."
Beddington ERF,beddington_erf,"Sutton, London",51.36,-0.17,Ewell,51.31350876,-0.224624622,facility,51.36,-0.17,OpenAQ v3 locations,candidate_needs_review,Bellevue Road / Trinity Road,3308934,51.44393,-0.168,9.334,pm25,Clarity | Clarity | United Kingdom | Europe/London,28,12,0,5,45,"Candidate only; compare against DEFRA/AURN, local context and source provenance before validation."
Beddington ERF,beddington_erf,"Sutton, London",51.36,-0.17,Ewell,51.31350876,-0.224624622,facility,51.36,-0.17,OpenAQ v3 locations,candidate_needs_review,Surbiton,4059746,51.38332914888817,-0.29379390511882864,8.976,pm1;pm25;relativehumidity;temperature;um003,AirGradient | jroncero | United Kingdom | Europe/London,28,12,0,5,45,"Candidate only; compare against DEFRA/AURN, local context and source provenance before validation."
Beddington ERF,beddington_erf,"Sutton, London",51.36,-0.17,Ewell,51.31350876,-0.224624622,facility,51.36,-0.17,OpenAQ v3 locations,candidate_needs_review,Surbiton,5200392,51.396764,-0.286408,9.055,pm1;pm25;relativehumidity;temperature;um003,AirGradient | CleanAirSurb | United Kingdom | Europe/London,28,12,0,5,45,"Candidate only; compare against DEFRA/AURN, local context and source provenance before validation."
Beddington ERF,beddington_erf,"Sutton, London",51.36,-0.17,Ewell,51.31350876,-0.224624622,control,51.31350876,-0.224624622,OpenAQ v3 locations,candidate_needs_review,Ealing Horn Lane,149,51.51895,-0.265617,23.02,no2;pm10,DEFRA | Unknown Governmental Organization | United Kingdom | London | Europe/London,3,22,15,5,45,"Candidate only; compare against DEFRA/AURN, local context and source provenance before validation."
Beddington ERF,beddington_erf,"Sutton, London",51.36,-0.17,Ewell,51.31350876,-0.224624622,control,51.31350876,-0.224624622,OpenAQ v3 locations,candidate_needs_review,Google Street View Car,61486,51.503634709156785,-0.15036661820359595,21.759,co2;no;no2;nox;pm25,london mobile | Unknown Research Organization | United Kingdom | London | Europe/London,5,35,0,5,45,"Candidate only; compare against DEFRA/AURN, local context and source provenance before validation."
Beddington ERF,beddington_erf,"Sutton, London",51.36,-0.17,Ewell,51.31350876,-0.224624622,control,51.31350876,-0.224624622,OpenAQ v3 locations,candidate_needs_review,Brook Drive,223692,51.493213,-0.101559,21.729,no;no2;nox;pm25,london stationary | Unknown Research Organization | United Kingdom | Europe/London,5,35,0,5,45,"Candidate only; compare against DEFRA/AURN, local context and source provenance before validation."
Beddington ERF,beddington_erf,"Sutton, London",51.36,-0.17,Ewell,51.31350876,-0.224624622,control,51.31350876,-0.224624622,OpenAQ v3 locations,candidate_needs_review,Ladbroke Grove,223730,51.510768,-0.20529,21.975,no;no2;nox;pm25,london stationary | Unknown Research Organization | United Kingdom | Europe/London,5,35,0,5,45,"Candidate only; compare against DEFRA/AURN, local context and source provenance before validation."
Beddington ERF,beddington_erf,"Sutton, London",51.36,-0.17,Ewell,51.31350876,-0.224624622,control,51.31350876,-0.224624622,OpenAQ v3 locations,candidate_needs_review,Wyndham Road,223731,51.50061,-0.320726,21.846,no;no2;nox;pm25,london stationary | Unknown Research Organization | United Kingdom | Europe/London,5,35,0,5,45,"Candidate only; compare against DEFRA/AURN, local context and source provenance before validation."
Beddington ERF,beddington_erf,"Sutton, London",51.36,-0.17,Ewell,51.31350876,-0.224624622,control,51.31350876,-0.224624622,OpenAQ v3 locations,candidate_needs_review,National Physical Laboratory,223735,51.42661,-0.345043,15.101,no;no2;nox,london stationary | Unknown Research Organization | United Kingdom | Europe/London,17,23,0,5,45,"Candidate only; compare against DEFRA/AURN, local context and source provenance before validation."
Beddington ERF,beddington_erf,"Sutton, London",51.36,-0.17,Ewell,51.31350876,-0.224624622,control,51.31350876,-0.224624622,OpenAQ v3 locations,candidate_needs_review,Park Lane,223741,51.507988,-0.153446,22.181,no;no2;nox;pm25,london stationary | Unknown Research Organization | United Kingdom | Europe/London,5,35,0,5,45,"Candidate only; compare against DEFRA/AURN, local context and source provenance before validation."
Beddington ERF,beddington_erf,"Sutton, London",51.36,-0.17,Ewell,51.31350876,-0.224624622,control,51.31350876,-0.224624622,OpenAQ v3 locations,candidate_needs_review,St James,223744,51.474143,-0.038547,22.039,no;no2;nox;pm25,london stationary | Unknown Research Organization | United Kingdom | Europe/London,5,35,0,5,45,"Candidate only; compare against DEFRA/AURN, local context and source provenance before validation."
Beddington ERF,beddington_erf,"Sutton, London",51.36,-0.17,Ewell,51.31350876,-0.224624622,control,51.31350876,-0.224624622,OpenAQ v3 locations,candidate_needs_review,Geraldine Street,223750,51.49562,-0.105412,21.873,no;no2;nox;pm25,london stationary | Unknown Research Organization | United Kingdom | Europe/London,5,35,0,5,45,"Candidate only; compare against DEFRA/AURN, local context and source provenance before validation."
Beddington ERF,beddington_erf,"Sutton, London",51.36,-0.17,Ewell,51.31350876,-0.224624622,control,51.31350876,-0.224624622,OpenAQ v3 locations,candidate_needs_review,Surbiton,4059746,51.38332914888817,-0.29379390511882864,9.13,pm1;pm25;relativehumidity;temperature;um003,AirGradient | jroncero | United Kingdom | Europe/London,28,12,0,5,45,"Candidate only; compare against DEFRA/AURN, local context and source provenance before validation."
Beddington ERF,beddington_erf,"Sutton, London",51.36,-0.17,Ewell,51.31350876,-0.224624622,facility,51.36,-0.17,OpenAQ v3 locations,candidate_needs_review,Holloway Bus Garage,223689,51.561917,-0.132947,22.598,no;no2;nox;pm25,london stationary | Unknown Research Organization | United Kingdom | Europe/London,4,35,0,5,44,"Candidate only; compare against DEFRA/AURN, local context and source provenance before validation."
Beddington ERF,beddington_erf,"Sutton, London",51.36,-0.17,Ewell,51.31350876,-0.224624622,facility,51.36,-0.17,OpenAQ v3 locations,candidate_needs_review,Cecilia Road,223694,51.54989,-0.06836,22.258,no;no2;nox;pm25,london stationary | Unknown Research Organization | United Kingdom | Europe/London,4,35,0,5,44,"Candidate only; compare against DEFRA/AURN, local context and source provenance before validation."
Beddington ERF,beddington_erf,"Sutton, London",51.36,-0.17,Ewell,51.31350876,-0.224624622,facility,51.36,-0.17,OpenAQ v3 locations,candidate_needs_review,St John's Upper Holloway CE Primary School,223696,51.5625154,-0.132866,22.665,no;no2;nox;pm25,london stationary | Unknown Research Organization | United Kingdom | Europe/London,4,35,0,5,44,"Candidate only; compare against DEFRA/AURN, local context and source provenance before validation."
Beddington ERF,beddington_erf,"Sutton, London",51.36,-0.17,Ewell,51.31350876,-0.224624622,facility,51.36,-0.17,OpenAQ v3 locations,candidate_needs_review,Ballance Road,223727,51.5456,-0.03614,22.626,no;no2;nox;pm25,london stationary | Unknown Research Organization | United Kingdom | Europe/London,4,35,0,5,44,"Candidate only; compare against DEFRA/AURN, local context and source provenance before validation."
Beddington ERF,beddington_erf,"Sutton, London",51.36,-0.17,Ewell,51.31350876,-0.224624622,facility,51.36,-0.17,OpenAQ v3 locations,candidate_needs_review,Pemberton Gardens,223766,51.562469,-0.132545,22.663,no;no2;nox;pm25,london stationary | Unknown Research Organization | United Kingdom | Europe/London,4,35,0,5,44,"Candidate only; compare against DEFRA/AURN, local context and source provenance before validation."
Beddington ERF,beddington_erf,"Sutton, London",51.36,-0.17,Ewell,51.31350876,-0.224624622,facility,51.36,-0.17,OpenAQ v3 locations,candidate_needs_review,Pattison Road,223773,51.560877,-0.195749,22.408,no;no2;nox;pm25,london stationary | Unknown Research Organization | United Kingdom | Europe/London,4,35,0,5,44,"Candidate only; compare against DEFRA/AURN, local context and source provenance before validation."
Beddington ERF,beddington_erf,"Sutton, London",51.36,-0.17,Ewell,51.31350876,-0.224624622,facility,51.36,-0.17,OpenAQ v3 locations,candidate_needs_review,Steerforth Street,223776,51.438489,-0.187703,8.814,no2,london stationary | Unknown Research Organization | United Kingdom | Europe/London,29,10,0,5,44,"Candidate only; compare against DEFRA/AURN, local context and source provenance before validation."
Beddington ERF,beddington_erf,"Sutton, London",51.36,-0.17,Ewell,51.31350876,-0.224624622,facility,51.36,-0.17,OpenAQ v3 locations,candidate_needs_review,Monnery Road,223780,51.560567,-0.135615,22.429,no;no2;nox;pm25,london stationary | Unknown Research Organization | United Kingdom | Europe/London,4,35,0,5,44,"Candidate only; compare against DEFRA/AURN, local context and source provenance before validation."
Beddington ERF,beddington_erf,"Sutton, London",51.36,-0.17,Ewell,51.31350876,-0.224624622,control,51.31350876,-0.224624622,OpenAQ v3 locations,candidate_needs_review,Southwark A2 Old Kent Road - UKA00558,146,51.4804989994662,-0.059550000208953166,21.816,no2;pm10;pm25,EEA | Unknown Governmental Organization | United Kingdom | Southwark | Europe/London,5,34,0,5,44,"Candidate only; compare against DEFRA/AURN, local context and source provenance before validation."
Beddington ERF,beddington_erf,"Sutton, London",51.36,-0.17,Ewell,51.31350876,-0.224624622,control,51.31350876,-0.224624622,OpenAQ v3 locations,candidate_needs_review,Whitehall,223733,51.504566,-0.126167,22.315,no;no2;nox;pm25,london stationary | Unknown Research Organization | United Kingdom | Europe/London,4,35,0,5,44,"Candidate only; compare against DEFRA/AURN, local context and source provenance before validation."
Beddington ERF,beddington_erf,"Sutton, London",51.36,-0.17,Ewell,51.31350876,-0.224624622,control,51.31350876,-0.224624622,OpenAQ v3 locations,candidate_needs_review,Edgware Road,223739,51.51419,-0.161979,22.734,no;no2;nox;pm25,london stationary | Unknown Research Organization | United Kingdom | Europe/London,4,35,0,5,44,"Candidate only; compare against DEFRA/AURN, local context and source provenance before validation."
Beddington ERF,beddington_erf,"Sutton, London",51.36,-0.17,Ewell,51.31350876,-0.224624622,control,51.31350876,-0.224624622,OpenAQ v3 locations,candidate_needs_review,Crowthorne Road,223747,51.516554,-0.218503,22.582,no;no2;nox;pm25,london stationary | Unknown Research Organization | United Kingdom | Europe/London,4,35,0,5,44,"Candidate only; compare against DEFRA/AURN, local context and source provenance before validation."
Beddington ERF,beddington_erf,"Sutton, London",51.36,-0.17,Ewell,51.31350876,-0.224624622,control,51.31350876,-0.224624622,OpenAQ v3 locations,candidate_needs_review,Blomfontein Road,223762,51.514071,-0.235418,22.314,no;no2;nox;pm25,london stationary | Unknown Research Organization | United Kingdom | Europe/London,4,35,0,5,44,"Candidate only; compare against DEFRA/AURN, local context and source provenance before validation."
Beddington ERF,beddington_erf,"Sutton, London",51.36,-0.17,Ewell,51.31350876,-0.224624622,facility,51.36,-0.17,OpenAQ v3 locations,candidate_needs_review,St Thomas's Hospital,223755,51.499104,-0.11705,15.897,no2;pm25,london stationary | Unknown Research Organization | United Kingdom | Europe/London,16,22,0,5,43,"Candidate only; compare against DEFRA/AURN, local context and source provenance before validation."
Beddington ERF,beddington_erf,"Sutton, London",51.36,-0.17,Ewell,51.31350876,-0.224624622,control,51.31350876,-0.224624622,OpenAQ v3 locations,candidate_needs_review,London N. Kensington - UKA00253,155,51.52104999941992,-0.21349199974454106,23.09,co;no2;o3;pm10;pm25;so2,EEA | Unknown Governmental Organization | United Kingdom | Kensington and Chelsea | Europe/London,3,35,0,5,43,"Candidate only; compare against DEFRA/AURN, local context and source provenance before validation."
Beddington ERF,beddington_erf,"Sutton, London",51.36,-0.17,Ewell,51.31350876,-0.224624622,control,51.31350876,-0.224624622,OpenAQ v3 locations,candidate_needs_review,Shaftsbury Avenue,223740,51.51207,-0.131959,22.995,no;no2;nox;pm25,london stationary | Unknown Research Organization | United Kingdom | Europe/London,3,35,0,5,43,"Candidate only; compare against DEFRA/AURN, local context and source provenance before validation."
Beddington ERF,beddington_erf,"Sutton, London",51.36,-0.17,Ewell,51.31350876,-0.224624622,control,51.31350876,-0.224624622,OpenAQ v3 locations,candidate_needs_review,Cornwall Road,223769,51.506643,-0.112107,22.85,no;no2;nox;pm25,london stationary | Unknown Research Organization | United Kingdom | Europe/London,3,35,0,5,43,"Candidate only; compare against DEFRA/AURN, local context and source provenance before validation."
Beddington ERF,beddington_erf,"Sutton, London",51.36,-0.17,Ewell,51.31350876,-0.224624622,control,51.31350876,-0.224624622,OpenAQ v3 locations,candidate_needs_review,Tower Bridge Road,223796,51.501965,-0.077592,23.305,no;no2;nox;pm25,london stationary | Unknown Research Organization | United Kingdom | Europe/London,3,35,0,5,43,"Candidate only; compare against DEFRA/AURN, local context and source provenance before validation."
Beddington ERF,beddington_erf,"Sutton, London",51.36,-0.17,Ewell,51.31350876,-0.224624622,control,51.31350876,-0.224624622,OpenAQ v3 locations,candidate_needs_review,Richmond Road,223799,51.447883,-0.326007,16.516,no;no2;nox,london stationary | Unknown Research Organization | United Kingdom | Europe/London,15,23,0,5,43,"Candidate only; compare against DEFRA/AURN, local context and source provenance before validation."
Beddington ERF,beddington_erf,"Sutton, London",51.36,-0.17,Ewell,51.31350876,-0.224624622,control,51.31350876,-0.224624622,OpenAQ v3 locations,candidate_needs_review,Croydon - Purley Way A23,225734,51.3622305655403,-0.117604507351392,9.199,no2,London Air Quality Network | Unknown Governmental Organization | United Kingdom | Croydon | Europe/London,28,10,0,5,43,"Candidate only; compare against DEFRA/AURN, local context and source provenance before validation."
Beddington ERF,beddington_erf,"Sutton, London",51.36,-0.17,Ewell,51.31350876,-0.224624622,control,51.31350876,-0.224624622,OpenAQ v3 locations,candidate_needs_review,Surbiton,5200392,51.396764,-0.286408,10.203,pm1;pm25;relativehumidity;temperature;um003,AirGradient | CleanAirSurb | United Kingdom | Europe/London,26,12,0,5,43,"Candidate only; compare against DEFRA/AURN, local context and source provenance before validation."
Beddington ERF,beddington_erf,"Sutton, London",51.36,-0.17,Ewell,51.31350876,-0.224624622,facility,51.36,-0.17,OpenAQ v3 locations,candidate_needs_review,London Harlington - UKA00472,141,51.48878999962389,-0.44161399993549455,23.659,no2;o3;pm10;pm25,EEA | Unknown Governmental Organization | United Kingdom | London | Europe/London,2,35,0,5,42,"Candidate only; compare against DEFRA/AURN, local context and source provenance before validation."
Beddington ERF,beddington_erf,"Sutton, London",51.36,-0.17,Ewell,51.31350876,-0.224624622,facility,51.36,-0.17,OpenAQ v3 locations,candidate_needs_review,Black Horse Court,223687,51.496482,-0.088226,16.201,no2;pm25,london stationary | Unknown Research Organization | United Kingdom | Europe/London,15,22,0,5,42,"Candidate only; compare against DEFRA/AURN, local context and source provenance before validation."
Beddington ERF,beddington_erf,"Sutton, London",51.36,-0.17,Ewell,51.31350876,-0.224624622,facility,51.36,-0.17,OpenAQ v3 locations,candidate_needs_review,Clifford Street,223706,51.51092,-0.141896,16.894,no;no2;nox,london stationary | Unknown Research Organization | United Kingdom | Europe/London,14,23,0,5,42,"Candidate only; compare against DEFRA/AURN, local context and source provenance before validation."
Beddington ERF,beddington_erf,"Sutton, London",51.36,-0.17,Ewell,51.31350876,-0.224624622,facility,51.36,-0.17,OpenAQ v3 locations,candidate_needs_review,Hendon Way,223707,51.571687,-0.210037,23.701,no;no2;nox;pm25,london stationary | Unknown Research Organization | United Kingdom | Europe/London,2,35,0,5,42,"Candidate only; compare against DEFRA/AURN, local context and source provenance before validation."
Beddington ERF,beddington_erf,"Sutton, London",51.36,-0.17,Ewell,51.31350876,-0.224624622,facility,51.36,-0.17,OpenAQ v3 locations,candidate_needs_review,Blackfriars Road,223756,51.505529,-0.104345,16.81,no;no2;nox,london stationary | Unknown Research Organization | United Kingdom | Europe/London,14,23,0,5,42,"Candidate only; compare against DEFRA/AURN, local context and source provenance before validation."
Beddington ERF,beddington_erf,"Sutton, London",51.36,-0.17,Ewell,51.31350876,-0.224624622,facility,51.36,-0.17,OpenAQ v3 locations,candidate_needs_review,Lancell Street,223785,51.5618,-0.07587,23.368,no;no2;nox;pm25,london stationary | Unknown Research Organization | United Kingdom | Europe/London,2,35,0,5,42,"Candidate only; compare against DEFRA/AURN, local context and source provenance before validation."
Beddington ERF,beddington_erf,"Sutton, London",51.36,-0.17,Ewell,51.31350876,-0.224624622,facility,51.36,-0.17,OpenAQ v3 locations,candidate_needs_review,Roehampton Lane,3308954,51.44966,-0.23949,11.074,pm25,Clarity | Clarity | United Kingdom | Europe/London,25,12,0,5,42,"Candidate only; compare against DEFRA/AURN, local context and source provenance before validation."
Beddington ERF,beddington_erf,"Sutton, London",51.36,-0.17,Ewell,51.31350876,-0.224624622,control,51.31350876,-0.224624622,OpenAQ v3 locations,candidate_needs_review,Westminster - Marylebone Road,154,51.52254,-0.15459,23.745,co;no2;o3;pm10;pm25;so2,London Air Quality Network | Unknown Governmental Organization | United Kingdom | Westminster | Europe/London,2,35,0,5,42,"Candidate only; compare against DEFRA/AURN, local context and source provenance before validation."
Beddington ERF,beddington_erf,"Sutton, London",51.36,-0.17,Ewell,51.31350876,-0.224624622,control,51.31350876,-0.224624622,OpenAQ v3 locations,candidate_needs_review,Marylebone,223754,51.52304,-0.174732,23.554,no;no2;nox;pm25,london stationary | Unknown Research Organization | United Kingdom | Europe/London,2,35,0,5,42,"Candidate only; compare against DEFRA/AURN, local context and source provenance before validation."
Beddington ERF,beddington_erf,"Sutton, London",51.36,-0.17,Ewell,51.31350876,-0.224624622,control,51.31350876,-0.224624622,OpenAQ v3 locations,candidate_needs_review,Drury Lane,223772,51.513472,-0.119223,23.406,no;no2;nox;pm25,london stationary | Unknown Research Organization | United Kingdom | Europe/London,2,35,0,5,42,"Candidate only; compare against DEFRA/AURN, local context and source provenance before validation."
Beddington ERF,beddington_erf,"Sutton, London",51.36,-0.17,Ewell,51.31350876,-0.224624622,control,51.31350876,-0.224624622,OpenAQ v3 locations,candidate_needs_review,Borough High Street,223787,51.506131,-0.088654,23.403,no;no2;nox;pm25,london stationary | Unknown Research Organization | United Kingdom | Europe/London,2,35,0,5,42,"Candidate only; compare against DEFRA/AURN, local context and source provenance before validation."
Beddington ERF,beddington_erf,"Sutton, London",51.36,-0.17,Ewell,51.31350876,-0.224624622,control,51.31350876,-0.224624622,OpenAQ v3 locations,candidate_needs_review,Merton - Morden Civic Centre 2,225775,51.40162,-0.19589212,9.999,no2,London Air Quality Network | Unknown Governmental Organization | United Kingdom | Merton | Europe/London,27,10,0,5,42,"Candidate only; compare against DEFRA/AURN, local context and source provenance before validation."
Beddington ERF,beddington_erf,"Sutton, London",51.36,-0.17,Ewell,51.31350876,-0.224624622,facility,51.36,-0.17,OpenAQ v3 locations,candidate_needs_review,King William Walk,223726,51.481858,-0.008609,17.574,no;no2;nox,london stationary | Unknown Research Organization | United Kingdom | Europe/London,13,23,0,5,41,"Candidate only; compare against DEFRA/AURN, local context and source provenance before validation."
Beddington ERF,beddington_erf,"Sutton, London",51.36,-0.17,Ewell,51.31350876,-0.224624622,facility,51.36,-0.17,OpenAQ v3 locations,candidate_needs_review,Church Street,223751,51.4813,-0.00986,17.471,no;no2;nox,london stationary | Unknown Research Organization | United Kingdom | Europe/London,13,23,0,5,41,"Candidate only; compare against DEFRA/AURN, local context and source provenance before validation."
Beddington ERF,beddington_erf,"Sutton, London",51.36,-0.17,Ewell,51.31350876,-0.224624622,control,51.31350876,-0.224624622,OpenAQ v3 locations,candidate_needs_review,London Bloomsbury - UKA00211,148,51.52228999923011,-0.12588900021133392,24.204,no2;o3;pm10;pm25;so2,EEA | Unknown Governmental Organization | United Kingdom | Camden | Europe/London,1,35,0,5,41,"Candidate only; compare against DEFRA/AURN, local context and source provenance before validation."
Beddington ERF,beddington_erf,"Sutton, London",51.36,-0.17,Ewell,51.31350876,-0.224624622,control,51.31350876,-0.224624622,OpenAQ v3 locations,candidate_needs_review,West Smithsfield,223691,51.518921,-0.100905,24.399,no;no2;nox;pm25,london stationary | Unknown Research Organization | United Kingdom | Europe/London,1,35,0,5,41,"Candidate only; compare against DEFRA/AURN, local context and source provenance before validation."
Beddington ERF,beddington_erf,"Sutton, London",51.36,-0.17,Ewell,51.31350876,-0.224624622,control,51.31350876,-0.224624622,OpenAQ v3 locations,candidate_needs_review,Haimo Road,223714,51.455253,0.040655,24.235,no;no2;nox;pm25,london stationary | Unknown Research Organization | United Kingdom | Europe/London,1,35,0,5,41,"Candidate only; compare against DEFRA/AURN, local context and source provenance before validation."
Beddington ERF,beddington_erf,"Sutton, London",51.36,-0.17,Ewell,51.31350876,-0.224624622,control,51.31350876,-0.224624622,OpenAQ v3 locations,candidate_needs_review,Cannon Street,223724,51.511403,-0.089336,23.922,no;no2;nox;pm25,london stationary | Unknown Research Organization | United Kingdom | Europe/London,1,35,0,5,41,"Candidate only; compare against DEFRA/AURN, local context and source provenance before validation."
Beddington ERF,beddington_erf,"Sutton, London",51.36,-0.17,Ewell,51.31350876,-0.224624622,control,51.31350876,-0.224624622,OpenAQ v3 locations,candidate_needs_review,Bank Junction,223767,51.513206,-0.088786,24.121,no;no2;nox;pm25,london stationary | Unknown Research Organization | United Kingdom | Europe/London,1,35,0,5,41,"Candidate only; compare against DEFRA/AURN, local context and source provenance before validation."
Beddington ERF,beddington_erf,"Sutton, London",51.36,-0.17,Ewell,51.31350876,-0.224624622,control,51.31350876,-0.224624622,OpenAQ v3 locations,candidate_needs_review,Great Ormond St Hospital,223810,51.52188,-0.120434,24.27,no;no2;nox;pm25,london stationary | Unknown Research Organization | United Kingdom | Europe/London,1,35,0,5,41,"Candidate only; compare against DEFRA/AURN, local context and source provenance before validation."
Beddington ERF,beddington_erf,"Sutton, London",51.36,-0.17,Ewell,51.31350876,-0.224624622,facility,51.36,-0.17,OpenAQ v3 locations,candidate_needs_review,Woolwich Road,223716,51.481228,0.126787,24.601,no;no2;nox;pm25,london stationary | Unknown Research Organization | United Kingdom | Europe/London,0,35,0,5,40,"Candidate only; compare against DEFRA/AURN, local context and source provenance before validation."
Beddington ERF,beddington_erf,"Sutton, London",51.36,-0.17,Ewell,51.31350876,-0.224624622,facility,51.36,-0.17,OpenAQ v3 locations,candidate_needs_review,London Haringey Priory Park South - UKA00568,150,51.58412799971813,-0.1252540000016108,25.114,no2;o3;pm10;pm25,EEA | Unknown Governmental Organization | United Kingdom | London | Europe/London,0,35,0,5,40,"Candidate only; compare against DEFRA/AURN, local context and source provenance before validation."
Beddington ERF,beddington_erf,"Sutton, London",51.36,-0.17,Ewell,51.31350876,-0.224624622,facility,51.36,-0.17,OpenAQ v3 locations,candidate_needs_review,London Hillingdon - UKA00266,153,51.49632999971629,-0.4608609995824734,25.228,no2;o3;pm10;pm25,EEA | Unknown Governmental Organization | United Kingdom | London | Europe/London,0,35,0,5,40,"Candidate only; compare against DEFRA/AURN, local context and source provenance before validation."
Beddington ERF,beddington_erf,"Sutton, London",51.36,-0.17,Ewell,51.31350876,-0.224624622,facility,51.36,-0.17,OpenAQ v3 locations,candidate_needs_review,Bexley - Slade Green Fidas,157,51.4659832746662,0.184877126994369,27.288,no2;o3;pm10;pm25;so2,London Air Quality Network | Unknown Governmental Organization | United Kingdom | Bexley | Europe/London,0,35,0,5,40,"Candidate only; compare against DEFRA/AURN, local context and source provenance before validation."
Beddington ERF,beddington_erf,"Sutton, London",51.36,-0.17,Ewell,51.31350876,-0.224624622,facility,51.36,-0.17,OpenAQ v3 locations,candidate_needs_review,Station Parade,223752,51.539063,0.080874,26.432,no;no2;nox;pm25,london stationary | Unknown Research Organization | United Kingdom | Europe/London,0,35,0,5,40,"Candidate only; compare against DEFRA/AURN, local context and source provenance before validation."
Beddington ERF,beddington_erf,"Sutton, London",51.36,-0.17,Ewell,51.31350876,-0.224624622,facility,51.36,-0.17,OpenAQ v3 locations,candidate_needs_review,Wood Lane,223774,51.561372,0.148582,31.441,no;no2;nox;pm25,london stationary | Unknown Research Organization | United Kingdom | Europe/London,0,35,0,5,40,"Candidate only; compare against DEFRA/AURN, local context and source provenance before validation."
Beddington ERF,beddington_erf,"Sutton, London",51.36,-0.17,Ewell,51.31350876,-0.224624622,control,51.31350876,-0.224624622,OpenAQ v3 locations,candidate_needs_review,London Harlington - UKA00472,141,51.48878999962389,-0.44161399993549455,24.626,no2;o3;pm10;pm25,EEA | Unknown Governmental Organization | United Kingdom | London | Europe/London,0,35,0,5,40,"Candidate only; compare against DEFRA/AURN, local context and source provenance before validation."
Beddington ERF,beddington_erf,"Sutton, London",51.36,-0.17,Ewell,51.31350876,-0.224624622,control,51.31350876,-0.224624622,OpenAQ v3 locations,candidate_needs_review,London Wall,223709,51.516749,-0.085342,24.577,no;no2;nox;pm25,london stationary | Unknown Research Organization | United Kingdom | Europe/London,0,35,0,5,40,"Candidate only; compare against DEFRA/AURN, local context and source provenance before validation."
Beddington ERF,beddington_erf,"Sutton, London",51.36,-0.17,Ewell,51.31350876,-0.224624622,control,51.31350876,-0.224624622,OpenAQ v3 locations,candidate_needs_review,Whitecross,223768,51.521451,-0.092771,24.864,no;no2;nox;pm25,london stationary | Unknown Research Organization | United Kingdom | Europe/London,0,35,0,5,40,"Candidate only; compare against DEFRA/AURN, local context and source provenance before validation."
Beddington ERF,beddington_erf,"Sutton, London",51.36,-0.17,Ewell,51.31350876,-0.224624622,control,51.31350876,-0.224624622,OpenAQ v3 locations,candidate_needs_review,Laystall St,223775,51.522514,-0.112014,24.517,no;no2;nox;pm25,london stationary | Unknown Research Organization | United Kingdom | Europe/London,0,35,0,5,40,"Candidate only; compare against DEFRA/AURN, local context and source provenance before validation."
Beddington ERF,beddington_erf,"Sutton, London",51.36,-0.17,Ewell,51.31350876,-0.224624622,control,51.31350876,-0.224624622,OpenAQ v3 locations,candidate_needs_review,Cowcross Street,223797,51.52011,-0.103411,24.463,no;no2;nox;pm25,london stationary | Unknown Research Organization | United Kingdom | Europe/London,0,35,0,5,40,"Candidate only; compare against DEFRA/AURN, local context and source provenance before validation."
Beddington ERF,beddington_erf,"Sutton, London",51.36,-0.17,Ewell,51.31350876,-0.224624622,control,51.31350876,-0.224624622,OpenAQ v3 locations,candidate_needs_review,Wetland Centre,223805,51.476168,-0.230427,18.091,no;no2;nox,london stationary | Unknown Research Organization | United Kingdom | Europe/London,12,23,0,5,40,"Candidate only; compare against DEFRA/AURN, local context and source provenance before validation."
Beddington ERF,beddington_erf,"Sutton, London",51.36,-0.17,Ewell,51.31350876,-0.224624622,control,51.31350876,-0.224624622,OpenAQ v3 locations,candidate_needs_review,Brent - ARK Franklin Primary Academy,225713,51.5324054617809,-0.217718908639377,24.345,no2;pm10;pm25,London Air Quality Network | Unknown Governmental Organization | United Kingdom | Brent | Europe/London,1,34,0,5,40,"Candidate only; compare against DEFRA/AURN, local context and source provenance before validation."
Beddington ERF,beddington_erf,"Sutton, London",51.36,-0.17,Ewell,51.31350876,-0.224624622,control,51.31350876,-0.224624622,OpenAQ v3 locations,candidate_needs_review,Greenwich - Eltham,147,51.45258,0.070766,25.678,no2;o3;pm10;pm25,London Air Quality Network | Unknown Governmental Organization | United Kingdom | Greenwich | Europe/London,0,35,0,5,40,"Candidate only; compare against DEFRA/AURN, local context and source provenance before validation."
Beddington ERF,beddington_erf,"Sutton, London",51.36,-0.17,Ewell,51.31350876,-0.224624622,control,51.31350876,-0.224624622,OpenAQ v3 locations,candidate_needs_review,London Hillingdon - UKA00266,153,51.49632999971629,-0.4608609995824734,26.111,no2;o3;pm10;pm25,EEA | Unknown Governmental Organization | United Kingdom | London | Europe/London,0,35,0,5,40,"Candidate only; compare against DEFRA/AURN, local context and source provenance before validation."
Beddington ERF,beddington_erf,"Sutton, London",51.36,-0.17,Ewell,51.31350876,-0.224624622,control,51.31350876,-0.224624622,OpenAQ v3 locations,candidate_needs_review,Devas Street,223704,51.523099,-0.012704,27.552,no;no2;nox;pm25,london stationary | Unknown Research Organization | United Kingdom | Europe/London,0,35,0,5,40,"Candidate only; compare against DEFRA/AURN, local context and source provenance before validation."
Beddington ERF,beddington_erf,"Sutton, London",51.36,-0.17,Ewell,51.31350876,-0.224624622,control,51.31350876,-0.224624622,OpenAQ v3 locations,candidate_needs_review,Morpeth Street,223713,51.527588,-0.047295,26.793,no;no2;nox;pm25,london stationary | Unknown Research Organization | United Kingdom | Europe/London,0,35,0,5,40,"Candidate only; compare against DEFRA/AURN, local context and source provenance before validation."
Beddington ERF,beddington_erf,"Sutton, London",51.36,-0.17,Ewell,51.31350876,-0.224624622,control,51.31350876,-0.224624622,OpenAQ v3 locations,candidate_needs_review,Woolwich Road,223716,51.481228,0.126787,30.695,no;no2;nox;pm25,london stationary | Unknown Research Organization | United Kingdom | Europe/London,0,35,0,5,40,"Candidate only; compare against DEFRA/AURN, local context and source provenance before validation."
Beddington ERF,beddington_erf,"Sutton, London",51.36,-0.17,Ewell,51.31350876,-0.224624622,control,51.31350876,-0.224624622,OpenAQ v3 locations,candidate_needs_review,Hunslett Street,223721,51.529308,-0.048721,26.918,no;no2;nox;pm25,london stationary | Unknown Research Organization | United Kingdom | Europe/London,0,35,0,5,40,"Candidate only; compare against DEFRA/AURN, local context and source provenance before validation."
Beddington ERF,beddington_erf,"Sutton, London",51.36,-0.17,Ewell,51.31350876,-0.224624622,control,51.31350876,-0.224624622,OpenAQ v3 locations,candidate_needs_review,Albert Street,223723,51.536271,-0.143525,25.4,no;no2;nox;pm25,london stationary | Unknown Research Organization | United Kingdom | Europe/London,0,35,0,5,40,"Candidate only; compare against DEFRA/AURN, local context and source provenance before validation."
Beddington ERF,beddington_erf,"Sutton, London",51.36,-0.17,Ewell,51.31350876,-0.224624622,control,51.31350876,-0.224624622,OpenAQ v3 locations,candidate_needs_review,Columbia Road,223738,51.528491,-0.074268,26.08,no;no2;nox;pm25,london stationary | Unknown Research Organization | United Kingdom | Europe/London,0,35,0,5,40,"Candidate only; compare against DEFRA/AURN, local context and source provenance before validation."
Beddington ERF,beddington_erf,"Sutton, London",51.36,-0.17,Ewell,51.31350876,-0.224624622,control,51.31350876,-0.224624622,OpenAQ v3 locations,candidate_needs_review,Mansford Street,223757,51.528757,-0.061823,26.463,no;no2;nox;pm25,london stationary | Unknown Research Organization | United Kingdom | Europe/London,0,35,0,5,40,"Candidate only; compare against DEFRA/AURN, local context and source provenance before validation."
Beddington ERF,beddington_erf,"Sutton, London",51.36,-0.17,Ewell,51.31350876,-0.224624622,control,51.31350876,-0.224624622,OpenAQ v3 locations,candidate_needs_review,The Royal London Hospital,223763,51.518778,-0.058917,25.554,no;no2;nox;pm25,london stationary | Unknown Research Organization | United Kingdom | Europe/London,0,35,0,5,40,"Candidate only; compare against DEFRA/AURN, local context and source provenance before validation."
Beddington ERF,beddington_erf,"Sutton, London",51.36,-0.17,Ewell,51.31350876,-0.224624622,control,51.31350876,-0.224624622,OpenAQ v3 locations,candidate_needs_review,Rosebery Avenue,223795,51.52844,-0.10692,25.254,no;no2;nox;pm25,london stationary | Unknown Research Organization | United Kingdom | Europe/London,0,35,0,5,40,"Candidate only; compare against DEFRA/AURN, local context and source provenance before validation."
Beddington ERF,beddington_erf,"Sutton, London",51.36,-0.17,Ewell,51.31350876,-0.224624622,control,51.31350876,-0.224624622,OpenAQ v3 locations,candidate_needs_review,Newham University Hospital,223802,51.522407,0.037865,29.511,no;no2;nox;pm25,london stationary | Unknown Research Organization | United Kingdom | Europe/London,0,35,0,5,40,"Candidate only; compare against DEFRA/AURN, local context and source provenance before validation."
Beddington ERF,beddington_erf,"Sutton, London",51.36,-0.17,Ewell,51.31350876,-0.224624622,control,51.31350876,-0.224624622,OpenAQ v3 locations,candidate_needs_review,Beaumont Grove,223807,51.521004,-0.046559,26.169,no;no2;nox;pm25,london stationary | Unknown Research Organization | United Kingdom | Europe/London,0,35,0,5,40,"Candidate only; compare against DEFRA/AURN, local context and source provenance before validation."
Beddington ERF,beddington_erf,"Sutton, London",51.36,-0.17,Ewell,51.31350876,-0.224624622,facility,51.36,-0.17,OpenAQ v3 locations,candidate_needs_review,Commercial Street,223697,51.518123,-0.074271,18.793,no;no2;nox,london stationary | Unknown Research Organization | United Kingdom | Europe/London,11,23,0,5,39,"Candidate only; compare against DEFRA/AURN, local context and source provenance before validation."
Beddington ERF,beddington_erf,"Sutton, London",51.36,-0.17,Ewell,51.31350876,-0.224624622,facility,51.36,-0.17,OpenAQ v3 locations,candidate_needs_review,Farringdon Street,223778,51.514743,-0.104526,17.795,no2;pm25,london stationary | Unknown Research Organization | United Kingdom | Europe/London,12,22,0,5,39,"Candidate only; compare against DEFRA/AURN, local context and source provenance before validation."
Beddington ERF,beddington_erf,"Sutton, London",51.36,-0.17,Ewell,51.31350876,-0.224624622,control,51.31350876,-0.224624622,OpenAQ v3 locations,candidate_needs_review,London Westminster - UKA00435,159,51.4946699996591,-0.13193099964204494,21.146,no2;o3;pm25,EEA | Unknown Governmental Organization | United Kingdom | London | Europe/London,6,28,0,5,39,"Candidate only; compare against DEFRA/AURN, local context and source provenance before validation."
Beddington ERF,beddington_erf,"Sutton, London",51.36,-0.17,Ewell,51.31350876,-0.224624622,control,51.31350876,-0.224624622,OpenAQ v3 locations,candidate_needs_review,City of London - The Aldgate School,225737,51.513847178423,-0.077765681752,24.495,no2;pm10;pm25,London Air Quality Network | Unknown Governmental Organization | United Kingdom | City of London | Europe/London,0,34,0,5,39,"Candidate only; compare against DEFRA/AURN, local context and source provenance before validation."
Beddington ERF,beddington_erf,"Sutton, London",51.36,-0.17,Ewell,51.31350876,-0.224624622,facility,51.36,-0.17,OpenAQ v3 locations,candidate_needs_review,Garrett Lane,223700,51.440399,-0.186775,9.015,no,london stationary | Unknown Research Organization | United Kingdom | Europe/London,28,5,0,5,38,"Candidate only; compare against DEFRA/AURN, local context and source provenance before validation."
Beddington ERF,beddington_erf,"Sutton, London",51.36,-0.17,Ewell,51.31350876,-0.224624622,facility,51.36,-0.17,OpenAQ v3 locations,candidate_needs_review,Broomhill Road,223715,51.379382,0.100759,18.919,no;no2;nox,london stationary | Unknown Research Organization | United Kingdom | Europe/London,10,23,0,5,38,"Candidate only; compare against DEFRA/AURN, local context and source provenance before validation."
Beddington ERF,beddington_erf,"Sutton, London",51.36,-0.17,Ewell,51.31350876,-0.224624622,facility,51.36,-0.17,OpenAQ v3 locations,candidate_needs_review,Broomhill Road,223779,51.379382,0.100759,18.919,no;no2;nox,london stationary | Unknown Research Organization | United Kingdom | Europe/London,10,23,0,5,38,"Candidate only; compare against DEFRA/AURN, local context and source provenance before validation."
Beddington ERF,beddington_erf,"Sutton, London",51.36,-0.17,Ewell,51.31350876,-0.224624622,facility,51.36,-0.17,OpenAQ v3 locations,candidate_needs_review,Haseltine Road,223813,51.42796,-0.036516,11.953,no2,london stationary | Unknown Research Organization | United Kingdom | Europe/London,23,10,0,5,38,"Candidate only; compare against DEFRA/AURN, local context and source provenance before validation."
Beddington ERF,beddington_erf,"Sutton, London",51.36,-0.17,Ewell,51.31350876,-0.224624622,control,51.31350876,-0.224624622,OpenAQ v3 locations,candidate_needs_review,Beckenham Lane,223749,51.4073728,0.0057789,19.101,no;no2;nox,london stationary | Unknown Research Organization | United Kingdom | Europe/London,10,23,0,5,38,"Candidate only; compare against DEFRA/AURN, local context and source provenance before validation."
Beddington ERF,beddington_erf,"Sutton, London",51.36,-0.17,Ewell,51.31350876,-0.224624622,control,51.31350876,-0.224624622,OpenAQ v3 locations,candidate_needs_review,Royal Marsden Hospital,223786,51.49081,-0.173236,20.035,no;no2;nox,london stationary | Unknown Research Organization | United Kingdom | Europe/London,8,23,0,5,36,"Candidate only; compare against DEFRA/AURN, local context and source provenance before validation."
Beddington ERF,beddington_erf,"Sutton, London",51.36,-0.17,Ewell,51.31350876,-0.224624622,control,51.31350876,-0.224624622,OpenAQ v3 locations,candidate_needs_review,Croydon - Norbury,225709,51.411349,-0.12311,12.963,no2,London Air Quality Network | Unknown Governmental Organization | United Kingdom | Croydon | Europe/London,21,10,0,5,36,"Candidate only; compare against DEFRA/AURN, local context and source provenance before validation."
Beddington ERF,beddington_erf,"Sutton, London",51.36,-0.17,Ewell,51.31350876,-0.224624622,facility,51.36,-0.17,OpenAQ v3 locations,candidate_needs_review,Tower Hamlets - Mile End Road,151,51.5225294860844,-0.0421550991900347,20.128,no2;pm25,London Air Quality Network | Unknown Governmental Organization | United Kingdom | Tower Hamlets | Europe/London,8,22,0,5,35,"Candidate only; compare against DEFRA/AURN, local context and source provenance before validation."
Beddington ERF,beddington_erf,"Sutton, London",51.36,-0.17,Ewell,51.31350876,-0.224624622,control,51.31350876,-0.224624622,OpenAQ v3 locations,candidate_needs_review,Steerforth Street,223776,51.438489,-0.187703,14.131,no2,london stationary | Unknown Research Organization | United Kingdom | Europe/London,19,10,0,5,34,"Candidate only; compare against DEFRA/AURN, local context and source provenance before validation."
Beddington ERF,beddington_erf,"Sutton, London",51.36,-0.17,Ewell,51.31350876,-0.224624622,facility,51.36,-0.17,OpenAQ v3 locations,candidate_needs_review,Holloway Road,223712,51.555387,-0.116092,22.045,no;no2;nox,london stationary | Unknown Research Organization | United Kingdom | Europe/London,5,23,0,5,33,"Candidate only; compare against DEFRA/AURN, local context and source provenance before validation."
Beddington ERF,beddington_erf,"Sutton, London",51.36,-0.17,Ewell,51.31350876,-0.224624622,control,51.31350876,-0.224624622,OpenAQ v3 locations,candidate_needs_review,Ealing - Acton Vale ,225741,51.5038527919816,-0.254668101620372,21.268,no2;pm10,London Air Quality Network | Unknown Governmental Organization | United Kingdom | Ealing | Europe/London,6,22,0,5,33,"Candidate only; compare against DEFRA/AURN, local context and source provenance before validation."
Beddington ERF,beddington_erf,"Sutton, London",51.36,-0.17,Ewell,51.31350876,-0.224624622,facility,51.36,-0.17,OpenAQ v3 locations,candidate_needs_review,Brook Drive,223686,51.493213,-0.101559,15.554,no2,london stationary | Unknown Research Organization | United Kingdom | Europe/London,17,10,0,5,32,"Candidate only; compare against DEFRA/AURN, local context and source provenance before validation."
Beddington ERF,beddington_erf,"Sutton, London",51.36,-0.17,Ewell,51.31350876,-0.224624622,control,51.31350876,-0.224624622,OpenAQ v3 locations,candidate_needs_review,Clifford Street,223706,51.51092,-0.141896,22.689,no;no2;nox,london stationary | Unknown Research Organization | United Kingdom | Europe/London,4,23,0,5,32,"Candidate only; compare against DEFRA/AURN, local context and source provenance before validation."
Beddington ERF,beddington_erf,"Sutton, London",51.36,-0.17,Ewell,51.31350876,-0.224624622,control,51.31350876,-0.224624622,OpenAQ v3 locations,candidate_needs_review,St Thomas's Hospital,223755,51.499104,-0.11705,21.945,no2;pm25,london stationary | Unknown Research Organization | United Kingdom | Europe/London,5,22,0,5,32,"Candidate only; compare against DEFRA/AURN, local context and source provenance before validation."
Beddington ERF,beddington_erf,"Sutton, London",51.36,-0.17,Ewell,51.31350876,-0.224624622,facility,51.36,-0.17,OpenAQ v3 locations,candidate_needs_review,High Road,223734,51.551997,-0.299651,23.162,no;no2;nox,london stationary | Unknown Research Organization | United Kingdom | Europe/London,3,23,0,5,31,"Candidate only; compare against DEFRA/AURN, local context and source provenance before validation."
Beddington ERF,beddington_erf,"Sutton, London",51.36,-0.17,Ewell,51.31350876,-0.224624622,control,51.31350876,-0.224624622,OpenAQ v3 locations,candidate_needs_review,Black Horse Court,223687,51.496482,-0.088226,22.438,no2;pm25,london stationary | Unknown Research Organization | United Kingdom | Europe/London,4,22,0,5,31,"Candidate only; compare against DEFRA/AURN, local context and source provenance before validation."
Beddington ERF,beddington_erf,"Sutton, London",51.36,-0.17,Ewell,51.31350876,-0.224624622,control,51.31350876,-0.224624622,OpenAQ v3 locations,candidate_needs_review,Blackfriars Road,223756,51.505529,-0.104345,22.924,no;no2;nox,london stationary | Unknown Research Organization | United Kingdom | Europe/London,3,23,0,5,31,"Candidate only; compare against DEFRA/AURN, local context and source provenance before validation."
Beddington ERF,beddington_erf,"Sutton, London",51.36,-0.17,Ewell,51.31350876,-0.224624622,facility,51.36,-0.17,OpenAQ v3 locations,candidate_needs_review,Woolwich Manor Way,223765,51.515901,0.060587,23.579,no;no2;nox,london stationary | Unknown Research Organization | United Kingdom | Europe/London,2,23,0,5,30,"Candidate only; compare against DEFRA/AURN, local context and source provenance before validation."
Beddington ERF,beddington_erf,"Sutton, London",51.36,-0.17,Ewell,51.31350876,-0.224624622,control,51.31350876,-0.224624622,OpenAQ v3 locations,candidate_needs_review,Broomhill Road,223715,51.379382,0.100759,23.756,no;no2;nox,london stationary | Unknown Research Organization | United Kingdom | Europe/London,2,23,0,5,30,"Candidate only; compare against DEFRA/AURN, local context and source provenance before validation."
Beddington ERF,beddington_erf,"Sutton, London",51.36,-0.17,Ewell,51.31350876,-0.224624622,control,51.31350876,-0.224624622,OpenAQ v3 locations,candidate_needs_review,Church Street,223751,51.4813,-0.00986,23.877,no;no2;nox,london stationary | Unknown Research Organization | United Kingdom | Europe/London,2,23,0,5,30,"Candidate only; compare against DEFRA/AURN, local context and source provenance before validation."
Beddington ERF,beddington_erf,"Sutton, London",51.36,-0.17,Ewell,51.31350876,-0.224624622,control,51.31350876,-0.224624622,OpenAQ v3 locations,candidate_needs_review,Broomhill Road,223779,51.379382,0.100759,23.756,no;no2;nox,london stationary | Unknown Research Organization | United Kingdom | Europe/London,2,23,0,5,30,"Candidate only; compare against DEFRA/AURN, local context and source provenance before validation."
Beddington ERF,beddington_erf,"Sutton, London",51.36,-0.17,Ewell,51.31350876,-0.224624622,control,51.31350876,-0.224624622,OpenAQ v3 locations,candidate_needs_review,Greenwich - Blackheath,225710,51.472504,-0.012381,23.009,no2;pm10,London Air Quality Network | Unknown Governmental Organization | United Kingdom | Greenwich | Europe/London,3,22,0,5,30,"Candidate only; compare against DEFRA/AURN, local context and source provenance before validation."
Beddington ERF,beddington_erf,"Sutton, London",51.36,-0.17,Ewell,51.31350876,-0.224624622,control,51.31350876,-0.224624622,OpenAQ v3 locations,candidate_needs_review,Garrett Lane,223700,51.440399,-0.186775,14.352,no,london stationary | Unknown Research Organization | United Kingdom | Europe/London,19,5,0,5,29,"Candidate only; compare against DEFRA/AURN, local context and source provenance before validation."
Beddington ERF,beddington_erf,"Sutton, London",51.36,-0.17,Ewell,51.31350876,-0.224624622,control,51.31350876,-0.224624622,OpenAQ v3 locations,candidate_needs_review,King William Walk,223726,51.481858,-0.008609,23.979,no;no2;nox,london stationary | Unknown Research Organization | United Kingdom | Europe/London,1,23,0,5,29,"Candidate only; compare against DEFRA/AURN, local context and source provenance before validation."
Beddington ERF,beddington_erf,"Sutton, London",51.36,-0.17,Ewell,51.31350876,-0.224624622,control,51.31350876,-0.224624622,OpenAQ v3 locations,candidate_needs_review,Farringdon Street,223778,51.514743,-0.104526,23.876,no2;pm25,london stationary | Unknown Research Organization | United Kingdom | Europe/London,2,22,0,5,29,"Candidate only; compare against DEFRA/AURN, local context and source provenance before validation."
Beddington ERF,beddington_erf,"Sutton, London",51.36,-0.17,Ewell,51.31350876,-0.224624622,control,51.31350876,-0.224624622,OpenAQ v3 locations,candidate_needs_review,The Broadway,223809,51.511169,-0.375738,24.35,no;no2;nox,london stationary | Unknown Research Organization | United Kingdom | Europe/London,1,23,0,5,29,"Candidate only; compare against DEFRA/AURN, local context and source provenance before validation."
Beddington ERF,beddington_erf,"Sutton, London",51.36,-0.17,Ewell,51.31350876,-0.224624622,control,51.31350876,-0.224624622,OpenAQ v3 locations,candidate_needs_review,City of London - Upper Thames Street,225735,51.5105969158391,-0.0921029031922594,23.764,no2;pm10,London Air Quality Network | Unknown Governmental Organization | United Kingdom | City of London | Europe/London,2,22,0,5,29,"Candidate only; compare against DEFRA/AURN, local context and source provenance before validation."
Beddington ERF,beddington_erf,"Sutton, London",51.36,-0.17,Ewell,51.31350876,-0.224624622,facility,51.36,-0.17,OpenAQ v3 locations,candidate_needs_review,Glaisher Street,223708,51.4831,-0.0188,17.242,no2,london stationary | Unknown Research Organization | United Kingdom | Europe/London,13,10,0,5,28,"Candidate only; compare against DEFRA/AURN, local context and source provenance before validation."
Beddington ERF,beddington_erf,"Sutton, London",51.36,-0.17,Ewell,51.31350876,-0.224624622,facility,51.36,-0.17,OpenAQ v3 locations,candidate_needs_review,Commercial Street,223737,51.518123,-0.074271,18.793,pm25,london stationary | Unknown Research Organization | United Kingdom | Europe/London,11,12,0,5,28,"Candidate only; compare against DEFRA/AURN, local context and source provenance before validation."
Beddington ERF,beddington_erf,"Sutton, London",51.36,-0.17,Ewell,51.31350876,-0.224624622,facility,51.36,-0.17,OpenAQ v3 locations,candidate_needs_review,Greenhill Way,223688,51.58092,-0.341502,27.287,no;no2;nox,london stationary | Unknown Research Organization | United Kingdom | Europe/London,0,23,0,5,28,"Candidate only; compare against DEFRA/AURN, local context and source provenance before validation."
Beddington ERF,beddington_erf,"Sutton, London",51.36,-0.17,Ewell,51.31350876,-0.224624622,facility,51.36,-0.17,OpenAQ v3 locations,candidate_needs_review,High Street,223701,51.574253,-0.41358,29.194,no;no2;nox,london stationary | Unknown Research Organization | United Kingdom | Europe/London,0,23,0,5,28,"Candidate only; compare against DEFRA/AURN, local context and source provenance before validation."
Beddington ERF,beddington_erf,"Sutton, London",51.36,-0.17,Ewell,51.31350876,-0.224624622,control,51.31350876,-0.224624622,OpenAQ v3 locations,candidate_needs_review,Commercial Street,223697,51.518123,-0.074271,25.027,no;no2;nox,london stationary | Unknown Research Organization | United Kingdom | Europe/London,0,23,0,5,28,"Candidate only; compare against DEFRA/AURN, local context and source provenance before validation."
Beddington ERF,beddington_erf,"Sutton, London",51.36,-0.17,Ewell,51.31350876,-0.224624622,control,51.31350876,-0.224624622,OpenAQ v3 locations,candidate_needs_review,Woolwich Manor Way,223765,51.515901,0.060587,29.962,no;no2;nox,london stationary | Unknown Research Organization | United Kingdom | Europe/London,0,23,0,5,28,"Candidate only; compare against DEFRA/AURN, local context and source provenance before validation."
Beddington ERF,beddington_erf,"Sutton, London",51.36,-0.17,Ewell,51.31350876,-0.224624622,facility,51.36,-0.17,OpenAQ v3 locations,candidate_needs_review,Whipps Cross University Hospital,223753,51.577305,0.00283,26.966,no2;pm25,london stationary | Unknown Research Organization | United Kingdom | Europe/London,0,22,0,5,27,"Candidate only; compare against DEFRA/AURN, local context and source provenance before validation."
Beddington ERF,beddington_erf,"Sutton, London",51.36,-0.17,Ewell,51.31350876,-0.224624622,control,51.31350876,-0.224624622,OpenAQ v3 locations,candidate_needs_review,Haseltine Road,223813,51.42796,-0.036516,18.234,no2,london stationary | Unknown Research Organization | United Kingdom | Europe/London,12,10,0,5,27,"Candidate only; compare against DEFRA/AURN, local context and source provenance before validation."
Beddington ERF,beddington_erf,"Sutton, London",51.36,-0.17,Ewell,51.31350876,-0.224624622,control,51.31350876,-0.224624622,OpenAQ v3 locations,candidate_needs_review,City of London - Beech Street,225731,51.520225273171,-0.0961060474176381,24.653,no2;pm10,London Air Quality Network | Unknown Governmental Organization | United Kingdom | City of London | Europe/London,0,22,0,5,27,"Candidate only; compare against DEFRA/AURN, local context and source provenance before validation."
Beddington ERF,beddington_erf,"Sutton, London",51.36,-0.17,Ewell,51.31350876,-0.224624622,control,51.31350876,-0.224624622,OpenAQ v3 locations,candidate_needs_review,Ealing - Hanger Lane Gyratory,225733,51.53085,-0.292488,24.621,no2;pm10,London Air Quality Network | Unknown Governmental Organization | United Kingdom | Ealing | Europe/London,0,22,0,5,27,"Candidate only; compare against DEFRA/AURN, local context and source provenance before validation."
Beddington ERF,beddington_erf,"Sutton, London",51.36,-0.17,Ewell,51.31350876,-0.224624622,control,51.31350876,-0.224624622,OpenAQ v3 locations,candidate_needs_review,Tower Hamlets - Mile End Road,151,51.5225294860844,-0.0421550991900347,26.463,no2;pm25,London Air Quality Network | Unknown Governmental Organization | United Kingdom | Tower Hamlets | Europe/London,0,22,0,5,27,"Candidate only; compare against DEFRA/AURN, local context and source provenance before validation."
Beddington ERF,beddington_erf,"Sutton, London",51.36,-0.17,Ewell,51.31350876,-0.224624622,facility,51.36,-0.17,OpenAQ v3 locations,candidate_needs_review,Black Horse Court,223719,51.496482,-0.088226,16.201,no,london stationary | Unknown Research Organization | United Kingdom | Europe/London,15,5,0,5,25,"Candidate only; compare against DEFRA/AURN, local context and source provenance before validation."
Beddington ERF,beddington_erf,"Sutton, London",51.36,-0.17,Ewell,51.31350876,-0.224624622,facility,51.36,-0.17,OpenAQ v3 locations,candidate_needs_review,Farringdon Street,223742,51.514743,-0.104526,17.795,no,london stationary | Unknown Research Organization | United Kingdom | Europe/London,12,5,0,5,22,"Candidate only; compare against DEFRA/AURN, local context and source provenance before validation."
Beddington ERF,beddington_erf,"Sutton, London",51.36,-0.17,Ewell,51.31350876,-0.224624622,facility,51.36,-0.17,OpenAQ v3 locations,candidate_needs_review,Fitzjohn Avenue,223711,51.551247,-0.175939,21.27,no2,london stationary | Unknown Research Organization | United Kingdom | Europe/London,6,10,0,5,21,"Candidate only; compare against DEFRA/AURN, local context and source provenance before validation."
Beddington ERF,beddington_erf,"Sutton, London",51.36,-0.17,Ewell,51.31350876,-0.224624622,facility,51.36,-0.17,OpenAQ v3 locations,candidate_needs_review,Richmond Road,223732,51.54337,-0.057899,21.819,no2,london stationary | Unknown Research Organization | United Kingdom | Europe/London,5,10,0,5,20,"Candidate only; compare against DEFRA/AURN, local context and source provenance before validation."
Beddington ERF,beddington_erf,"Sutton, London",51.36,-0.17,Ewell,51.31350876,-0.224624622,control,51.31350876,-0.224624622,OpenAQ v3 locations,candidate_needs_review,Brook Drive,223686,51.493213,-0.101559,21.729,no2,london stationary | Unknown Research Organization | United Kingdom | Europe/London,5,10,0,5,20,"Candidate only; compare against DEFRA/AURN, local context and source provenance before validation."
Beddington ERF,beddington_erf,"Sutton, London",51.36,-0.17,Ewell,51.31350876,-0.224624622,control,51.31350876,-0.224624622,OpenAQ v3 locations,candidate_needs_review,Blackfriars Road,223811,51.505529,-0.104345,22.924,pm25,london stationary | Unknown Research Organization | United Kingdom | Europe/London,3,12,0,5,20,"Candidate only; compare against DEFRA/AURN, local context and source provenance before validation."
Beddington ERF,beddington_erf,"Sutton, London",51.36,-0.17,Ewell,51.31350876,-0.224624622,control,51.31350876,-0.224624622,OpenAQ v3 locations,candidate_needs_review,Glaisher Street,223708,51.4831,-0.0188,23.654,no2,london stationary | Unknown Research Organization | United Kingdom | Europe/London,2,10,0,5,17,"Candidate only; compare against DEFRA/AURN, local context and source provenance before validation."
Beddington ERF,beddington_erf,"Sutton, London",51.36,-0.17,Ewell,51.31350876,-0.224624622,control,51.31350876,-0.224624622,OpenAQ v3 locations,candidate_needs_review,Camden - Holborn (Bee Midtown),225718,51.5173675146177,-0.1201947113171,23.797,no2,London Air Quality Network | Unknown Governmental Organization | United Kingdom | Europe/London,2,10,0,5,17,"Candidate only; compare against DEFRA/AURN, local context and source provenance before validation."
Beddington ERF,beddington_erf,"Sutton, London",51.36,-0.17,Ewell,51.31350876,-0.224624622,control,51.31350876,-0.224624622,OpenAQ v3 locations,candidate_needs_review,City of London - Walbrook Wharf,225721,51.510499,-0.091634,23.767,no2,London Air Quality Network | Unknown Governmental Organization | United Kingdom | City of London | Europe/London,2,10,0,5,17,"Candidate only; compare against DEFRA/AURN, local context and source provenance before validation."
Beddington ERF,beddington_erf,"Sutton, London",51.36,-0.17,Ewell,51.31350876,-0.224624622,control,51.31350876,-0.224624622,OpenAQ v3 locations,candidate_needs_review,Commercial Street,223737,51.518123,-0.074271,25.027,pm25,london stationary | Unknown Research Organization | United Kingdom | Europe/London,0,12,0,5,17,"Candidate only; compare against DEFRA/AURN, local context and source provenance before validation."
Beddington ERF,beddington_erf,"Sutton, London",51.36,-0.17,Ewell,51.31350876,-0.224624622,control,51.31350876,-0.224624622,OpenAQ v3 locations,candidate_needs_review,Black Horse Court,223719,51.496482,-0.088226,22.438,no,london stationary | Unknown Research Organization | United Kingdom | Europe/London,4,5,0,5,14,"Candidate only; compare against DEFRA/AURN, local context and source provenance before validation."
Beddington ERF,beddington_erf,"Sutton, London",51.36,-0.17,Ewell,51.31350876,-0.224624622,control,51.31350876,-0.224624622,OpenAQ v3 locations,candidate_needs_review,Farringdon Street,223742,51.514743,-0.104526,23.876,no,london stationary | Unknown Research Organization | United Kingdom | Europe/London,2,5,0,5,12,"Candidate only; compare against DEFRA/AURN, local context and source provenance before validation."
Beddington ERF,beddington_erf,"Sutton, London",51.36,-0.17,Ewell,51.31350876,-0.224624622,facility,51.36,-0.17,OpenAQ v3 locations,candidate_needs_review,Romford Road,223736,51.554615,0.058982,26.833,no,london stationary | Unknown Research Organization | United Kingdom | Europe/London,0,5,0,5,10,"Candidate only; compare against DEFRA/AURN, local context and source provenance before validation."
Bolton WtE,bolton_wte,Greater Manchester,53.58,-2.43,Horwich,53.5303755682824,-2.474737575,control,53.5303755682824,-2.474737575,OpenAQ v3 locations,candidate_needs_review,Salford Eccles,718,53.48481,-2.334139,10.589,no2;o3;pm10;pm25,DEFRA | Unknown Governmental Organization | United Kingdom | Manchester | Europe/London,25,35,15,5,80,"Candidate only; compare against DEFRA/AURN, local context and source provenance before validation."
Bolton WtE,bolton_wte,Greater Manchester,53.58,-2.43,Horwich,53.5303755682824,-2.474737575,facility,53.58,-2.43,OpenAQ v3 locations,candidate_needs_review,Salford Eccles,718,53.48481,-2.334139,12.336,no2;o3;pm10;pm25,DEFRA | Unknown Governmental Organization | United Kingdom | Manchester | Europe/London,22,35,15,5,77,"Candidate only; compare against DEFRA/AURN, local context and source provenance before validation."
Bolton WtE,bolton_wte,Greater Manchester,53.58,-2.43,Horwich,53.5303755682824,-2.474737575,control,53.5303755682824,-2.474737575,OpenAQ v3 locations,candidate_needs_review,Glazebury - UKA00170,2431,53.4600799995706,-2.4720559997084366,7.819,no2;o3;pm10;pm25,EEA | Unknown Governmental Organization | United Kingdom | Glazebury | Europe/London,30,35,0,5,70,"Candidate only; compare against DEFRA/AURN, local context and source provenance before validation."
Bolton WtE,bolton_wte,Greater Manchester,53.58,-2.43,Horwich,53.5303755682824,-2.474737575,control,53.5303755682824,-2.474737575,OpenAQ v3 locations,candidate_needs_review,Wigan Centre - UKA00482,2293,53.549139999250514,-2.638138999803485,10.997,no2;o3;pm10;pm25,EEA | Unknown Governmental Organization | United Kingdom | Wigan | Europe/London,25,35,0,5,65,"Candidate only; compare against DEFRA/AURN, local context and source provenance before validation."
Bolton WtE,bolton_wte,Greater Manchester,53.58,-2.43,Horwich,53.5303755682824,-2.474737575,facility,53.58,-2.43,OpenAQ v3 locations,candidate_needs_review,Glazebury - UKA00170,2431,53.4600799995706,-2.4720559997084366,13.621,no2;o3;pm10;pm25,EEA | Unknown Governmental Organization | United Kingdom | Glazebury | Europe/London,20,35,0,5,60,"Candidate only; compare against DEFRA/AURN, local context and source provenance before validation."
Bolton WtE,bolton_wte,Greater Manchester,53.58,-2.43,Horwich,53.5303755682824,-2.474737575,facility,53.58,-2.43,OpenAQ v3 locations,candidate_needs_review,Wigan Centre - UKA00482,2293,53.549139999250514,-2.638138999803485,14.167,no2;o3;pm10;pm25,EEA | Unknown Governmental Organization | United Kingdom | Wigan | Europe/London,19,35,0,5,59,"Candidate only; compare against DEFRA/AURN, local context and source provenance before validation."
Bolton WtE,bolton_wte,Greater Manchester,53.58,-2.43,Horwich,53.5303755682824,-2.474737575,facility,53.58,-2.43,OpenAQ v3 locations,candidate_needs_review,Bury Whitefield Roadside - UKA00598,2444,53.559028999225056,-2.293771999677786,9.293,no2;pm10,EEA | Unknown Governmental Organization | United Kingdom | Bury | Europe/London,28,22,0,5,55,"Candidate only; compare against DEFRA/AURN, local context and source provenance before validation."
Bolton WtE,bolton_wte,Greater Manchester,53.58,-2.43,Horwich,53.5303755682824,-2.474737575,control,53.5303755682824,-2.474737575,OpenAQ v3 locations,candidate_needs_review,Manchester Piccadilly - UKA00248,2312,53.48151999965718,-2.237881000216118,16.579,no2;o3;pm10;pm25;so2,EEA | Unknown Governmental Organization | United Kingdom | Manchester | Europe/London,15,35,0,5,55,"Candidate only; compare against DEFRA/AURN, local context and source provenance before validation."
Bolton WtE,bolton_wte,Greater Manchester,53.58,-2.43,Horwich,53.5303755682824,-2.474737575,facility,53.58,-2.43,OpenAQ v3 locations,candidate_needs_review,Manchester Piccadilly - UKA00248,2312,53.48151999965718,-2.237881000216118,16.767,no2;o3;pm10;pm25;so2,EEA | Unknown Governmental Organization | United Kingdom | Manchester | Europe/London,14,35,0,5,54,"Candidate only; compare against DEFRA/AURN, local context and source provenance before validation."
Bolton WtE,bolton_wte,Greater Manchester,53.58,-2.43,Horwich,53.5303755682824,-2.474737575,control,53.5303755682824,-2.474737575,OpenAQ v3 locations,candidate_needs_review,Warrington - UKA00538,2475,53.389279999268815,-2.6153579999810064,18.243,no2;pm10;pm25,EEA | Unknown Governmental Organization | United Kingdom | Warrington | Europe/London,12,34,0,5,51,"Candidate only; compare against DEFRA/AURN, local context and source provenance before validation."
Bolton WtE,bolton_wte,Greater Manchester,53.58,-2.43,Horwich,53.5303755682824,-2.474737575,control,53.5303755682824,-2.474737575,OpenAQ v3 locations,candidate_needs_review,Bury Whitefield Roadside - UKA00598,2444,53.559028999225056,-2.293771999677786,12.374,no2;pm10,EEA | Unknown Governmental Organization | United Kingdom | Bury | Europe/London,22,22,0,5,49,"Candidate only; compare against DEFRA/AURN, local context and source provenance before validation."
Bolton WtE,bolton_wte,Greater Manchester,53.58,-2.43,Horwich,53.5303755682824,-2.474737575,control,53.5303755682824,-2.474737575,OpenAQ v3 locations,candidate_needs_review,Adam Gray 01,1745856,53.481890622587905,-2.2369927162719048,16.621,pm1;pm10;pm25;relativehumidity;temperature;um003,AirGradient | Unknown Person | United Kingdom | Europe/London,15,24,0,5,44,"Candidate only; compare against DEFRA/AURN, local context and source provenance before validation."
Bolton WtE,bolton_wte,Greater Manchester,53.58,-2.43,Horwich,53.5303755682824,-2.474737575,facility,53.58,-2.43,OpenAQ v3 locations,candidate_needs_review,Adam Gray 01,1745856,53.481890622587905,-2.2369927162719048,16.785,pm1;pm10;pm25;relativehumidity;temperature;um003,AirGradient | Unknown Person | United Kingdom | Europe/London,14,24,0,5,43,"Candidate only; compare against DEFRA/AURN, local context and source provenance before validation."
Bolton WtE,bolton_wte,Greater Manchester,53.58,-2.43,Horwich,53.5303755682824,-2.474737575,control,53.5303755682824,-2.474737575,OpenAQ v3 locations,candidate_needs_review,Chorlton,1760702,53.43007871995329,-2.278135503675803,17.136,pm1;pm10;pm25;relativehumidity;temperature;um003,AirGradient | Unknown Person | United Kingdom | Europe/London,14,24,0,5,43,"Candidate only; compare against DEFRA/AURN, local context and source provenance before validation."
Bolton WtE,bolton_wte,Greater Manchester,53.58,-2.43,Horwich,53.5303755682824,-2.474737575,control,53.5303755682824,-2.474737575,OpenAQ v3 locations,candidate_needs_review,Manchester Sharston - UKA00617,2286,53.37130599925776,-2.2392179996844,23.581,no2;o3;pm10;pm25,EEA | Unknown Governmental Organization | United Kingdom | Manchester | Europe/London,2,35,0,5,42,"Candidate only; compare against DEFRA/AURN, local context and source provenance before validation."
Bolton WtE,bolton_wte,Greater Manchester,53.58,-2.43,Horwich,53.5303755682824,-2.474737575,control,53.5303755682824,-2.474737575,OpenAQ v3 locations,candidate_needs_review,Golborne Dale Cottage,3401002,53.46266174151034,-2.6016558943557166,11.277,pm1;pm25;relativehumidity;temperature;um003,AirGradient | Dan Cunliffe | United Kingdom | Europe/London,24,12,0,5,41,"Candidate only; compare against DEFRA/AURN, local context and source provenance before validation."
Bolton WtE,bolton_wte,Greater Manchester,53.58,-2.43,Horwich,53.5303755682824,-2.474737575,facility,53.58,-2.43,OpenAQ v3 locations,candidate_needs_review,Manchester Sharston - UKA00617,2286,53.37130599925776,-2.2392179996844,26.418,no2;o3;pm10;pm25,EEA | Unknown Governmental Organization | United Kingdom | Manchester | Europe/London,0,35,0,5,40,"Candidate only; compare against DEFRA/AURN, local context and source provenance before validation."
Bolton WtE,bolton_wte,Greater Manchester,53.58,-2.43,Horwich,53.5303755682824,-2.474737575,facility,53.58,-2.43,OpenAQ v3 locations,candidate_needs_review,Preston - UKA00408,2517,53.76558999953783,-2.6803529999440965,26.416,no2;o3;pm10;pm25,EEA | Unknown Governmental Organization | United Kingdom | Preston | Europe/London,0,35,0,5,40,"Candidate only; compare against DEFRA/AURN, local context and source provenance before validation."
Bolton WtE,bolton_wte,Greater Manchester,53.58,-2.43,Horwich,53.5303755682824,-2.474737575,control,53.5303755682824,-2.474737575,OpenAQ v3 locations,candidate_needs_review,Liverpool Speke - UKA00247,2507,53.346329999453125,-2.8443329999415723,31.908,no2;o3;pm10;pm25;so2,EEA | Unknown Governmental Organization | United Kingdom | Liverpool | Europe/London,0,35,0,5,40,"Candidate only; compare against DEFRA/AURN, local context and source provenance before validation."
Bolton WtE,bolton_wte,Greater Manchester,53.58,-2.43,Horwich,53.5303755682824,-2.474737575,facility,53.58,-2.43,OpenAQ v3 locations,candidate_needs_review,Warrington - UKA00538,2475,53.389279999268815,-2.6153579999810064,24.498,no2;pm10;pm25,EEA | Unknown Governmental Organization | United Kingdom | Warrington | Europe/London,0,34,0,5,39,"Candidate only; compare against DEFRA/AURN, local context and source provenance before validation."
Bolton WtE,bolton_wte,Greater Manchester,53.58,-2.43,Horwich,53.5303755682824,-2.474737575,facility,53.58,-2.43,OpenAQ v3 locations,candidate_needs_review,Chorlton,1760702,53.43007871995329,-2.278135503675803,19.462,pm1;pm10;pm25;relativehumidity;temperature;um003,AirGradient | Unknown Person | United Kingdom | Europe/London,9,24,0,5,38,"Candidate only; compare against DEFRA/AURN, local context and source provenance before validation."
Bolton WtE,bolton_wte,Greater Manchester,53.58,-2.43,Horwich,53.5303755682824,-2.474737575,control,53.5303755682824,-2.474737575,OpenAQ v3 locations,candidate_needs_review,University of Manchester,2884480,53.445,-2.21758,19.483,pm1;pm10;pm25;relativehumidity;temperature;um003,AirGradient | Unknown Person | United Kingdom | Europe/London,9,24,0,5,38,"Candidate only; compare against DEFRA/AURN, local context and source provenance before validation."
Bolton WtE,bolton_wte,Greater Manchester,53.58,-2.43,Horwich,53.5303755682824,-2.474737575,control,53.5303755682824,-2.474737575,OpenAQ v3 locations,candidate_needs_review,University of Manchester,2884565,53.4445,-2.21758,19.51,pm1;pm10;pm25;relativehumidity;temperature;um003,AirGradient | Unknown Person | United Kingdom | Europe/London,9,24,0,5,38,"Candidate only; compare against DEFRA/AURN, local context and source provenance before validation."
Bolton WtE,bolton_wte,Greater Manchester,53.58,-2.43,Horwich,53.5303755682824,-2.474737575,control,53.5303755682824,-2.474737575,OpenAQ v3 locations,candidate_needs_review,Fairholme Road,3316776,53.4309955,-2.2212486,20.087,pm1;pm10;pm25;relativehumidity;temperature;um003,AirGradient | Unknown Person | United Kingdom | Europe/London,8,24,0,5,37,"Candidate only; compare against DEFRA/AURN, local context and source provenance before validation."
Bolton WtE,bolton_wte,Greater Manchester,53.58,-2.43,Horwich,53.5303755682824,-2.474737575,facility,53.58,-2.43,OpenAQ v3 locations,candidate_needs_review,University of Manchester,2884480,53.445,-2.21758,20.558,pm1;pm10;pm25;relativehumidity;temperature;um003,AirGradient | Unknown Person | United Kingdom | Europe/London,7,24,0,5,36,"Candidate only; compare against DEFRA/AURN, local context and source provenance before validation."
Bolton WtE,bolton_wte,Greater Manchester,53.58,-2.43,Horwich,53.5303755682824,-2.474737575,facility,53.58,-2.43,OpenAQ v3 locations,candidate_needs_review,University of Manchester,2884565,53.4445,-2.21758,20.598,pm1;pm10;pm25;relativehumidity;temperature;um003,AirGradient | Unknown Person | United Kingdom | Europe/London,7,24,0,5,36,"Candidate only; compare against DEFRA/AURN, local context and source provenance before validation."
Bolton WtE,bolton_wte,Greater Manchester,53.58,-2.43,Horwich,53.5303755682824,-2.474737575,control,53.5303755682824,-2.474737575,OpenAQ v3 locations,candidate_needs_review,St Helens Linkway - UKA00627,3531,53.45182599939756,-2.742134000297141,19.728,no2;pm10,EEA | Unknown Governmental Organization | United Kingdom | North West & Merseyside | Europe/London,9,22,0,5,36,"Candidate only; compare against DEFRA/AURN, local context and source provenance before validation."
Bolton WtE,bolton_wte,Greater Manchester,53.58,-2.43,Horwich,53.5303755682824,-2.474737575,facility,53.58,-2.43,OpenAQ v3 locations,candidate_needs_review,Fairholme Road,3316776,53.4309955,-2.2212486,21.566,pm1;pm10;pm25;relativehumidity;temperature;um003,AirGradient | Unknown Person | United Kingdom | Europe/London,6,24,0,5,35,"Candidate only; compare against DEFRA/AURN, local context and source provenance before validation."
Bolton WtE,bolton_wte,Greater Manchester,53.58,-2.43,Horwich,53.5303755682824,-2.474737575,control,53.5303755682824,-2.474737575,OpenAQ v3 locations,candidate_needs_review,"Oldham Street, Manchester",1582067,53.48161807672774,-2.2370100183219983,16.63,pm25;temperature,AirGradient | Unknown Governmental Organization | United Kingdom | Europe/London,15,12,0,5,32,"Candidate only; compare against DEFRA/AURN, local context and source provenance before validation."
Bolton WtE,bolton_wte,Greater Manchester,53.58,-2.43,Horwich,53.5303755682824,-2.474737575,control,53.5303755682824,-2.474737575,OpenAQ v3 locations,candidate_needs_review,"Oldham Street, Manchester",1585676,53.48161807672774,-2.2370100183219983,16.63,pm25;temperature,AirGradient | Unknown Governmental Organization | United Kingdom | Europe/London,15,12,0,5,32,"Candidate only; compare against DEFRA/AURN, local context and source provenance before validation."
Bolton WtE,bolton_wte,Greater Manchester,53.58,-2.43,Horwich,53.5303755682824,-2.474737575,control,53.5303755682824,-2.474737575,OpenAQ v3 locations,candidate_needs_review,"Oldham Street, Manchester",1585684,53.48161807672774,-2.2370100183219983,16.63,pm25;temperature,AirGradient | Unknown Governmental Organization | United Kingdom | Europe/London,15,12,0,5,32,"Candidate only; compare against DEFRA/AURN, local context and source provenance before validation."
Bolton WtE,bolton_wte,Greater Manchester,53.58,-2.43,Horwich,53.5303755682824,-2.474737575,control,53.5303755682824,-2.474737575,OpenAQ v3 locations,candidate_needs_review,"Oldham Street, Manchester",1745855,53.48185145391406,-2.236798868559406,16.635,pm25;temperature,AirGradient | Unknown Person | United Kingdom | Europe/London,15,12,0,5,32,"Candidate only; compare against DEFRA/AURN, local context and source provenance before validation."
Bolton WtE,bolton_wte,Greater Manchester,53.58,-2.43,Horwich,53.5303755682824,-2.474737575,control,53.5303755682824,-2.474737575,OpenAQ v3 locations,candidate_needs_review,College road,5874723,53.450316,-2.26644,16.406,pm1;pm25;relativehumidity;temperature;um003,AirGradient | AirGradient | United Kingdom | Europe/London,15,12,0,5,32,"Candidate only; compare against DEFRA/AURN, local context and source provenance before validation."
Bolton WtE,bolton_wte,Greater Manchester,53.58,-2.43,Horwich,53.5303755682824,-2.474737575,facility,53.58,-2.43,OpenAQ v3 locations,candidate_needs_review,"Oldham Street, Manchester",1582067,53.48161807672774,-2.2370100183219983,16.804,pm25;temperature,AirGradient | Unknown Governmental Organization | United Kingdom | Europe/London,14,12,0,5,31,"Candidate only; compare against DEFRA/AURN, local context and source provenance before validation."
Bolton WtE,bolton_wte,Greater Manchester,53.58,-2.43,Horwich,53.5303755682824,-2.474737575,facility,53.58,-2.43,OpenAQ v3 locations,candidate_needs_review,"Oldham Street, Manchester",1585676,53.48161807672774,-2.2370100183219983,16.804,pm25;temperature,AirGradient | Unknown Governmental Organization | United Kingdom | Europe/London,14,12,0,5,31,"Candidate only; compare against DEFRA/AURN, local context and source provenance before validation."
Bolton WtE,bolton_wte,Greater Manchester,53.58,-2.43,Horwich,53.5303755682824,-2.474737575,facility,53.58,-2.43,OpenAQ v3 locations,candidate_needs_review,"Oldham Street, Manchester",1585684,53.48161807672774,-2.2370100183219983,16.804,pm25;temperature,AirGradient | Unknown Governmental Organization | United Kingdom | Europe/London,14,12,0,5,31,"Candidate only; compare against DEFRA/AURN, local context and source provenance before validation."
Bolton WtE,bolton_wte,Greater Manchester,53.58,-2.43,Horwich,53.5303755682824,-2.474737575,facility,53.58,-2.43,OpenAQ v3 locations,candidate_needs_review,"Oldham Street, Manchester",1745855,53.48185145391406,-2.236798868559406,16.798,pm25;temperature,AirGradient | Unknown Person | United Kingdom | Europe/London,14,12,0,5,31,"Candidate only; compare against DEFRA/AURN, local context and source provenance before validation."
Bolton WtE,bolton_wte,Greater Manchester,53.58,-2.43,Horwich,53.5303755682824,-2.474737575,facility,53.58,-2.43,OpenAQ v3 locations,candidate_needs_review,Golborne Dale Cottage,3401002,53.46266174151034,-2.6016558943557166,17.292,pm1;pm25;relativehumidity;temperature;um003,AirGradient | Dan Cunliffe | United Kingdom | Europe/London,13,12,0,5,30,"Candidate only; compare against DEFRA/AURN, local context and source provenance before validation."
Bolton WtE,bolton_wte,Greater Manchester,53.58,-2.43,Horwich,53.5303755682824,-2.474737575,facility,53.58,-2.43,OpenAQ v3 locations,candidate_needs_review,College road,5874723,53.450316,-2.26644,18.025,pm1;pm25;relativehumidity;temperature;um003,AirGradient | AirGradient | United Kingdom | Europe/London,12,12,0,5,29,"Candidate only; compare against DEFRA/AURN, local context and source provenance before validation."
Bolton WtE,bolton_wte,Greater Manchester,53.58,-2.43,Horwich,53.5303755682824,-2.474737575,facility,53.58,-2.43,OpenAQ v3 locations,candidate_needs_review,Manchester Mayfield,6145550,53.474361,-2.22278,18.044,pm1;pm25;relativehumidity;temperature;um003,AirGradient | AirGradient | United Kingdom | Europe/London,12,12,0,5,29,"Candidate only; compare against DEFRA/AURN, local context and source provenance before validation."
Bolton WtE,bolton_wte,Greater Manchester,53.58,-2.43,Horwich,53.5303755682824,-2.474737575,control,53.5303755682824,-2.474737575,OpenAQ v3 locations,candidate_needs_review,Manchester Mayfield,6145550,53.474361,-2.22278,17.79,pm1;pm25;relativehumidity;temperature;um003,AirGradient | AirGradient | United Kingdom | Europe/London,12,12,0,5,29,"Candidate only; compare against DEFRA/AURN, local context and source provenance before validation."
Bolton WtE,bolton_wte,Greater Manchester,53.58,-2.43,Horwich,53.5303755682824,-2.474737575,facility,53.58,-2.43,OpenAQ v3 locations,candidate_needs_review,St Helens Linkway - UKA00627,3531,53.45182599939756,-2.742134000297141,25.08,no2;pm10,EEA | Unknown Governmental Organization | United Kingdom | North West & Merseyside | Europe/London,0,22,0,5,27,"Candidate only; compare against DEFRA/AURN, local context and source provenance before validation."
Bolton WtE,bolton_wte,Greater Manchester,53.58,-2.43,Horwich,53.5303755682824,-2.474737575,control,53.5303755682824,-2.474737575,OpenAQ v3 locations,candidate_needs_review,West Didsbury,5956427,53.427642,-2.246476,18.938,pm1;pm25;relativehumidity;temperature;um003,AirGradient | AirGradient | United Kingdom | Europe/London,10,12,0,5,27,"Candidate only; compare against DEFRA/AURN, local context and source provenance before validation."
Bolton WtE,bolton_wte,Greater Manchester,53.58,-2.43,Horwich,53.5303755682824,-2.474737575,facility,53.58,-2.43,OpenAQ v3 locations,candidate_needs_review,Blackburn Accrington Road - UKA00590,2335,53.7477509993481,-2.452723999672644,18.713,no2,EEA | Unknown Governmental Organization | United Kingdom | Blackburn | Europe/London,11,10,0,5,26,"Candidate only; compare against DEFRA/AURN, local context and source provenance before validation."
Bolton WtE,bolton_wte,Greater Manchester,53.58,-2.43,Horwich,53.5303755682824,-2.474737575,facility,53.58,-2.43,OpenAQ v3 locations,candidate_needs_review,West Didsbury,5956427,53.427642,-2.246476,20.841,pm1;pm25;relativehumidity;temperature;um003,AirGradient | AirGradient | United Kingdom | Europe/London,7,12,0,5,24,"Candidate only; compare against DEFRA/AURN, local context and source provenance before validation."
Bolton WtE,bolton_wte,Greater Manchester,53.58,-2.43,Horwich,53.5303755682824,-2.474737575,control,53.5303755682824,-2.474737575,OpenAQ v3 locations,candidate_needs_review,Cambridge Road,6368030,53.428418,-2.176583,22.755,pm1;pm25;relativehumidity;temperature;um003,AirGradient | AirGradient | United Kingdom | Europe/London,4,12,0,5,21,"Candidate only; compare against DEFRA/AURN, local context and source provenance before validation."
Bolton WtE,bolton_wte,Greater Manchester,53.58,-2.43,Horwich,53.5303755682824,-2.474737575,facility,53.58,-2.43,OpenAQ v3 locations,candidate_needs_review,Shaw Crompton Way - UKA00579,995,53.57928299974366,-2.093786000448393,22.196,no2,EEA | Unknown Governmental Organization | United Kingdom | Crompton Way   OL2 8AQ | Europe/London,5,10,0,5,20,"Candidate only; compare against DEFRA/AURN, local context and source provenance before validation."
Bolton WtE,bolton_wte,Greater Manchester,53.58,-2.43,Horwich,53.5303755682824,-2.474737575,facility,53.58,-2.43,OpenAQ v3 locations,candidate_needs_review,Cambridge Road,6368030,53.428418,-2.176583,23.769,pm1;pm25;relativehumidity;temperature;um003,AirGradient | AirGradient | United Kingdom | Europe/London,2,12,0,5,19,"Candidate only; compare against DEFRA/AURN, local context and source provenance before validation."
Bolton WtE,bolton_wte,Greater Manchester,53.58,-2.43,Horwich,53.5303755682824,-2.474737575,facility,53.58,-2.43,OpenAQ v3 locations,candidate_needs_review,Romiley,3400994,53.417076729082574,-2.085915035436343,29.089,pm1;pm25;relativehumidity;temperature;um003,AirGradient | Unknown Person | United Kingdom | Europe/London,0,12,0,5,17,"Candidate only; compare against DEFRA/AURN, local context and source provenance before validation."
Bolton WtE,bolton_wte,Greater Manchester,53.58,-2.43,Horwich,53.5303755682824,-2.474737575,control,53.5303755682824,-2.474737575,OpenAQ v3 locations,candidate_needs_review,Blackburn Accrington Road - UKA00590,2335,53.7477509993481,-2.452723999672644,24.215,no2,EEA | Unknown Governmental Organization | United Kingdom | Blackburn | Europe/London,1,10,0,5,16,"Candidate only; compare against DEFRA/AURN, local context and source provenance before validation."
Bolton WtE,bolton_wte,Greater Manchester,53.58,-2.43,Horwich,53.5303755682824,-2.474737575,facility,53.58,-2.43,OpenAQ v3 locations,candidate_needs_review,Widnes Milton Road - UKA00603,2322,53.36539099942606,-2.7316799999086454,31.115,no2,EEA | Unknown Governmental Organization | United Kingdom | Widnes | Europe/London,0,10,0,5,15,"Candidate only; compare against DEFRA/AURN, local context and source provenance before validation."
Bolton WtE,bolton_wte,Greater Manchester,53.58,-2.43,Horwich,53.5303755682824,-2.474737575,control,53.5303755682824,-2.474737575,OpenAQ v3 locations,candidate_needs_review,Widnes Milton Road - UKA00603,2322,53.36539099942606,-2.7316799999086454,25.022,no2,EEA | Unknown Governmental Organization | United Kingdom | Widnes | Europe/London,0,10,0,5,15,"Candidate only; compare against DEFRA/AURN, local context and source provenance before validation."
Chineham EfW,chineham_efw,Hampshire,51.28,-1.08,Oakley,51.23854307327007,-1.129830699,facility,51.28,-1.08,OpenAQ v3 locations,candidate_needs_review,Sherborne St John,5981280,51.2963503,-1.1093352,2.733,pm1;pm25;relativehumidity;temperature;um003,AirGradient | AirGradient | United Kingdom | Europe/London,40,12,0,5,57,"Candidate only; compare against DEFRA/AURN, local context and source provenance before validation."
Chineham EfW,chineham_efw,Hampshire,51.28,-1.08,Oakley,51.23854307327007,-1.129830699,control,51.23854307327007,-1.129830699,OpenAQ v3 locations,candidate_needs_review,Sherborne St John,5981280,51.2963503,-1.1093352,6.584,pm1;pm25;relativehumidity;temperature;um003,AirGradient | AirGradient | United Kingdom | Europe/London,33,12,0,5,50,"Candidate only; compare against DEFRA/AURN, local context and source provenance before validation."
Chineham EfW,chineham_efw,Hampshire,51.28,-1.08,Oakley,51.23854307327007,-1.129830699,facility,51.28,-1.08,OpenAQ v3 locations,candidate_needs_review,Reading New Town - UKA00462,2479,51.453089999530995,-0.9440669998676476,21.436,no2;o3;pm10;pm25,EEA | Unknown Governmental Organization | United Kingdom | Reading | Europe/London,6,35,0,5,46,"Candidate only; compare against DEFRA/AURN, local context and source provenance before validation."
Chineham EfW,chineham_efw,Hampshire,51.28,-1.08,Oakley,51.23854307327007,-1.129830699,facility,51.28,-1.08,OpenAQ v3 locations,candidate_needs_review,Reading - New Town,225778,51.4529847075166,-0.944461432664066,21.413,no2;o3;pm10;pm25,London Air Quality Network | Unknown Governmental Organization | United Kingdom | Reading | Europe/London,6,35,0,5,46,"Candidate only; compare against DEFRA/AURN, local context and source provenance before validation."
Chineham EfW,chineham_efw,Hampshire,51.28,-1.08,Oakley,51.23854307327007,-1.129830699,control,51.23854307327007,-1.129830699,OpenAQ v3 locations,candidate_needs_review,Alton,3246956,51.14188,-0.97438,15.261,pm1;pm10;pm25;relativehumidity;temperature;um003,AirGradient | Unknown Person | United Kingdom | Europe/London,17,24,0,5,46,"Candidate only; compare against DEFRA/AURN, local context and source provenance before validation."
Chineham EfW,chineham_efw,Hampshire,51.28,-1.08,Oakley,51.23854307327007,-1.129830699,facility,51.28,-1.08,OpenAQ v3 locations,candidate_needs_review,DN1 Outdoor,1793796,51.38626172761953,-0.9034570773981544,17.031,pm1;pm10;pm25;relativehumidity;temperature;um003,AirGradient | Ggg | United Kingdom | Europe/London,14,24,0,5,43,"Candidate only; compare against DEFRA/AURN, local context and source provenance before validation."
Chineham EfW,chineham_efw,Hampshire,51.28,-1.08,Oakley,51.23854307327007,-1.129830699,facility,51.28,-1.08,OpenAQ v3 locations,candidate_needs_review,Alton,3246956,51.14188,-0.97438,17.03,pm1;pm10;pm25;relativehumidity;temperature;um003,AirGradient | Unknown Person | United Kingdom | Europe/London,14,24,0,5,43,"Candidate only; compare against DEFRA/AURN, local context and source provenance before validation."
Chineham EfW,chineham_efw,Hampshire,51.28,-1.08,Oakley,51.23854307327007,-1.129830699,control,51.23854307327007,-1.129830699,OpenAQ v3 locations,candidate_needs_review,Chilbolton Observatory - UKA00614,2424,51.149616999677995,-1.4382279999584238,23.656,no2;o3;pm10;pm25;so2,EEA | Unknown Governmental Organization | United Kingdom | Stockbridge | Europe/London,2,35,0,5,42,"Candidate only; compare against DEFRA/AURN, local context and source provenance before validation."
Chineham EfW,chineham_efw,Hampshire,51.28,-1.08,Oakley,51.23854307327007,-1.129830699,facility,51.28,-1.08,OpenAQ v3 locations,candidate_needs_review,Chilbolton Observatory - UKA00614,2424,51.149616999677995,-1.4382279999584238,28.858,no2;o3;pm10;pm25;so2,EEA | Unknown Governmental Organization | United Kingdom | Stockbridge | Europe/London,0,35,0,5,40,"Candidate only; compare against DEFRA/AURN, local context and source provenance before validation."
Chineham EfW,chineham_efw,Hampshire,51.28,-1.08,Oakley,51.23854307327007,-1.129830699,control,51.23854307327007,-1.129830699,OpenAQ v3 locations,candidate_needs_review,Reading New Town - UKA00462,2479,51.453089999530995,-0.9440669998676476,27.122,no2;o3;pm10;pm25,EEA | Unknown Governmental Organization | United Kingdom | Reading | Europe/London,0,35,0,5,40,"Candidate only; compare against DEFRA/AURN, local context and source provenance before validation."
Chineham EfW,chineham_efw,Hampshire,51.28,-1.08,Oakley,51.23854307327007,-1.129830699,control,51.23854307327007,-1.129830699,OpenAQ v3 locations,candidate_needs_review,Reading - New Town,225778,51.4529847075166,-0.944461432664066,27.099,no2;o3;pm10;pm25,London Air Quality Network | Unknown Governmental Organization | United Kingdom | Reading | Europe/London,0,35,0,5,40,"Candidate only; compare against DEFRA/AURN, local context and source provenance before validation."
Chineham EfW,chineham_efw,Hampshire,51.28,-1.08,Oakley,51.23854307327007,-1.129830699,facility,51.28,-1.08,OpenAQ v3 locations,candidate_needs_review,Northumberland Avenue ,2834801,51.4356282,-0.9624044,19.135,pm1;pm10;pm25;relativehumidity;temperature;um003,AirGradient | Unknown Person | United Kingdom | Europe/London,10,24,0,5,39,"Candidate only; compare against DEFRA/AURN, local context and source provenance before validation."
Chineham EfW,chineham_efw,Hampshire,51.28,-1.08,Oakley,51.23854307327007,-1.129830699,facility,51.28,-1.08,OpenAQ v3 locations,candidate_needs_review,Northumberland Avenue,2858887,51.4357082,-0.962382,19.143,pm1;pm10;pm25;relativehumidity;temperature;um003,AirGradient | RBC | United Kingdom | Europe/London,10,24,0,5,39,"Candidate only; compare against DEFRA/AURN, local context and source provenance before validation."
Chineham EfW,chineham_efw,Hampshire,51.28,-1.08,Oakley,51.23854307327007,-1.129830699,facility,51.28,-1.08,OpenAQ v3 locations,candidate_needs_review,Design Nature 2 ,1813439,51.439696,-0.949368,19.94,pm1;pm10;pm25;relativehumidity;temperature;um003,AirGradient | Unknown Person | United Kingdom | Europe/London,9,24,0,5,38,"Candidate only; compare against DEFRA/AURN, local context and source provenance before validation."
Chineham EfW,chineham_efw,Hampshire,51.28,-1.08,Oakley,51.23854307327007,-1.129830699,facility,51.28,-1.08,OpenAQ v3 locations,candidate_needs_review,SJCR Car Park,2882018,51.446046,-0.94838,20.601,pm1;pm10;pm25;relativehumidity;temperature;um003,AirGradient | Unknown Person | United Kingdom | Europe/London,7,24,0,5,36,"Candidate only; compare against DEFRA/AURN, local context and source provenance before validation."
Chineham EfW,chineham_efw,Hampshire,51.28,-1.08,Oakley,51.23854307327007,-1.129830699,facility,51.28,-1.08,OpenAQ v3 locations,candidate_needs_review,Newbury,3329389,51.4115819,-1.2942061,20.867,pm1;pm10;pm25;relativehumidity;temperature;um003,AirGradient | Critical Tinkerer | United Kingdom | Europe/London,7,24,0,5,36,"Candidate only; compare against DEFRA/AURN, local context and source provenance before validation."
Chineham EfW,chineham_efw,Hampshire,51.28,-1.08,Oakley,51.23854307327007,-1.129830699,facility,51.28,-1.08,OpenAQ v3 locations,candidate_needs_review,Orch cl,6133924,51.398192,-1.176112,14.741,pm1;pm25;relativehumidity;temperature;um003,AirGradient | AirGradient | United Kingdom | Europe/London,18,12,0,5,35,"Candidate only; compare against DEFRA/AURN, local context and source provenance before validation."
Chineham EfW,chineham_efw,Hampshire,51.28,-1.08,Oakley,51.23854307327007,-1.129830699,control,51.23854307327007,-1.129830699,OpenAQ v3 locations,candidate_needs_review,Walworth Road,3080800,51.2223611,-1.438124,21.541,pm1;pm10;pm25;relativehumidity;temperature;um003,AirGradient | Mint | United Kingdom | Europe/London,6,24,0,5,35,"Candidate only; compare against DEFRA/AURN, local context and source provenance before validation."
Chineham EfW,chineham_efw,Hampshire,51.28,-1.08,Oakley,51.23854307327007,-1.129830699,facility,51.28,-1.08,OpenAQ v3 locations,candidate_needs_review,Main Office,3279895,51.466087119689576,-0.9714073322705774,22.022,pm1;pm10;pm25;relativehumidity;temperature;um003,AirGradient | Thameside Primary School | United Kingdom | Europe/London,5,24,0,5,34,"Candidate only; compare against DEFRA/AURN, local context and source provenance before validation."
Chineham EfW,chineham_efw,Hampshire,51.28,-1.08,Oakley,51.23854307327007,-1.129830699,control,51.23854307327007,-1.129830699,OpenAQ v3 locations,candidate_needs_review,DN1 Outdoor,1793796,51.38626172761953,-0.9034570773981544,22.746,pm1;pm10;pm25;relativehumidity;temperature;um003,AirGradient | Ggg | United Kingdom | Europe/London,4,24,0,5,33,"Candidate only; compare against DEFRA/AURN, local context and source provenance before validation."
Chineham EfW,chineham_efw,Hampshire,51.28,-1.08,Oakley,51.23854307327007,-1.129830699,control,51.23854307327007,-1.129830699,OpenAQ v3 locations,candidate_needs_review,Newbury,3329389,51.4115819,-1.2942061,22.376,pm1;pm10;pm25;relativehumidity;temperature;um003,AirGradient | Critical Tinkerer | United Kingdom | Europe/London,4,24,0,5,33,"Candidate only; compare against DEFRA/AURN, local context and source provenance before validation."
Chineham EfW,chineham_efw,Hampshire,51.28,-1.08,Oakley,51.23854307327007,-1.129830699,facility,51.28,-1.08,OpenAQ v3 locations,candidate_needs_review,Reading London Road - UKA00620,2410,51.454895999704384,-0.9403820000794095,21.729,no2;pm10,EEA | Unknown Governmental Organization | United Kingdom | Europe/London,5,22,0,5,32,"Candidate only; compare against DEFRA/AURN, local context and source provenance before validation."
Chineham EfW,chineham_efw,Hampshire,51.28,-1.08,Oakley,51.23854307327007,-1.129830699,facility,51.28,-1.08,OpenAQ v3 locations,candidate_needs_review,Elvetham Heath ,4492080,51.293387,-0.84337,16.523,pm1;pm25;relativehumidity;temperature;um003,AirGradient | Mark T | United Kingdom | Europe/London,15,12,0,5,32,"Candidate only; compare against DEFRA/AURN, local context and source provenance before validation."
Chineham EfW,chineham_efw,Hampshire,51.28,-1.08,Oakley,51.23854307327007,-1.129830699,facility,51.28,-1.08,OpenAQ v3 locations,candidate_needs_review,DN2 Outdoor,3847750,51.386159620946344,-0.9034061154305075,17.025,pm1;pm25;relativehumidity;temperature;um003,AirGradient | Ggg | United Kingdom | Europe/London,14,12,0,5,31,"Candidate only; compare against DEFRA/AURN, local context and source provenance before validation."
Chineham EfW,chineham_efw,Hampshire,51.28,-1.08,Oakley,51.23854307327007,-1.129830699,facility,51.28,-1.08,OpenAQ v3 locations,candidate_needs_review,,3939296,51.42580064599009,-0.9952652098159263,17.247,pm1;pm25;relativehumidity;temperature;um003,AirGradient | Green Park Village Primary Academy | United Kingdom | Europe/London,13,12,0,5,30,"Candidate only; compare against DEFRA/AURN, local context and source provenance before validation."
Chineham EfW,chineham_efw,Hampshire,51.28,-1.08,Oakley,51.23854307327007,-1.129830699,facility,51.28,-1.08,OpenAQ v3 locations,candidate_needs_review,Hankley Common North,3069359,51.1808289,-0.7260056,27.003,pm1;pm10;pm25;relativehumidity;temperature;um003,AirGradient | GavinS | United Kingdom | Europe/London,0,24,0,5,29,"Candidate only; compare against DEFRA/AURN, local context and source provenance before validation."
Chineham EfW,chineham_efw,Hampshire,51.28,-1.08,Oakley,51.23854307327007,-1.129830699,facility,51.28,-1.08,OpenAQ v3 locations,candidate_needs_review,Walworth Road,3080800,51.2223611,-1.438124,25.735,pm1;pm10;pm25;relativehumidity;temperature;um003,AirGradient | Mint | United Kingdom | Europe/London,0,24,0,5,29,"Candidate only; compare against DEFRA/AURN, local context and source provenance before validation."
Chineham EfW,chineham_efw,Hampshire,51.28,-1.08,Oakley,51.23854307327007,-1.129830699,facility,51.28,-1.08,OpenAQ v3 locations,candidate_needs_review,Warfield CE Primary School,3272014,51.431533,-0.751285,28.371,pm1;pm10;pm25;relativehumidity;temperature;um003,AirGradient | Unknown Person | United Kingdom | Europe/London,0,24,0,5,29,"Candidate only; compare against DEFRA/AURN, local context and source provenance before validation."
Chineham EfW,chineham_efw,Hampshire,51.28,-1.08,Oakley,51.23854307327007,-1.129830699,control,51.23854307327007,-1.129830699,OpenAQ v3 locations,candidate_needs_review,Northumberland Avenue ,2834801,51.4356282,-0.9624044,24.81,pm1;pm10;pm25;relativehumidity;temperature;um003,AirGradient | Unknown Person | United Kingdom | Europe/London,0,24,0,5,29,"Candidate only; compare against DEFRA/AURN, local context and source provenance before validation."
Chineham EfW,chineham_efw,Hampshire,51.28,-1.08,Oakley,51.23854307327007,-1.129830699,control,51.23854307327007,-1.129830699,OpenAQ v3 locations,candidate_needs_review,Northumberland Avenue,2858887,51.4357082,-0.962382,24.819,pm1;pm10;pm25;relativehumidity;temperature;um003,AirGradient | RBC | United Kingdom | Europe/London,0,24,0,5,29,"Candidate only; compare against DEFRA/AURN, local context and source provenance before validation."
Chineham EfW,chineham_efw,Hampshire,51.28,-1.08,Oakley,51.23854307327007,-1.129830699,control,51.23854307327007,-1.129830699,OpenAQ v3 locations,candidate_needs_review,Orch cl,6133924,51.398192,-1.176112,18.041,pm1;pm25;relativehumidity;temperature;um003,AirGradient | AirGradient | United Kingdom | Europe/London,12,12,0,5,29,"Candidate only; compare against DEFRA/AURN, local context and source provenance before validation."
Chineham EfW,chineham_efw,Hampshire,51.28,-1.08,Oakley,51.23854307327007,-1.129830699,control,51.23854307327007,-1.129830699,OpenAQ v3 locations,candidate_needs_review,Design Nature 2 ,1813439,51.439696,-0.949368,25.641,pm1;pm10;pm25;relativehumidity;temperature;um003,AirGradient | Unknown Person | United Kingdom | Europe/London,0,24,0,5,29,"Candidate only; compare against DEFRA/AURN, local context and source provenance before validation."
Chineham EfW,chineham_efw,Hampshire,51.28,-1.08,Oakley,51.23854307327007,-1.129830699,control,51.23854307327007,-1.129830699,OpenAQ v3 locations,candidate_needs_review,SJCR Car Park,2882018,51.446046,-0.94838,26.291,pm1;pm10;pm25;relativehumidity;temperature;um003,AirGradient | Unknown Person | United Kingdom | Europe/London,0,24,0,5,29,"Candidate only; compare against DEFRA/AURN, local context and source provenance before validation."
Chineham EfW,chineham_efw,Hampshire,51.28,-1.08,Oakley,51.23854307327007,-1.129830699,control,51.23854307327007,-1.129830699,OpenAQ v3 locations,candidate_needs_review,Reading London Road - UKA00620,2410,51.454895999704384,-0.9403820000794095,27.421,no2;pm10,EEA | Unknown Governmental Organization | United Kingdom | Europe/London,0,22,0,5,27,"Candidate only; compare against DEFRA/AURN, local context and source provenance before validation."
Chineham EfW,chineham_efw,Hampshire,51.28,-1.08,Oakley,51.23854307327007,-1.129830699,facility,51.28,-1.08,OpenAQ v3 locations,candidate_needs_review,"RUAO, University of Reading",3735753,51.44143714556161,-0.9377832970101964,20.488,pm1;pm25;relativehumidity;temperature;um003,"AirGradient | Department of Meteorology, University of Reading | United Kingdom | Europe/London",8,12,0,5,25,"Candidate only; compare against DEFRA/AURN, local context and source provenance before validation."
Chineham EfW,chineham_efw,Hampshire,51.28,-1.08,Oakley,51.23854307327007,-1.129830699,facility,51.28,-1.08,OpenAQ v3 locations,candidate_needs_review,Beecham Rd,6134751,51.4560303,-1.0076382,20.208,pm1;pm25;relativehumidity;temperature;um003,AirGradient | AirGradient | United Kingdom | Europe/London,8,12,0,5,25,"Candidate only; compare against DEFRA/AURN, local context and source provenance before validation."
Chineham EfW,chineham_efw,Hampshire,51.28,-1.08,Oakley,51.23854307327007,-1.129830699,facility,51.28,-1.08,OpenAQ v3 locations,candidate_needs_review,Reading School Outdoor,2165655,51.44775300627921,-0.9554175470538501,20.561,pm25;temperature,AirGradient | Unknown Person | United Kingdom | Europe/London,7,12,0,5,24,"Candidate only; compare against DEFRA/AURN, local context and source provenance before validation."
Chineham EfW,chineham_efw,Hampshire,51.28,-1.08,Oakley,51.23854307327007,-1.129830699,facility,51.28,-1.08,OpenAQ v3 locations,candidate_needs_review,"OXFORD ROAD COMMUNITY SCHOOL 146 OXFORD ROAD,READING,RG1 7PJ",3431596,51.45567209377554,-0.9862261406158451,20.59,pm1;pm25;relativehumidity;temperature;um003,AirGradient | Unknown Person | United Kingdom | Europe/London,7,12,0,5,24,"Candidate only; compare against DEFRA/AURN, local context and source provenance before validation."
Chineham EfW,chineham_efw,Hampshire,51.28,-1.08,Oakley,51.23854307327007,-1.129830699,control,51.23854307327007,-1.129830699,OpenAQ v3 locations,candidate_needs_review,Elvetham Heath ,4492080,51.293387,-0.84337,20.843,pm1;pm25;relativehumidity;temperature;um003,AirGradient | Mark T | United Kingdom | Europe/London,7,12,0,5,24,"Candidate only; compare against DEFRA/AURN, local context and source provenance before validation."
Chineham EfW,chineham_efw,Hampshire,51.28,-1.08,Oakley,51.23854307327007,-1.129830699,facility,51.28,-1.08,OpenAQ v3 locations,candidate_needs_review,Emmbrook,4898483,51.4213346,-0.8493279,22.441,pm1;pm25;relativehumidity;temperature;um003,AirGradient | Marco | United Kingdom | Europe/London,4,12,0,5,21,"Candidate only; compare against DEFRA/AURN, local context and source provenance before validation."
Chineham EfW,chineham_efw,Hampshire,51.28,-1.08,Oakley,51.23854307327007,-1.129830699,control,51.23854307327007,-1.129830699,OpenAQ v3 locations,candidate_needs_review,DN2 Outdoor,3847750,51.386159620946344,-0.9034061154305075,22.74,pm1;pm25;relativehumidity;temperature;um003,AirGradient | Ggg | United Kingdom | Europe/London,4,12,0,5,21,"Candidate only; compare against DEFRA/AURN, local context and source provenance before validation."
Chineham EfW,chineham_efw,Hampshire,51.28,-1.08,Oakley,51.23854307327007,-1.129830699,control,51.23854307327007,-1.129830699,OpenAQ v3 locations,candidate_needs_review,,3939296,51.42580064599009,-0.9952652098159263,22.825,pm1;pm25;relativehumidity;temperature;um003,AirGradient | Green Park Village Primary Academy | United Kingdom | Europe/London,3,12,0,5,20,"Candidate only; compare against DEFRA/AURN, local context and source provenance before validation."
Chineham EfW,chineham_efw,Hampshire,51.28,-1.08,Oakley,51.23854307327007,-1.129830699,control,51.23854307327007,-1.129830699,OpenAQ v3 locations,candidate_needs_review,Reading School Outdoor,2165655,51.44775300627921,-0.9554175470538501,26.228,pm25;temperature,AirGradient | Unknown Person | United Kingdom | Europe/London,0,12,0,5,17,"Candidate only; compare against DEFRA/AURN, local context and source provenance before validation."
Chineham EfW,chineham_efw,Hampshire,51.28,-1.08,Oakley,51.23854307327007,-1.129830699,control,51.23854307327007,-1.129830699,OpenAQ v3 locations,candidate_needs_review,"OXFORD ROAD COMMUNITY SCHOOL 146 OXFORD ROAD,READING,RG1 7PJ",3431596,51.45567209377554,-0.9862261406158451,26.123,pm1;pm25;relativehumidity;temperature;um003,AirGradient | Unknown Person | United Kingdom | Europe/London,0,12,0,5,17,"Candidate only; compare against DEFRA/AURN, local context and source provenance before validation."
Chineham EfW,chineham_efw,Hampshire,51.28,-1.08,Oakley,51.23854307327007,-1.129830699,control,51.23854307327007,-1.129830699,OpenAQ v3 locations,candidate_needs_review,"RUAO, University of Reading",3735753,51.44143714556161,-0.9377832970101964,26.21,pm1;pm25;relativehumidity;temperature;um003,"AirGradient | Department of Meteorology, University of Reading | United Kingdom | Europe/London",0,12,0,5,17,"Candidate only; compare against DEFRA/AURN, local context and source provenance before validation."
Chineham EfW,chineham_efw,Hampshire,51.28,-1.08,Oakley,51.23854307327007,-1.129830699,control,51.23854307327007,-1.129830699,OpenAQ v3 locations,candidate_needs_review,Emmbrook,4898483,51.4213346,-0.8493279,28.159,pm1;pm25;relativehumidity;temperature;um003,AirGradient | Marco | United Kingdom | Europe/London,0,12,0,5,17,"Candidate only; compare against DEFRA/AURN, local context and source provenance before validation."
Chineham EfW,chineham_efw,Hampshire,51.28,-1.08,Oakley,51.23854307327007,-1.129830699,control,51.23854307327007,-1.129830699,OpenAQ v3 locations,candidate_needs_review,Beecham Rd,6134751,51.4560303,-1.0076382,25.629,pm1;pm25;relativehumidity;temperature;um003,AirGradient | AirGradient | United Kingdom | Europe/London,0,12,0,5,17,"Candidate only; compare against DEFRA/AURN, local context and source provenance before validation."
Glanford PS,glanford_ps,North Lincolnshire,53.6,-0.4,Broughton,53.553422506888246,-0.455166807,control,53.553422506888246,-0.455166807,OpenAQ v3 locations,candidate_needs_review,Scunthorpe Town - UKA00381,768,53.58633999952715,-0.6368110004351858,12.54,no2;pm10;pm25;so2,EEA | Unknown Governmental Organization | United Kingdom | Scunthorpe | Europe/London,22,35,0,5,62,"Candidate only; compare against DEFRA/AURN, local context and source provenance before validation."
Glanford PS,glanford_ps,North Lincolnshire,53.6,-0.4,Broughton,53.553422506888246,-0.455166807,facility,53.6,-0.4,OpenAQ v3 locations,candidate_needs_review,Scunthorpe Town - UKA00381,768,53.58633999952715,-0.6368110004351858,15.702,no2;pm10;pm25;so2,EEA | Unknown Governmental Organization | United Kingdom | Scunthorpe | Europe/London,16,35,0,5,56,"Candidate only; compare against DEFRA/AURN, local context and source provenance before validation."
Glanford PS,glanford_ps,North Lincolnshire,53.6,-0.4,Broughton,53.553422506888246,-0.455166807,facility,53.6,-0.4,OpenAQ v3 locations,candidate_needs_review,Hull Freetown - UKA00450,2509,53.74877999969003,-0.3412220001126272,16.991,no2;o3;pm10;pm25;so2,EEA | Unknown Governmental Organization | United Kingdom | Hull | Europe/London,14,35,0,5,54,"Candidate only; compare against DEFRA/AURN, local context and source provenance before validation."
Glanford PS,glanford_ps,North Lincolnshire,53.6,-0.4,Broughton,53.553422506888246,-0.455166807,facility,53.6,-0.4,OpenAQ v3 locations,candidate_needs_review,Hull Holderness Road - UKA00600,2425,53.75897099975345,-0.3057490000848674,18.735,no2;pm10;pm25,EEA | Unknown Governmental Organization | United Kingdom | Yorkshire | Europe/London,11,34,0,5,50,"Candidate only; compare against DEFRA/AURN, local context and source provenance before validation."
Glanford PS,glanford_ps,North Lincolnshire,53.6,-0.4,Broughton,53.553422506888246,-0.455166807,control,53.553422506888246,-0.455166807,OpenAQ v3 locations,candidate_needs_review,Hull Freetown - UKA00450,2509,53.74877999969003,-0.3412220001126272,22.984,no2;o3;pm10;pm25;so2,EEA | Unknown Governmental Organization | United Kingdom | Hull | Europe/London,3,35,0,5,43,"Candidate only; compare against DEFRA/AURN, local context and source provenance before validation."
Glanford PS,glanford_ps,North Lincolnshire,53.6,-0.4,Broughton,53.553422506888246,-0.455166807,control,53.553422506888246,-0.455166807,OpenAQ v3 locations,candidate_needs_review,Hull Holderness Road - UKA00600,2425,53.75897099975345,-0.3057490000848674,24.887,no2;pm10;pm25,EEA | Unknown Governmental Organization | United Kingdom | Yorkshire | Europe/London,0,34,0,5,39,"Candidate only; compare against DEFRA/AURN, local context and source provenance before validation."
Glanford PS,glanford_ps,North Lincolnshire,53.6,-0.4,Broughton,53.553422506888246,-0.455166807,facility,53.6,-0.4,OpenAQ v3 locations,candidate_needs_review,Immingham Woodlands Avenue - UKA00647,2659934,53.61924099923087,-0.21332400041336616,12.5,no2,EEA | Unknown Governmental Organization | United Kingdom | Europe/London,22,10,0,5,37,"Candidate only; compare against DEFRA/AURN, local context and source provenance before validation."
Glanford PS,glanford_ps,North Lincolnshire,53.6,-0.4,Broughton,53.553422506888246,-0.455166807,facility,53.6,-0.4,OpenAQ v3 locations,candidate_needs_review,Immingham Woodlands Avenue - UKA00647,2659935,53.61924099923087,-0.21332400041336616,12.5,no2,EEA | Unknown Governmental Organization | United Kingdom | Europe/London,22,10,0,5,37,"Candidate only; compare against DEFRA/AURN, local context and source provenance before validation."
Glanford PS,glanford_ps,North Lincolnshire,53.6,-0.4,Broughton,53.553422506888246,-0.455166807,control,53.553422506888246,-0.455166807,OpenAQ v3 locations,candidate_needs_review,Immingham Woodlands Avenue - UKA00647,2659934,53.61924099923087,-0.21332400041336616,17.561,no2,EEA | Unknown Governmental Organization | United Kingdom | Europe/London,13,10,0,5,28,"Candidate only; compare against DEFRA/AURN, local context and source provenance before validation."
Glanford PS,glanford_ps,North Lincolnshire,53.6,-0.4,Broughton,53.553422506888246,-0.455166807,control,53.553422506888246,-0.455166807,OpenAQ v3 locations,candidate_needs_review,Immingham Woodlands Avenue - UKA00647,2659935,53.61924099923087,-0.21332400041336616,17.561,no2,EEA | Unknown Governmental Organization | United Kingdom | Europe/London,13,10,0,5,28,"Candidate only; compare against DEFRA/AURN, local context and source provenance before validation."
Gloucestershire Javelin Park,gloucestershire_javelin_park,Gloucestershire,51.85,-2.28,Whitminster,51.79139932493464,-2.333569123,control,51.79139932493464,-2.333569123,OpenAQ v3 locations,candidate_needs_review,Chepstow A48,2553,51.638094,-2.6787310000000004,29.258,no2;pm10;pm25,DEFRA | Unknown Governmental Organization | United Kingdom | Chepstow | Europe/London,0,34,15,5,54,"Candidate only; compare against DEFRA/AURN, local context and source provenance before validation."
Gloucestershire Javelin Park,gloucestershire_javelin_park,Gloucestershire,51.85,-2.28,Whitminster,51.79139932493464,-2.333569123,facility,51.85,-2.28,OpenAQ v3 locations,candidate_needs_review,Leckhampton,6302092,51.876107,-2.094751,13.048,pm1;pm25;relativehumidity;temperature;um003,AirGradient | AirGradient | United Kingdom | Europe/London,21,12,0,5,38,"Candidate only; compare against DEFRA/AURN, local context and source provenance before validation."
Gloucestershire Javelin Park,gloucestershire_javelin_park,Gloucestershire,51.85,-2.28,Whitminster,51.79139932493464,-2.333569123,control,51.79139932493464,-2.333569123,OpenAQ v3 locations,candidate_needs_review,Leckhampton,6302092,51.876107,-2.094751,18.921,pm1;pm25;relativehumidity;temperature;um003,AirGradient | AirGradient | United Kingdom | Europe/London,10,12,0,5,27,"Candidate only; compare against DEFRA/AURN, local context and source provenance before validation."
Great Blakenham EfW,great_blakenham_efw,Suffolk,52.12,1.13,Bramford,52.076580980687936,1.0879925130189858,facility,52.12,1.13,OpenAQ v3 locations,candidate_needs_review,Sibton - UKA00012,2309,52.29439999968566,1.4634969998429432,29.874,o3;pm10;pm25,EEA | Unknown Governmental Organization | United Kingdom | Sibton | Europe/London,0,30,0,5,35,"Candidate only; compare against DEFRA/AURN, local context and source provenance before validation."
Greatmoor EfW,greatmoor_efw,Buckinghamshire,51.92,-0.87,Quainton,51.87050624533559,-0.929049115,facility,51.92,-0.87,OpenAQ v3 locations,candidate_needs_review,Cublington UK,3145052,51.89304,-0.780495,6.833,pm1;pm10;pm25;relativehumidity;temperature;um003,AirGradient | Video Walrus | United Kingdom | Europe/London,32,24,15,5,76,"Candidate only; compare against DEFRA/AURN, local context and source provenance before validation."
Greatmoor EfW,greatmoor_efw,Buckinghamshire,51.92,-0.87,Quainton,51.87050624533559,-0.929049115,control,51.87050624533559,-0.929049115,OpenAQ v3 locations,candidate_needs_review,Cublington UK,3145052,51.89304,-0.780495,10.5,pm1;pm10;pm25;relativehumidity;temperature;um003,AirGradient | Video Walrus | United Kingdom | Europe/London,26,24,15,5,70,"Candidate only; compare against DEFRA/AURN, local context and source provenance before validation."
Greatmoor EfW,greatmoor_efw,Buckinghamshire,51.92,-0.87,Quainton,51.87050624533559,-0.929049115,control,51.87050624533559,-0.929049115,OpenAQ v3 locations,candidate_needs_review,Woodlands Farm Cottages,6142652,51.88314,-0.961367,2.626,pm1;pm25;relativehumidity;temperature;um003,AirGradient | AirGradient | United Kingdom | Europe/London,40,12,0,5,57,"Candidate only; compare against DEFRA/AURN, local context and source provenance before validation."
Greatmoor EfW,greatmoor_efw,Buckinghamshire,51.92,-0.87,Quainton,51.87050624533559,-0.929049115,control,51.87050624533559,-0.929049115,OpenAQ v3 locations,candidate_needs_review,Woodlands Farm,6312233,51.883026,-0.961313,2.616,pm1;pm25;relativehumidity;temperature;um003,AirGradient | AirGradient | United Kingdom | Europe/London,40,12,0,5,57,"Candidate only; compare against DEFRA/AURN, local context and source provenance before validation."
Greatmoor EfW,greatmoor_efw,Buckinghamshire,51.92,-0.87,Quainton,51.87050624533559,-0.929049115,control,51.87050624533559,-0.929049115,OpenAQ v3 locations,candidate_needs_review,Oxford St Ebbes,2469,51.744806000000004,-1.260278,26.72,no2;o3;pm10;pm25,DEFRA | Unknown Governmental Organization | United Kingdom | Oxford | Europe/London,0,35,15,5,55,"Candidate only; compare against DEFRA/AURN, local context and source provenance before validation."
Greatmoor EfW,greatmoor_efw,Buckinghamshire,51.92,-0.87,Quainton,51.87050624533559,-0.929049115,facility,51.92,-0.87,OpenAQ v3 locations,candidate_needs_review,Woodlands Farm Cottages,6142652,51.88314,-0.961367,7.49,pm1;pm25;relativehumidity;temperature;um003,AirGradient | AirGradient | United Kingdom | Europe/London,31,12,0,5,48,"Candidate only; compare against DEFRA/AURN, local context and source provenance before validation."
Greatmoor EfW,greatmoor_efw,Buckinghamshire,51.92,-0.87,Quainton,51.87050624533559,-0.929049115,facility,51.92,-0.87,OpenAQ v3 locations,candidate_needs_review,Woodlands Farm,6312233,51.883026,-0.961313,7.493,pm1;pm25;relativehumidity;temperature;um003,AirGradient | AirGradient | United Kingdom | Europe/London,31,12,0,5,48,"Candidate only; compare against DEFRA/AURN, local context and source provenance before validation."
Greatmoor EfW,greatmoor_efw,Buckinghamshire,51.92,-0.87,Quainton,51.87050624533559,-0.929049115,facility,51.92,-0.87,OpenAQ v3 locations,candidate_needs_review,Leighton Buzzard,3094771,51.908,-0.643,15.627,pm1;pm10;pm25;relativehumidity;temperature;um003,AirGradient | Unknown Person | United Kingdom | Europe/London,16,24,0,5,45,"Candidate only; compare against DEFRA/AURN, local context and source provenance before validation."
Greatmoor EfW,greatmoor_efw,Buckinghamshire,51.92,-0.87,Quainton,51.87050624533559,-0.929049115,control,51.87050624533559,-0.929049115,OpenAQ v3 locations,candidate_needs_review,Leighton Buzzard,3094771,51.908,-0.643,20.069,pm1;pm10;pm25;relativehumidity;temperature;um003,AirGradient | Unknown Person | United Kingdom | Europe/London,8,24,0,5,37,"Candidate only; compare against DEFRA/AURN, local context and source provenance before validation."
Greatmoor EfW,greatmoor_efw,Buckinghamshire,51.92,-0.87,Quainton,51.87050624533559,-0.929049115,facility,51.92,-0.87,OpenAQ v3 locations,candidate_needs_review,Milton Keynes,5467226,52.021905805020346,-0.7474122108362025,14.104,pm1;pm25;relativehumidity;temperature;um003,AirGradient | AirGradient | United Kingdom | Europe/London,19,12,0,5,36,"Candidate only; compare against DEFRA/AURN, local context and source provenance before validation."
Greatmoor EfW,greatmoor_efw,Buckinghamshire,51.92,-0.87,Quainton,51.87050624533559,-0.929049115,facility,51.92,-0.87,OpenAQ v3 locations,candidate_needs_review,Leighton Buzzard,6144478,51.913693568098054,-0.6589945491778291,14.489,pm1;pm25;relativehumidity;temperature;um003,AirGradient | AirGradient | United Kingdom | Europe/London,18,12,0,5,35,"Candidate only; compare against DEFRA/AURN, local context and source provenance before validation."
Greatmoor EfW,greatmoor_efw,Buckinghamshire,51.92,-0.87,Quainton,51.87050624533559,-0.929049115,control,51.87050624533559,-0.929049115,OpenAQ v3 locations,candidate_needs_review,Aston Clinton,6345481,51.80411357457872,-0.7234994414474877,15.936,pm1;pm25;relativehumidity;temperature;um003,AirGradient | AirGradient | United Kingdom | Europe/London,16,12,0,5,33,"Candidate only; compare against DEFRA/AURN, local context and source provenance before validation."
Greatmoor EfW,greatmoor_efw,Buckinghamshire,51.92,-0.87,Quainton,51.87050624533559,-0.929049115,facility,51.92,-0.87,OpenAQ v3 locations,candidate_needs_review,Wolverton,4504685,52.064647,-0.817993,16.474,pm1;pm25;relativehumidity;temperature;um003,AirGradient | AirGradient | United Kingdom | Europe/London,15,12,0,5,32,"Candidate only; compare against DEFRA/AURN, local context and source provenance before validation."
Greatmoor EfW,greatmoor_efw,Buckinghamshire,51.92,-0.87,Quainton,51.87050624533559,-0.929049115,facility,51.92,-0.87,OpenAQ v3 locations,candidate_needs_review,Aston Clinton,6345481,51.80411357457872,-0.7234994414474877,16.348,pm1;pm25;relativehumidity;temperature;um003,AirGradient | AirGradient | United Kingdom | Europe/London,15,12,0,5,32,"Candidate only; compare against DEFRA/AURN, local context and source provenance before validation."
Greatmoor EfW,greatmoor_efw,Buckinghamshire,51.92,-0.87,Quainton,51.87050624533559,-0.929049115,control,51.87050624533559,-0.929049115,OpenAQ v3 locations,candidate_needs_review,Oxford Centre Roadside,2318,51.751745,-1.257463,26.156,no2,DEFRA | Unknown Governmental Organization | United Kingdom | Oxford | Europe/London,0,10,15,5,30,"Candidate only; compare against DEFRA/AURN, local context and source provenance before validation."
Greatmoor EfW,greatmoor_efw,Buckinghamshire,51.92,-0.87,Quainton,51.87050624533559,-0.929049115,control,51.87050624533559,-0.929049115,OpenAQ v3 locations,candidate_needs_review,Leighton Buzzard,6144478,51.913693568098054,-0.6589945491778291,19.144,pm1;pm25;relativehumidity;temperature;um003,AirGradient | AirGradient | United Kingdom | Europe/London,10,12,0,5,27,"Candidate only; compare against DEFRA/AURN, local context and source provenance before validation."
Greatmoor EfW,greatmoor_efw,Buckinghamshire,51.92,-0.87,Quainton,51.87050624533559,-0.929049115,control,51.87050624533559,-0.929049115,OpenAQ v3 locations,candidate_needs_review,Milton Keynes,5467226,52.021905805020346,-0.7474122108362025,20.938,pm1;pm25;relativehumidity;temperature;um003,AirGradient | AirGradient | United Kingdom | Europe/London,7,12,0,5,24,"Candidate only; compare against DEFRA/AURN, local context and source provenance before validation."
Greatmoor EfW,greatmoor_efw,Buckinghamshire,51.92,-0.87,Quainton,51.87050624533559,-0.929049115,control,51.87050624533559,-0.929049115,OpenAQ v3 locations,candidate_needs_review,Wolverton,4504685,52.064647,-0.817993,22.889,pm1;pm25;relativehumidity;temperature;um003,AirGradient | AirGradient | United Kingdom | Europe/London,3,12,0,5,20,"Candidate only; compare against DEFRA/AURN, local context and source provenance before validation."
Greatmoor EfW,greatmoor_efw,Buckinghamshire,51.92,-0.87,Quainton,51.87050624533559,-0.929049115,facility,51.92,-0.87,OpenAQ v3 locations,candidate_needs_review,Minster Road,6292503,51.747227,-1.226541,31.133,pm1;pm25;relativehumidity;temperature;um003,AirGradient | AirGradient | United Kingdom | Europe/London,0,12,0,5,17,"Candidate only; compare against DEFRA/AURN, local context and source provenance before validation."
Greatmoor EfW,greatmoor_efw,Buckinghamshire,51.92,-0.87,Quainton,51.87050624533559,-0.929049115,control,51.87050624533559,-0.929049115,OpenAQ v3 locations,candidate_needs_review,Minster Road,6292503,51.747227,-1.226541,24.622,pm1;pm25;relativehumidity;temperature;um003,AirGradient | AirGradient | United Kingdom | Europe/London,0,12,0,5,17,"Candidate only; compare against DEFRA/AURN, local context and source provenance before validation."
Hartlebury EfW,hartlebury_efw,Worcestershire,52.36,-2.27,Ombersley,52.30630369696547,-2.323040252,facility,52.36,-2.27,OpenAQ v3 locations,candidate_needs_review,Kinver,1784484,52.450050387751844,-2.238039677661887,10.245,pm1;pm10;pm25;relativehumidity;temperature;um003,AirGradient | Unknown Person | United Kingdom | Europe/London,26,24,0,5,55,"Candidate only; compare against DEFRA/AURN, local context and source provenance before validation."
Hartlebury EfW,hartlebury_efw,Worcestershire,52.36,-2.27,Ombersley,52.30630369696547,-2.323040252,control,52.30630369696547,-2.323040252,OpenAQ v3 locations,candidate_needs_review,Kinver,1784484,52.450050387751844,-2.238039677661887,16.993,pm1;pm10;pm25;relativehumidity;temperature;um003,AirGradient | Unknown Person | United Kingdom | Europe/London,14,24,0,5,43,"Candidate only; compare against DEFRA/AURN, local context and source provenance before validation."
Hartlebury EfW,hartlebury_efw,Worcestershire,52.36,-2.27,Ombersley,52.30630369696547,-2.323040252,facility,52.36,-2.27,OpenAQ v3 locations,candidate_needs_review,Oldbury Birmingham Road - UKA00595,406,52.50243599946008,-2.0034969995881116,24.027,no2;pm10;pm25,EEA | Unknown Governmental Organization | United Kingdom | Oldbury | Europe/London,1,34,0,5,40,"Candidate only; compare against DEFRA/AURN, local context and source provenance before validation."
Hartlebury EfW,hartlebury_efw,Worcestershire,52.36,-2.27,Ombersley,52.30630369696547,-2.323040252,control,52.30630369696547,-2.323040252,OpenAQ v3 locations,candidate_needs_review,Oldbury Birmingham Road - UKA00595,406,52.50243599946008,-2.0034969995881116,30.75,no2;pm10;pm25,EEA | Unknown Governmental Organization | United Kingdom | Oldbury | Europe/London,0,34,0,5,39,"Candidate only; compare against DEFRA/AURN, local context and source provenance before validation."
Hartlebury EfW,hartlebury_efw,Worcestershire,52.36,-2.27,Ombersley,52.30630369696547,-2.323040252,facility,52.36,-2.27,OpenAQ v3 locations,candidate_needs_review,"University of Birmingham, UK",5224957,52.455498,-1.928994,25.452,pm1;pm25;relativehumidity;temperature;um003,AirGradient | AirGradient | United Kingdom | Europe/London,0,12,15,5,32,"Candidate only; compare against DEFRA/AURN, local context and source provenance before validation."
Hartlebury EfW,hartlebury_efw,Worcestershire,52.36,-2.27,Ombersley,52.30630369696547,-2.323040252,facility,52.36,-2.27,OpenAQ v3 locations,candidate_needs_review,"University of Birmingham, UK",5224958,52.455532,-1.92884,25.464,pm1;pm25;relativehumidity;temperature;um003,AirGradient | University of Birmingham | United Kingdom | Europe/London,0,12,15,5,32,"Candidate only; compare against DEFRA/AURN, local context and source provenance before validation."
Hartlebury EfW,hartlebury_efw,Worcestershire,52.36,-2.27,Ombersley,52.30630369696547,-2.323040252,facility,52.36,-2.27,OpenAQ v3 locations,candidate_needs_review,"University of Birmingham, UK",5225907,52.455498,-1.928994,25.452,pm1;pm25;relativehumidity;temperature;um003,AirGradient | University of Birmingham | United Kingdom | Europe/London,0,12,15,5,32,"Candidate only; compare against DEFRA/AURN, local context and source provenance before validation."
Hartlebury EfW,hartlebury_efw,Worcestershire,52.36,-2.27,Ombersley,52.30630369696547,-2.323040252,facility,52.36,-2.27,OpenAQ v3 locations,candidate_needs_review,Birmingham Ladywood - UKA00655,2659908,52.48134599952562,-1.9182349998038515,27.406,no2;o3;so2,EEA | Unknown Governmental Organization | United Kingdom | Europe/London,0,26,0,5,31,"Candidate only; compare against DEFRA/AURN, local context and source provenance before validation."
Hartlebury EfW,hartlebury_efw,Worcestershire,52.36,-2.27,Ombersley,52.30630369696547,-2.323040252,facility,52.36,-2.27,OpenAQ v3 locations,candidate_needs_review,Birmingham Ladywood - UKA00655,2659909,52.48134599952562,-1.9182349998038515,27.406,no2;o3;so2,EEA | Unknown Governmental Organization | United Kingdom | Europe/London,0,26,0,5,31,"Candidate only; compare against DEFRA/AURN, local context and source provenance before validation."
Hartlebury EfW,hartlebury_efw,Worcestershire,52.36,-2.27,Ombersley,52.30630369696547,-2.323040252,facility,52.36,-2.27,OpenAQ v3 locations,candidate_needs_review,University of Birmingham 4,2453310,52.4554,-1.92899556076,25.448,pm1;pm10;pm25;relativehumidity;temperature;um003,AirGradient | Unknown Person | United Kingdom | Europe/London,0,24,0,5,29,"Candidate only; compare against DEFRA/AURN, local context and source provenance before validation."
Hartlebury EfW,hartlebury_efw,Worcestershire,52.36,-2.27,Ombersley,52.30630369696547,-2.323040252,facility,52.36,-2.27,OpenAQ v3 locations,candidate_needs_review,University of Birmingham 3,2453314,52.45545,-1.92899556076,25.45,pm1;pm10;pm25;relativehumidity;temperature;um003,AirGradient | Unknown Person | United Kingdom | Europe/London,0,24,0,5,29,"Candidate only; compare against DEFRA/AURN, local context and source provenance before validation."
Hartlebury EfW,hartlebury_efw,Worcestershire,52.36,-2.27,Ombersley,52.30630369696547,-2.323040252,facility,52.36,-2.27,OpenAQ v3 locations,candidate_needs_review,University of Birmingham 2,2453317,52.4555,-1.92899556076,25.452,pm1;pm10;pm25;relativehumidity;temperature;um003,AirGradient | Unknown Person | United Kingdom | Europe/London,0,24,0,5,29,"Candidate only; compare against DEFRA/AURN, local context and source provenance before validation."
Hartlebury EfW,hartlebury_efw,Worcestershire,52.36,-2.27,Ombersley,52.30630369696547,-2.323040252,facility,52.36,-2.27,OpenAQ v3 locations,candidate_needs_review,University of Birmingham 1 ,2453320,52.4554879239,-1.92899556076,25.452,pm1;pm10;pm25;relativehumidity;temperature;um003,AirGradient | Unknown Person | United Kingdom | Europe/London,0,24,0,5,29,"Candidate only; compare against DEFRA/AURN, local context and source provenance before validation."
Hartlebury EfW,hartlebury_efw,Worcestershire,52.36,-2.27,Ombersley,52.30630369696547,-2.323040252,facility,52.36,-2.27,OpenAQ v3 locations,candidate_needs_review,West Gate,6051929,52.450876,-1.937146,24.738,pm1;pm25;relativehumidity;temperature;um003,AirGradient | AirGradient | United Kingdom | Europe/London,0,12,0,5,17,"Candidate only; compare against DEFRA/AURN, local context and source provenance before validation."
Hartlebury EfW,hartlebury_efw,Worcestershire,52.36,-2.27,Ombersley,52.30630369696547,-2.323040252,facility,52.36,-2.27,OpenAQ v3 locations,candidate_needs_review,Engineering/ Sports Pitches,6177435,52.448468,-1.933439,24.861,pm1;pm25;relativehumidity;temperature;um003,AirGradient | University of Birmingham | United Kingdom | Europe/London,0,12,0,5,17,"Candidate only; compare against DEFRA/AURN, local context and source provenance before validation."
Hartlebury EfW,hartlebury_efw,Worcestershire,52.36,-2.27,Ombersley,52.30630369696547,-2.323040252,facility,52.36,-2.27,OpenAQ v3 locations,candidate_needs_review,West Gate Bridge,6228171,52.450876,-1.937146,24.738,pm1;pm25;relativehumidity;temperature;um003,AirGradient | University of Birmingham | United Kingdom | Europe/London,0,12,0,5,17,"Candidate only; compare against DEFRA/AURN, local context and source provenance before validation."
Hartlebury EfW,hartlebury_efw,Worcestershire,52.36,-2.27,Ombersley,52.30630369696547,-2.323040252,facility,52.36,-2.27,OpenAQ v3 locations,candidate_needs_review,Urban Background Site,5246083,52.4555,-1.929001,25.452,pm1;pm25;relativehumidity;temperature;um003,AirGradient | University of Birmingham | United Kingdom | Europe/London,0,12,0,5,17,"Candidate only; compare against DEFRA/AURN, local context and source provenance before validation."
Hartlebury EfW,hartlebury_efw,Worcestershire,52.36,-2.27,Ombersley,52.30630369696547,-2.323040252,facility,52.36,-2.27,OpenAQ v3 locations,candidate_needs_review,Molecular Science Building,5246084,52.45172,-1.93311,25.026,pm1;pm25;relativehumidity;temperature;um003,AirGradient | University of Birmingham | United Kingdom | Europe/London,0,12,0,5,17,"Candidate only; compare against DEFRA/AURN, local context and source provenance before validation."
Hartlebury EfW,hartlebury_efw,Worcestershire,52.36,-2.27,Ombersley,52.30630369696547,-2.323040252,facility,52.36,-2.27,OpenAQ v3 locations,candidate_needs_review,North Gate,6170400,52.452737,-1.930087,25.259,pm1;pm25;relativehumidity;temperature;um003,AirGradient | AirGradient | United Kingdom | Europe/London,0,12,0,5,17,"Candidate only; compare against DEFRA/AURN, local context and source provenance before validation."
Hartlebury EfW,hartlebury_efw,Worcestershire,52.36,-2.27,Ombersley,52.30630369696547,-2.323040252,facility,52.36,-2.27,OpenAQ v3 locations,candidate_needs_review,Bournbrook Sports Pitches/ Bristol Rd,6170472,52.447145,-1.928693,25.1,pm1;pm25;relativehumidity;temperature;um003,AirGradient | AirGradient | United Kingdom | Europe/London,0,12,0,5,17,"Candidate only; compare against DEFRA/AURN, local context and source provenance before validation."
Hartlebury EfW,hartlebury_efw,Worcestershire,52.36,-2.27,Ombersley,52.30630369696547,-2.323040252,facility,52.36,-2.27,OpenAQ v3 locations,candidate_needs_review,Main Library,6178673,52.451258,-1.930915,25.141,pm1;pm25;relativehumidity;temperature;um003,AirGradient | University of Birmingham | United Kingdom | Europe/London,0,12,0,5,17,"Candidate only; compare against DEFRA/AURN, local context and source provenance before validation."
Hartlebury EfW,hartlebury_efw,Worcestershire,52.36,-2.27,Ombersley,52.30630369696547,-2.323040252,facility,52.36,-2.27,OpenAQ v3 locations,candidate_needs_review,South Gate/ Bristol Rd,6227287,52.447145,-1.928693,25.1,pm1;pm25;relativehumidity;temperature;um003,AirGradient | University of Birmingham | United Kingdom | Europe/London,0,12,0,5,17,"Candidate only; compare against DEFRA/AURN, local context and source provenance before validation."
Hartlebury EfW,hartlebury_efw,Worcestershire,52.36,-2.27,Ombersley,52.30630369696547,-2.323040252,facility,52.36,-2.27,OpenAQ v3 locations,candidate_needs_review,North Gate,6228172,52.452737,-1.930087,25.259,pm1;pm25;relativehumidity;temperature;um003,AirGradient | University of Birmingham | United Kingdom | Europe/London,0,12,0,5,17,"Candidate only; compare against DEFRA/AURN, local context and source provenance before validation."
Hartlebury EfW,hartlebury_efw,Worcestershire,52.36,-2.27,Ombersley,52.30630369696547,-2.323040252,facility,52.36,-2.27,OpenAQ v3 locations,candidate_needs_review,Guild of Students,6230637,52.449449,-1.927605,25.267,pm1;pm25;relativehumidity;temperature;um003,AirGradient | University of Birmingham | United Kingdom | Europe/London,0,12,0,5,17,"Candidate only; compare against DEFRA/AURN, local context and source provenance before validation."
Hartlebury EfW,hartlebury_efw,Worcestershire,52.36,-2.27,Ombersley,52.30630369696547,-2.323040252,facility,52.36,-2.27,OpenAQ v3 locations,candidate_needs_review,West Bromwich Kenrick Park - UKA00658,2659944,52.50833699931375,-1.986008000257209,25.352,no2,EEA | Unknown Governmental Organization | United Kingdom | Europe/London,0,10,0,5,15,"Candidate only; compare against DEFRA/AURN, local context and source provenance before validation."
Hartlebury EfW,hartlebury_efw,Worcestershire,52.36,-2.27,Ombersley,52.30630369696547,-2.323040252,facility,52.36,-2.27,OpenAQ v3 locations,candidate_needs_review,West Bromwich Kenrick Park - UKA00658,2659945,52.50833699931375,-1.986008000257209,25.352,no2,EEA | Unknown Governmental Organization | United Kingdom | Europe/London,0,10,0,5,15,"Candidate only; compare against DEFRA/AURN, local context and source provenance before validation."
Hartlebury EfW,hartlebury_efw,Worcestershire,52.36,-2.27,Ombersley,52.30630369696547,-2.323040252,control,52.30630369696547,-2.323040252,OpenAQ v3 locations,candidate_needs_review,West Bromwich Kenrick Park - UKA00658,2659944,52.50833699931375,-1.986008000257209,32.052,no2,EEA | Unknown Governmental Organization | United Kingdom | Europe/London,0,10,0,5,15,"Candidate only; compare against DEFRA/AURN, local context and source provenance before validation."
Hartlebury EfW,hartlebury_efw,Worcestershire,52.36,-2.27,Ombersley,52.30630369696547,-2.323040252,control,52.30630369696547,-2.323040252,OpenAQ v3 locations,candidate_needs_review,West Bromwich Kenrick Park - UKA00658,2659945,52.50833699931375,-1.986008000257209,32.052,no2,EEA | Unknown Governmental Organization | United Kingdom | Europe/London,0,10,0,5,15,"Candidate only; compare against DEFRA/AURN, local context and source provenance before validation."
Riverside RR ERF,riverside_rr_erf,London,51.48,0.18,Sidcup,51.42509015871602,0.1220170593486809,facility,51.48,0.18,OpenAQ v3 locations,candidate_needs_review,Bexley - Slade Green,157,51.4659832746662,0.184877126994369,1.595,no2;o3;pm10;pm25;so2,London Air Quality Network | Unknown Governmental Organization | United Kingdom | Bexley | Europe/London,42,35,0,5,82,"Candidate only; compare against DEFRA/AURN, local context and source provenance before validation."
Riverside RR ERF,riverside_rr_erf,London,51.48,0.18,Sidcup,51.42509015871602,0.1220170593486809,facility,51.48,0.18,OpenAQ v3 locations,candidate_needs_review,Bexley - Belvedere,225714,51.4906102082147,0.158914493927518,1.877,no2;pm10;pm25,London Air Quality Network | Unknown Governmental Organization | United Kingdom | Bexley | Europe/London,41,34,0,5,80,"Candidate only; compare against DEFRA/AURN, local context and source provenance before validation."
Riverside RR ERF,riverside_rr_erf,London,51.48,0.18,Sidcup,51.42509015871602,0.1220170593486809,facility,51.48,0.18,OpenAQ v3 locations,candidate_needs_review,Woolwich Road,223716,51.481228,0.126787,3.688,no;no2;nox;pm25,london stationary | Unknown Research Organization | United Kingdom | Europe/London,38,35,0,5,78,"Candidate only; compare against DEFRA/AURN, local context and source provenance before validation."
Riverside RR ERF,riverside_rr_erf,London,51.48,0.18,Sidcup,51.42509015871602,0.1220170593486809,facility,51.48,0.18,OpenAQ v3 locations,candidate_needs_review,Bexley - Belvedere West,225705,51.4946486813055,0.137279111232178,3.377,no2;o3;pm10;pm25,London Air Quality Network | Unknown Governmental Organization | United Kingdom | Bexley | Europe/London,38,35,0,5,78,"Candidate only; compare against DEFRA/AURN, local context and source provenance before validation."
Riverside RR ERF,riverside_rr_erf,London,51.48,0.18,Sidcup,51.42509015871602,0.1220170593486809,control,51.42509015871602,0.1220170593486809,OpenAQ v3 locations,candidate_needs_review,Broadway Street,223804,51.45788,0.135353,3.761,no;no2;nox;pm25,london stationary | Unknown Research Organization | United Kingdom | Europe/London,38,35,0,5,78,"Candidate only; compare against DEFRA/AURN, local context and source provenance before validation."
Riverside RR ERF,riverside_rr_erf,London,51.48,0.18,Sidcup,51.42509015871602,0.1220170593486809,facility,51.48,0.18,OpenAQ v3 locations,candidate_needs_review,Broadway Street,223804,51.45788,0.135353,3.951,no;no2;nox;pm25,london stationary | Unknown Research Organization | United Kingdom | Europe/London,37,35,0,5,77,"Candidate only; compare against DEFRA/AURN, local context and source provenance before validation."
Riverside RR ERF,riverside_rr_erf,London,51.48,0.18,Sidcup,51.42509015871602,0.1220170593486809,control,51.42509015871602,0.1220170593486809,OpenAQ v3 locations,candidate_needs_review,Greenwich - Falconwood,225796,51.4563,0.085606,4.291,no2;o3;pm10;pm25,London Air Quality Network | Unknown Governmental Organization | United Kingdom | Bexley | Europe/London,37,35,0,5,77,"Candidate only; compare against DEFRA/AURN, local context and source provenance before validation."
Riverside RR ERF,riverside_rr_erf,London,51.48,0.18,Sidcup,51.42509015871602,0.1220170593486809,control,51.42509015871602,0.1220170593486809,OpenAQ v3 locations,candidate_needs_review,Greenwich - Eltham,147,51.45258,0.070766,4.686,no2;o3;pm10;pm25,London Air Quality Network | Unknown Governmental Organization | United Kingdom | Greenwich | Europe/London,36,35,0,5,76,"Candidate only; compare against DEFRA/AURN, local context and source provenance before validation."
Riverside RR ERF,riverside_rr_erf,London,51.48,0.18,Sidcup,51.42509015871602,0.1220170593486809,facility,51.48,0.18,OpenAQ v3 locations,candidate_needs_review,Havering - Rainham,225763,51.520787459334,0.20546070569404398,4.866,no2;pm10;pm25,London Air Quality Network | Unknown Governmental Organization | United Kingdom | Havering | Europe/London,36,34,0,5,75,"Candidate only; compare against DEFRA/AURN, local context and source provenance before validation."
Riverside RR ERF,riverside_rr_erf,London,51.48,0.18,Sidcup,51.42509015871602,0.1220170593486809,facility,51.48,0.18,OpenAQ v3 locations,candidate_needs_review,Greenwich - Plumstead High Street,225751,51.486957,0.095111,5.929,no2;o3;pm10;pm25,London Air Quality Network | Unknown Governmental Organization | United Kingdom | Greenwich | Europe/London,34,35,0,5,74,"Candidate only; compare against DEFRA/AURN, local context and source provenance before validation."
Riverside RR ERF,riverside_rr_erf,London,51.48,0.18,Sidcup,51.42509015871602,0.1220170593486809,control,51.42509015871602,0.1220170593486809,OpenAQ v3 locations,candidate_needs_review,Bexley - Slade Green,157,51.4659832746662,0.184877126994369,6.297,no2;o3;pm10;pm25;so2,London Air Quality Network | Unknown Governmental Organization | United Kingdom | Bexley | Europe/London,33,35,0,5,73,"Candidate only; compare against DEFRA/AURN, local context and source provenance before validation."
Riverside RR ERF,riverside_rr_erf,London,51.48,0.18,Sidcup,51.42509015871602,0.1220170593486809,control,51.42509015871602,0.1220170593486809,OpenAQ v3 locations,candidate_needs_review,Haimo Road,223714,51.455253,0.040655,6.561,no;no2;nox;pm25,london stationary | Unknown Research Organization | United Kingdom | Europe/London,33,35,0,5,73,"Candidate only; compare against DEFRA/AURN, local context and source provenance before validation."
Riverside RR ERF,riverside_rr_erf,London,51.48,0.18,Sidcup,51.42509015871602,0.1220170593486809,control,51.42509015871602,0.1220170593486809,OpenAQ v3 locations,candidate_needs_review,Woolwich Road,223716,51.481228,0.126787,6.251,no;no2;nox;pm25,london stationary | Unknown Research Organization | United Kingdom | Europe/London,33,35,0,5,73,"Candidate only; compare against DEFRA/AURN, local context and source provenance before validation."
Riverside RR ERF,riverside_rr_erf,London,51.48,0.18,Sidcup,51.42509015871602,0.1220170593486809,control,51.42509015871602,0.1220170593486809,OpenAQ v3 locations,candidate_needs_review,Greenwich - Westhorne Avenue,225797,51.456357,0.040725,6.621,no2;o3;pm10;pm25,London Air Quality Network | Unknown Governmental Organization | United Kingdom | Greenwich | Europe/London,33,35,0,5,73,"Candidate only; compare against DEFRA/AURN, local context and source provenance before validation."
Riverside RR ERF,riverside_rr_erf,London,51.48,0.18,Sidcup,51.42509015871602,0.1220170593486809,facility,51.48,0.18,OpenAQ v3 locations,candidate_needs_review,Greenwich - Falconwood,225796,51.4563,0.085606,7.05,no2;o3;pm10;pm25,London Air Quality Network | Unknown Governmental Organization | United Kingdom | Bexley | Europe/London,32,35,0,5,72,"Candidate only; compare against DEFRA/AURN, local context and source provenance before validation."
Riverside RR ERF,riverside_rr_erf,London,51.48,0.18,Sidcup,51.42509015871602,0.1220170593486809,control,51.42509015871602,0.1220170593486809,OpenAQ v3 locations,candidate_needs_review,Greenwich - Plumstead High Street,225751,51.486957,0.095111,7.127,no2;o3;pm10;pm25,London Air Quality Network | Unknown Governmental Organization | United Kingdom | Greenwich | Europe/London,32,35,0,5,72,"Candidate only; compare against DEFRA/AURN, local context and source provenance before validation."
Riverside RR ERF,riverside_rr_erf,London,51.48,0.18,Sidcup,51.42509015871602,0.1220170593486809,facility,51.48,0.18,OpenAQ v3 locations,candidate_needs_review,Bonington Road,223758,51.544414,0.21182,7.493,no;no2;nox;pm25,london stationary | Unknown Research Organization | United Kingdom | Europe/London,31,35,0,5,71,"Candidate only; compare against DEFRA/AURN, local context and source provenance before validation."
Riverside RR ERF,riverside_rr_erf,London,51.48,0.18,Sidcup,51.42509015871602,0.1220170593486809,facility,51.48,0.18,OpenAQ v3 locations,candidate_needs_review,Greenwich - Eltham,147,51.45258,0.070766,8.158,no2;o3;pm10;pm25,London Air Quality Network | Unknown Governmental Organization | United Kingdom | Greenwich | Europe/London,30,35,0,5,70,"Candidate only; compare against DEFRA/AURN, local context and source provenance before validation."
Riverside RR ERF,riverside_rr_erf,London,51.48,0.18,Sidcup,51.42509015871602,0.1220170593486809,facility,51.48,0.18,OpenAQ v3 locations,candidate_needs_review,Greenwich - A206 Burrage Grove,225747,51.490532,0.074003,7.432,no2;pm10;pm25,London Air Quality Network | Unknown Governmental Organization | United Kingdom | Greenwich | Europe/London,31,34,0,5,70,"Candidate only; compare against DEFRA/AURN, local context and source provenance before validation."
Riverside RR ERF,riverside_rr_erf,London,51.48,0.18,Sidcup,51.42509015871602,0.1220170593486809,control,51.42509015871602,0.1220170593486809,OpenAQ v3 locations,candidate_needs_review,Bexley - Belvedere West,225705,51.4946486813055,0.137279111232178,7.807,no2;o3;pm10;pm25,London Air Quality Network | Unknown Governmental Organization | United Kingdom | Bexley | Europe/London,30,35,0,5,70,"Candidate only; compare against DEFRA/AURN, local context and source provenance before validation."
Riverside RR ERF,riverside_rr_erf,London,51.48,0.18,Sidcup,51.42509015871602,0.1220170593486809,control,51.42509015871602,0.1220170593486809,OpenAQ v3 locations,candidate_needs_review,Bexley - Belvedere,225714,51.4906102082147,0.158914493927518,7.721,no2;pm10;pm25,London Air Quality Network | Unknown Governmental Organization | United Kingdom | Bexley | Europe/London,31,34,0,5,70,"Candidate only; compare against DEFRA/AURN, local context and source provenance before validation."
Riverside RR ERF,riverside_rr_erf,London,51.48,0.18,Sidcup,51.42509015871602,0.1220170593486809,control,51.42509015871602,0.1220170593486809,OpenAQ v3 locations,candidate_needs_review,Bromley - Harwood Avenue,225725,51.405545999999994,0.018882,7.475,no2;pm10;pm25,London Air Quality Network | Unknown Governmental Organization | United Kingdom | Bromley | Europe/London,31,34,0,5,70,"Candidate only; compare against DEFRA/AURN, local context and source provenance before validation."
Riverside RR ERF,riverside_rr_erf,London,51.48,0.18,Sidcup,51.42509015871602,0.1220170593486809,control,51.42509015871602,0.1220170593486809,OpenAQ v3 locations,candidate_needs_review,Greenwich - A206 Burrage Grove,225747,51.490532,0.074003,8.001,no2;pm10;pm25,London Air Quality Network | Unknown Governmental Organization | United Kingdom | Greenwich | Europe/London,30,34,0,5,69,"Candidate only; compare against DEFRA/AURN, local context and source provenance before validation."
Riverside RR ERF,riverside_rr_erf,London,51.48,0.18,Sidcup,51.42509015871602,0.1220170593486809,facility,51.48,0.18,OpenAQ v3 locations,candidate_needs_review,Wood Lane,223774,51.561372,0.148582,9.306,no;no2;nox;pm25,london stationary | Unknown Research Organization | United Kingdom | Europe/London,28,35,0,5,68,"Candidate only; compare against DEFRA/AURN, local context and source provenance before validation."
Riverside RR ERF,riverside_rr_erf,London,51.48,0.18,Sidcup,51.42509015871602,0.1220170593486809,facility,51.48,0.18,OpenAQ v3 locations,candidate_needs_review,Thurrock - UKA00272,2395,51.47706999922149,0.31796900028704406,9.56,no2;o3;pm10;pm25;so2,EEA | Unknown Governmental Organization | United Kingdom | London | Europe/London,27,35,0,5,67,"Candidate only; compare against DEFRA/AURN, local context and source provenance before validation."
Riverside RR ERF,riverside_rr_erf,London,51.48,0.18,Sidcup,51.42509015871602,0.1220170593486809,facility,51.48,0.18,OpenAQ v3 locations,candidate_needs_review,Station Parade,223752,51.539063,0.080874,9.497,no;no2;nox;pm25,london stationary | Unknown Research Organization | United Kingdom | Europe/London,27,35,0,5,67,"Candidate only; compare against DEFRA/AURN, local context and source provenance before validation."
Riverside RR ERF,riverside_rr_erf,London,51.48,0.18,Sidcup,51.42509015871602,0.1220170593486809,facility,51.48,0.18,OpenAQ v3 locations,candidate_needs_review,Greenwich - Westhorne Avenue,225797,51.456357,0.040725,9.999,no2;o3;pm10;pm25,London Air Quality Network | Unknown Governmental Organization | United Kingdom | Greenwich | Europe/London,27,35,0,5,67,"Candidate only; compare against DEFRA/AURN, local context and source provenance before validation."
Riverside RR ERF,riverside_rr_erf,London,51.48,0.18,Sidcup,51.42509015871602,0.1220170593486809,facility,51.48,0.18,OpenAQ v3 locations,candidate_needs_review,Dartford - Bean Lane,1481124,51.4306174423102,0.280976036868921,8.894,no2;pm10;pm25,London Air Quality Network | Unknown Governmental Organization | United Kingdom | Dartford | Europe/London,28,34,0,5,67,"Candidate only; compare against DEFRA/AURN, local context and source provenance before validation."
Riverside RR ERF,riverside_rr_erf,London,51.48,0.18,Sidcup,51.42509015871602,0.1220170593486809,control,51.42509015871602,0.1220170593486809,OpenAQ v3 locations,candidate_needs_review,Greenwich - Woolwich Flyover,225761,51.486884,0.017901,9.963,no2;o3;pm10;pm25,London Air Quality Network | Unknown Governmental Organization | United Kingdom | Greenwich | Europe/London,27,35,0,5,67,"Candidate only; compare against DEFRA/AURN, local context and source provenance before validation."
Riverside RR ERF,riverside_rr_erf,London,51.48,0.18,Sidcup,51.42509015871602,0.1220170593486809,facility,51.48,0.18,OpenAQ v3 locations,candidate_needs_review,Haimo Road,223714,51.455253,0.040655,10.037,no;no2;nox;pm25,london stationary | Unknown Research Organization | United Kingdom | Europe/London,26,35,0,5,66,"Candidate only; compare against DEFRA/AURN, local context and source provenance before validation."
Riverside RR ERF,riverside_rr_erf,London,51.48,0.18,Sidcup,51.42509015871602,0.1220170593486809,facility,51.48,0.18,OpenAQ v3 locations,candidate_needs_review,Newham University Hospital,223802,51.522407,0.037865,10.91,no;no2;nox;pm25,london stationary | Unknown Research Organization | United Kingdom | Europe/London,25,35,0,5,65,"Candidate only; compare against DEFRA/AURN, local context and source provenance before validation."
Riverside RR ERF,riverside_rr_erf,London,51.48,0.18,Sidcup,51.42509015871602,0.1220170593486809,control,51.42509015871602,0.1220170593486809,OpenAQ v3 locations,candidate_needs_review,Hendon Street,223815,51.495027,0.010292,10.972,no;no2;nox;pm25,london stationary | Unknown Research Organization | United Kingdom | Europe/London,25,35,0,5,65,"Candidate only; compare against DEFRA/AURN, local context and source provenance before validation."
Riverside RR ERF,riverside_rr_erf,London,51.48,0.18,Sidcup,51.42509015871602,0.1220170593486809,control,51.42509015871602,0.1220170593486809,OpenAQ v3 locations,candidate_needs_review,Greenwich - Fiveways Sidcup Rd A20,225769,51.4346627060562,0.0642224671704697,4.146,no2;pm10,London Air Quality Network | Unknown Governmental Organization | United Kingdom | Greenwich | Europe/London,37,22,0,5,64,"Candidate only; compare against DEFRA/AURN, local context and source provenance before validation."
Riverside RR ERF,riverside_rr_erf,London,51.48,0.18,Sidcup,51.42509015871602,0.1220170593486809,control,51.42509015871602,0.1220170593486809,OpenAQ v3 locations,candidate_needs_review,Greenwich - John Harrison Way,225755,51.4937746695818,0.0107796237032558,10.85,no2;pm10;pm25,London Air Quality Network | Unknown Governmental Organization | United Kingdom | Greenwich | Europe/London,25,34,0,5,64,"Candidate only; compare against DEFRA/AURN, local context and source provenance before validation."
Riverside RR ERF,riverside_rr_erf,London,51.48,0.18,Sidcup,51.42509015871602,0.1220170593486809,facility,51.48,0.18,OpenAQ v3 locations,candidate_needs_review,Romford Road,223781,51.554615,0.058982,11.788,no;no2;nox;pm25,london stationary | Unknown Research Organization | United Kingdom | Europe/London,23,35,0,5,63,"Candidate only; compare against DEFRA/AURN, local context and source provenance before validation."
Riverside RR ERF,riverside_rr_erf,London,51.48,0.18,Sidcup,51.42509015871602,0.1220170593486809,facility,51.48,0.18,OpenAQ v3 locations,candidate_needs_review,Dartford Roadside 2 - Town Centre,225746,51.4426702340503,0.216185856662181,4.849,no2;pm10,London Air Quality Network | Unknown Governmental Organization | United Kingdom | Dartford | Europe/London,36,22,0,5,63,"Candidate only; compare against DEFRA/AURN, local context and source provenance before validation."
Riverside RR ERF,riverside_rr_erf,London,51.48,0.18,Sidcup,51.42509015871602,0.1220170593486809,facility,51.48,0.18,OpenAQ v3 locations,candidate_needs_review,Redbridge - Ley Street,225790,51.5694843315237,0.0829074748964946,12.005,no2;o3;pm10;pm25,London Air Quality Network | Unknown Governmental Organization | United Kingdom | Redbridge | Europe/London,23,35,0,5,63,"Candidate only; compare against DEFRA/AURN, local context and source provenance before validation."
Riverside RR ERF,riverside_rr_erf,London,51.48,0.18,Sidcup,51.42509015871602,0.1220170593486809,facility,51.48,0.18,OpenAQ v3 locations,candidate_needs_review,Dartford - Town Centre,4990521,51.442557781389,0.215950164318913,4.851,no2;pm10,London Air Quality Network | Unknown Governmental Organization | United Kingdom | Dartford | Europe/London,36,22,0,5,63,"Candidate only; compare against DEFRA/AURN, local context and source provenance before validation."
Riverside RR ERF,riverside_rr_erf,London,51.48,0.18,Sidcup,51.42509015871602,0.1220170593486809,control,51.42509015871602,0.1220170593486809,OpenAQ v3 locations,candidate_needs_review,Broomhill Road,223715,51.379382,0.100759,5.292,no;no2;nox,london stationary | Unknown Research Organization | United Kingdom | Europe/London,35,23,0,5,63,"Candidate only; compare against DEFRA/AURN, local context and source provenance before validation."
Riverside RR ERF,riverside_rr_erf,London,51.48,0.18,Sidcup,51.42509015871602,0.1220170593486809,control,51.42509015871602,0.1220170593486809,OpenAQ v3 locations,candidate_needs_review,Broomhill Road,223779,51.379382,0.100759,5.292,no;no2;nox,london stationary | Unknown Research Organization | United Kingdom | Europe/London,35,23,0,5,63,"Candidate only; compare against DEFRA/AURN, local context and source provenance before validation."
Riverside RR ERF,riverside_rr_erf,London,51.48,0.18,Sidcup,51.42509015871602,0.1220170593486809,facility,51.48,0.18,OpenAQ v3 locations,candidate_needs_review,Thurrock - London Road (Purfleet),225836,51.478697,0.255133,5.205,no2;pm10,London Air Quality Network | Unknown Governmental Organization | United Kingdom | Thurrock | Europe/London,35,22,0,5,62,"Candidate only; compare against DEFRA/AURN, local context and source provenance before validation."
Riverside RR ERF,riverside_rr_erf,London,51.48,0.18,Sidcup,51.42509015871602,0.1220170593486809,control,51.42509015871602,0.1220170593486809,OpenAQ v3 locations,candidate_needs_review,St James,223744,51.474143,-0.038547,12.392,no;no2;nox;pm25,london stationary | Unknown Research Organization | United Kingdom | Europe/London,22,35,0,5,62,"Candidate only; compare against DEFRA/AURN, local context and source provenance before validation."
Riverside RR ERF,riverside_rr_erf,London,51.48,0.18,Sidcup,51.42509015871602,0.1220170593486809,control,51.42509015871602,0.1220170593486809,OpenAQ v3 locations,candidate_needs_review,Station Parade,223752,51.539063,0.080874,12.99,no;no2;nox;pm25,london stationary | Unknown Research Organization | United Kingdom | Europe/London,21,35,0,5,61,"Candidate only; compare against DEFRA/AURN, local context and source provenance before validation."
Riverside RR ERF,riverside_rr_erf,London,51.48,0.18,Sidcup,51.42509015871602,0.1220170593486809,control,51.42509015871602,0.1220170593486809,OpenAQ v3 locations,candidate_needs_review,Newham - Wren Close,225772,51.514727,0.014554,12.44,no2;pm10;pm25,London Air Quality Network | Unknown Governmental Organization | United Kingdom | Newham | Europe/London,22,34,0,5,61,"Candidate only; compare against DEFRA/AURN, local context and source provenance before validation."
Riverside RR ERF,riverside_rr_erf,London,51.48,0.18,Sidcup,51.42509015871602,0.1220170593486809,facility,51.48,0.18,OpenAQ v3 locations,candidate_needs_review,Barking and Dagenham - Scrattons Farm,225727,51.529389,0.132857,6.388,no2;pm10,London Air Quality Network | Unknown Governmental Organization | United Kingdom | Barking and Dagenham | Europe/London,33,22,0,5,60,"Candidate only; compare against DEFRA/AURN, local context and source provenance before validation."
Riverside RR ERF,riverside_rr_erf,London,51.48,0.18,Sidcup,51.42509015871602,0.1220170593486809,control,51.42509015871602,0.1220170593486809,OpenAQ v3 locations,candidate_needs_review,Tower Hamlets - Jubilee Park,290183,51.5029878731458,-0.0180219908165375,13.005,no2;pm10;pm25,London Air Quality Network | Unknown Governmental Organization | United Kingdom | Hackney | Europe/London,21,34,0,5,60,"Candidate only; compare against DEFRA/AURN, local context and source provenance before validation."
Riverside RR ERF,riverside_rr_erf,London,51.48,0.18,Sidcup,51.42509015871602,0.1220170593486809,control,51.42509015871602,0.1220170593486809,OpenAQ v3 locations,candidate_needs_review,Devas Street,223704,51.523099,-0.012704,14.347,no;no2;nox;pm25,london stationary | Unknown Research Organization | United Kingdom | Europe/London,19,35,0,5,59,"Candidate only; compare against DEFRA/AURN, local context and source provenance before validation."
Riverside RR ERF,riverside_rr_erf,London,51.48,0.18,Sidcup,51.42509015871602,0.1220170593486809,control,51.42509015871602,0.1220170593486809,OpenAQ v3 locations,candidate_needs_review,Dartford Roadside 2 - Town Centre,225746,51.4426702340503,0.216185856662181,6.814,no2;pm10,London Air Quality Network | Unknown Governmental Organization | United Kingdom | Dartford | Europe/London,32,22,0,5,59,"Candidate only; compare against DEFRA/AURN, local context and source provenance before validation."
Riverside RR ERF,riverside_rr_erf,London,51.48,0.18,Sidcup,51.42509015871602,0.1220170593486809,control,51.42509015871602,0.1220170593486809,OpenAQ v3 locations,candidate_needs_review,Dartford - Town Centre,4990521,51.442557781389,0.215950164318913,6.795,no2;pm10,London Air Quality Network | Unknown Governmental Organization | United Kingdom | Dartford | Europe/London,32,22,0,5,59,"Candidate only; compare against DEFRA/AURN, local context and source provenance before validation."
Riverside RR ERF,riverside_rr_erf,London,51.48,0.18,Sidcup,51.42509015871602,0.1220170593486809,facility,51.48,0.18,OpenAQ v3 locations,candidate_needs_review,Dartford - St Clements 2,225740,51.448823581151,0.279379130223739,7.708,no2;pm10,London Air Quality Network | Unknown Governmental Organization | United Kingdom | Dartford | Europe/London,31,22,0,5,58,"Candidate only; compare against DEFRA/AURN, local context and source provenance before validation."
Riverside RR ERF,riverside_rr_erf,London,51.48,0.18,Sidcup,51.42509015871602,0.1220170593486809,control,51.42509015871602,0.1220170593486809,OpenAQ v3 locations,candidate_needs_review,Southwark A2 Old Kent Road - UKA00558,146,51.4804989994662,-0.059550000208953166,14.009,no2;pm10;pm25,EEA | Unknown Governmental Organization | United Kingdom | Southwark | Europe/London,19,34,0,5,58,"Candidate only; compare against DEFRA/AURN, local context and source provenance before validation."
Riverside RR ERF,riverside_rr_erf,London,51.48,0.18,Sidcup,51.42509015871602,0.1220170593486809,control,51.42509015871602,0.1220170593486809,OpenAQ v3 locations,candidate_needs_review,Thurrock - UKA00272,2395,51.47706999922149,0.31796900028704406,14.757,no2;o3;pm10;pm25;so2,EEA | Unknown Governmental Organization | United Kingdom | London | Europe/London,18,35,0,5,58,"Candidate only; compare against DEFRA/AURN, local context and source provenance before validation."
Riverside RR ERF,riverside_rr_erf,London,51.48,0.18,Sidcup,51.42509015871602,0.1220170593486809,control,51.42509015871602,0.1220170593486809,OpenAQ v3 locations,candidate_needs_review,Peckham Road,223725,51.474326,-0.078151,14.912,no;no2;nox;pm25,london stationary | Unknown Research Organization | United Kingdom | Europe/London,18,35,0,5,58,"Candidate only; compare against DEFRA/AURN, local context and source provenance before validation."
Riverside RR ERF,riverside_rr_erf,London,51.48,0.18,Sidcup,51.42509015871602,0.1220170593486809,control,51.42509015871602,0.1220170593486809,OpenAQ v3 locations,candidate_needs_review,Beckenham Lane,223749,51.4073728,0.0057789,8.298,no;no2;nox,london stationary | Unknown Research Organization | United Kingdom | Europe/London,30,23,0,5,58,"Candidate only; compare against DEFRA/AURN, local context and source provenance before validation."
Riverside RR ERF,riverside_rr_erf,London,51.48,0.18,Sidcup,51.42509015871602,0.1220170593486809,control,51.42509015871602,0.1220170593486809,OpenAQ v3 locations,candidate_needs_review,Bonington Road,223758,51.544414,0.21182,14.653,no;no2;nox;pm25,london stationary | Unknown Research Organization | United Kingdom | Europe/London,18,35,0,5,58,"Candidate only; compare against DEFRA/AURN, local context and source provenance before validation."
Riverside RR ERF,riverside_rr_erf,London,51.48,0.18,Sidcup,51.42509015871602,0.1220170593486809,control,51.42509015871602,0.1220170593486809,OpenAQ v3 locations,candidate_needs_review,Wood Lane,223774,51.561372,0.148582,15.265,no;no2;nox;pm25,london stationary | Unknown Research Organization | United Kingdom | Europe/London,17,35,0,5,57,"Candidate only; compare against DEFRA/AURN, local context and source provenance before validation."
Riverside RR ERF,riverside_rr_erf,London,51.48,0.18,Sidcup,51.42509015871602,0.1220170593486809,control,51.42509015871602,0.1220170593486809,OpenAQ v3 locations,candidate_needs_review,Romford Road,223781,51.554615,0.058982,15.049,no;no2;nox;pm25,london stationary | Unknown Research Organization | United Kingdom | Europe/London,17,35,0,5,57,"Candidate only; compare against DEFRA/AURN, local context and source provenance before validation."
Riverside RR ERF,riverside_rr_erf,London,51.48,0.18,Sidcup,51.42509015871602,0.1220170593486809,facility,51.48,0.18,OpenAQ v3 locations,candidate_needs_review,Woolwich Manor Way,223765,51.515901,0.060587,9.18,no;no2;nox,london stationary | Unknown Research Organization | United Kingdom | Europe/London,28,23,0,5,56,"Candidate only; compare against DEFRA/AURN, local context and source provenance before validation."
Riverside RR ERF,riverside_rr_erf,London,51.48,0.18,Sidcup,51.42509015871602,0.1220170593486809,control,51.42509015871602,0.1220170593486809,OpenAQ v3 locations,candidate_needs_review,Camberwell Road,223761,51.475739,-0.093557,15.965,no;no2;nox;pm25,london stationary | Unknown Research Organization | United Kingdom | Europe/London,16,35,0,5,56,"Candidate only; compare against DEFRA/AURN, local context and source provenance before validation."
Riverside RR ERF,riverside_rr_erf,London,51.48,0.18,Sidcup,51.42509015871602,0.1220170593486809,control,51.42509015871602,0.1220170593486809,OpenAQ v3 locations,candidate_needs_review,Tower Hamlets - Millwall Park,4619882,51.4891342634,-0.0129769309432,11.756,no2;o3;pm10,London Air Quality Network | Unknown Governmental Organization | United Kingdom | Tower Hamlets | Europe/London,23,28,0,5,56,"Candidate only; compare against DEFRA/AURN, local context and source provenance before validation."
Riverside RR ERF,riverside_rr_erf,London,51.48,0.18,Sidcup,51.42509015871602,0.1220170593486809,control,51.42509015871602,0.1220170593486809,OpenAQ v3 locations,candidate_needs_review,Morpeth Street,223713,51.527588,-0.047295,16.352,no;no2;nox;pm25,london stationary | Unknown Research Organization | United Kingdom | Europe/London,15,35,0,5,55,"Candidate only; compare against DEFRA/AURN, local context and source provenance before validation."
Riverside RR ERF,riverside_rr_erf,London,51.48,0.18,Sidcup,51.42509015871602,0.1220170593486809,control,51.42509015871602,0.1220170593486809,OpenAQ v3 locations,candidate_needs_review,Hunslett Street,223721,51.529308,-0.048721,16.556,no;no2;nox;pm25,london stationary | Unknown Research Organization | United Kingdom | Europe/London,15,35,0,5,55,"Candidate only; compare against DEFRA/AURN, local context and source provenance before validation."
Riverside RR ERF,riverside_rr_erf,London,51.48,0.18,Sidcup,51.42509015871602,0.1220170593486809,control,51.42509015871602,0.1220170593486809,OpenAQ v3 locations,candidate_needs_review,The Royal London Hospital,223763,51.518778,-0.058917,16.297,no;no2;nox;pm25,london stationary | Unknown Research Organization | United Kingdom | Europe/London,15,35,0,5,55,"Candidate only; compare against DEFRA/AURN, local context and source provenance before validation."
Riverside RR ERF,riverside_rr_erf,London,51.48,0.18,Sidcup,51.42509015871602,0.1220170593486809,facility,51.48,0.18,OpenAQ v3 locations,candidate_needs_review,Greenwich - Fiveways Sidcup Rd A20,225769,51.4346627060562,0.0642224671704697,9.474,no2;pm10,London Air Quality Network | Unknown Governmental Organization | United Kingdom | Greenwich | Europe/London,27,22,0,5,54,"Candidate only; compare against DEFRA/AURN, local context and source provenance before validation."
Riverside RR ERF,riverside_rr_erf,London,51.48,0.18,Sidcup,51.42509015871602,0.1220170593486809,control,51.42509015871602,0.1220170593486809,OpenAQ v3 locations,candidate_needs_review,Mansford Street,223757,51.528757,-0.061823,17.175,no;no2;nox;pm25,london stationary | Unknown Research Organization | United Kingdom | Europe/London,14,35,0,5,54,"Candidate only; compare against DEFRA/AURN, local context and source provenance before validation."
Riverside RR ERF,riverside_rr_erf,London,51.48,0.18,Sidcup,51.42509015871602,0.1220170593486809,control,51.42509015871602,0.1220170593486809,OpenAQ v3 locations,candidate_needs_review,Borough High Street,223787,51.506131,-0.088654,17.152,no;no2;nox;pm25,london stationary | Unknown Research Organization | United Kingdom | Europe/London,14,35,0,5,54,"Candidate only; compare against DEFRA/AURN, local context and source provenance before validation."
Riverside RR ERF,riverside_rr_erf,London,51.48,0.18,Sidcup,51.42509015871602,0.1220170593486809,facility,51.48,0.18,OpenAQ v3 locations,candidate_needs_review,Barking and Dagenham - Rush Green,225708,51.563752,0.177891,9.314,no2;so2,London Air Quality Network | Unknown Governmental Organization | United Kingdom | Barking and Dagenham | Europe/London,28,20,0,5,53,"Candidate only; compare against DEFRA/AURN, local context and source provenance before validation."
Riverside RR ERF,riverside_rr_erf,London,51.48,0.18,Sidcup,51.42509015871602,0.1220170593486809,facility,51.48,0.18,OpenAQ v3 locations,candidate_needs_review,Newham - East Ham Town Hall,426753,51.5330166040173,0.0550002064487128,10.469,no2;pm25,London Air Quality Network | Unknown Governmental Organization | United Kingdom | Newham | Europe/London,26,22,0,5,53,"Candidate only; compare against DEFRA/AURN, local context and source provenance before validation."
Riverside RR ERF,riverside_rr_erf,London,51.48,0.18,Sidcup,51.42509015871602,0.1220170593486809,control,51.42509015871602,0.1220170593486809,OpenAQ v3 locations,candidate_needs_review,Brook Drive,223692,51.493213,-0.101559,17.243,no;no2;nox;pm25,london stationary | Unknown Research Organization | United Kingdom | Europe/London,13,35,0,5,53,"Candidate only; compare against DEFRA/AURN, local context and source provenance before validation."
Riverside RR ERF,riverside_rr_erf,London,51.48,0.18,Sidcup,51.42509015871602,0.1220170593486809,control,51.42509015871602,0.1220170593486809,OpenAQ v3 locations,candidate_needs_review,Stockwell Road,223699,51.466706,-0.117473,17.23,no;no2;nox;pm25,london stationary | Unknown Research Organization | United Kingdom | Europe/London,13,35,0,5,53,"Candidate only; compare against DEFRA/AURN, local context and source provenance before validation."
Riverside RR ERF,riverside_rr_erf,London,51.48,0.18,Sidcup,51.42509015871602,0.1220170593486809,control,51.42509015871602,0.1220170593486809,OpenAQ v3 locations,candidate_needs_review,London Wall,223709,51.516749,-0.085342,17.611,no;no2;nox;pm25,london stationary | Unknown Research Organization | United Kingdom | Europe/London,13,35,0,5,53,"Candidate only; compare against DEFRA/AURN, local context and source provenance before validation."
Riverside RR ERF,riverside_rr_erf,London,51.48,0.18,Sidcup,51.42509015871602,0.1220170593486809,control,51.42509015871602,0.1220170593486809,OpenAQ v3 locations,candidate_needs_review,Cannon Street,223724,51.511403,-0.089336,17.506,no;no2;nox;pm25,london stationary | Unknown Research Organization | United Kingdom | Europe/London,13,35,0,5,53,"Candidate only; compare against DEFRA/AURN, local context and source provenance before validation."
Riverside RR ERF,riverside_rr_erf,London,51.48,0.18,Sidcup,51.42509015871602,0.1220170593486809,control,51.42509015871602,0.1220170593486809,OpenAQ v3 locations,candidate_needs_review,King William Walk,223726,51.481858,-0.008609,11.035,no;no2;nox,london stationary | Unknown Research Organization | United Kingdom | Europe/London,25,23,0,5,53,"Candidate only; compare against DEFRA/AURN, local context and source provenance before validation."
Riverside RR ERF,riverside_rr_erf,London,51.48,0.18,Sidcup,51.42509015871602,0.1220170593486809,control,51.42509015871602,0.1220170593486809,OpenAQ v3 locations,candidate_needs_review,Ballance Road,223727,51.5456,-0.03614,17.306,no;no2;nox;pm25,london stationary | Unknown Research Organization | United Kingdom | Europe/London,13,35,0,5,53,"Candidate only; compare against DEFRA/AURN, local context and source provenance before validation."
Riverside RR ERF,riverside_rr_erf,London,51.48,0.18,Sidcup,51.42509015871602,0.1220170593486809,control,51.42509015871602,0.1220170593486809,OpenAQ v3 locations,candidate_needs_review,Geraldine Street,223750,51.49562,-0.105412,17.6,no;no2;nox;pm25,london stationary | Unknown Research Organization | United Kingdom | Europe/London,13,35,0,5,53,"Candidate only; compare against DEFRA/AURN, local context and source provenance before validation."
Riverside RR ERF,riverside_rr_erf,London,51.48,0.18,Sidcup,51.42509015871602,0.1220170593486809,control,51.42509015871602,0.1220170593486809,OpenAQ v3 locations,candidate_needs_review,Church Street,223751,51.4813,-0.00986,11.071,no;no2;nox,london stationary | Unknown Research Organization | United Kingdom | Europe/London,25,23,0,5,53,"Candidate only; compare against DEFRA/AURN, local context and source provenance before validation."
Riverside RR ERF,riverside_rr_erf,London,51.48,0.18,Sidcup,51.42509015871602,0.1220170593486809,control,51.42509015871602,0.1220170593486809,OpenAQ v3 locations,candidate_needs_review,Woolwich Manor Way,223765,51.515901,0.060587,10.958,no;no2;nox,london stationary | Unknown Research Organization | United Kingdom | Europe/London,25,23,0,5,53,"Candidate only; compare against DEFRA/AURN, local context and source provenance before validation."
Riverside RR ERF,riverside_rr_erf,London,51.48,0.18,Sidcup,51.42509015871602,0.1220170593486809,control,51.42509015871602,0.1220170593486809,OpenAQ v3 locations,candidate_needs_review,Bank Junction,223767,51.513206,-0.088786,17.584,no;no2;nox;pm25,london stationary | Unknown Research Organization | United Kingdom | Europe/London,13,35,0,5,53,"Candidate only; compare against DEFRA/AURN, local context and source provenance before validation."
Riverside RR ERF,riverside_rr_erf,London,51.48,0.18,Sidcup,51.42509015871602,0.1220170593486809,control,51.42509015871602,0.1220170593486809,OpenAQ v3 locations,candidate_needs_review,Lewisham - Loampit Vale,225776,51.4646910611736,-0.0160682432041527,10.534,no2;pm10,London Air Quality Network | Unknown Governmental Organization | United Kingdom | Lewisham | Europe/London,26,22,0,5,53,"Candidate only; compare against DEFRA/AURN, local context and source provenance before validation."
Riverside RR ERF,riverside_rr_erf,London,51.48,0.18,Sidcup,51.42509015871602,0.1220170593486809,control,51.42509015871602,0.1220170593486809,OpenAQ v3 locations,candidate_needs_review,Durham Street,223702,51.485597,-0.11909,18.01,no;no2;nox;pm25,london stationary | Unknown Research Organization | United Kingdom | Europe/London,12,35,0,5,52,"Candidate only; compare against DEFRA/AURN, local context and source provenance before validation."
Riverside RR ERF,riverside_rr_erf,London,51.48,0.18,Sidcup,51.42509015871602,0.1220170593486809,control,51.42509015871602,0.1220170593486809,OpenAQ v3 locations,candidate_needs_review,Columbia Road,223738,51.528491,-0.074268,17.804,no;no2;nox;pm25,london stationary | Unknown Research Organization | United Kingdom | Europe/London,12,35,0,5,52,"Candidate only; compare against DEFRA/AURN, local context and source provenance before validation."
Riverside RR ERF,riverside_rr_erf,London,51.48,0.18,Sidcup,51.42509015871602,0.1220170593486809,control,51.42509015871602,0.1220170593486809,OpenAQ v3 locations,candidate_needs_review,Lollard Street,223777,51.492714,-0.114098,18.004,no;no2;nox;pm25,london stationary | Unknown Research Organization | United Kingdom | Europe/London,12,35,0,5,52,"Candidate only; compare against DEFRA/AURN, local context and source provenance before validation."
Riverside RR ERF,riverside_rr_erf,London,51.48,0.18,Sidcup,51.42509015871602,0.1220170593486809,control,51.42509015871602,0.1220170593486809,OpenAQ v3 locations,candidate_needs_review,Greenwich - Blackheath,225710,51.472504,-0.012381,10.702,no2;pm10,London Air Quality Network | Unknown Governmental Organization | United Kingdom | Greenwich | Europe/London,25,22,0,5,52,"Candidate only; compare against DEFRA/AURN, local context and source provenance before validation."
Riverside RR ERF,riverside_rr_erf,London,51.48,0.18,Sidcup,51.42509015871602,0.1220170593486809,control,51.42509015871602,0.1220170593486809,OpenAQ v3 locations,candidate_needs_review,Greenwich - Trafalgar Road (Hoskins St),225800,51.4839072533485,0.000407396935849736,10.667,no2;pm10,London Air Quality Network | Unknown Governmental Organization | United Kingdom | Greenwich | Europe/London,25,22,0,5,52,"Candidate only; compare against DEFRA/AURN, local context and source provenance before validation."
Riverside RR ERF,riverside_rr_erf,London,51.48,0.18,Sidcup,51.42509015871602,0.1220170593486809,control,51.42509015871602,0.1220170593486809,OpenAQ v3 locations,candidate_needs_review,Thurrock - London Road (Purfleet),225836,51.478697,0.255133,10.982,no2;pm10,London Air Quality Network | Unknown Governmental Organization | United Kingdom | Thurrock | Europe/London,25,22,0,5,52,"Candidate only; compare against DEFRA/AURN, local context and source provenance before validation."
Riverside RR ERF,riverside_rr_erf,London,51.48,0.18,Sidcup,51.42509015871602,0.1220170593486809,control,51.42509015871602,0.1220170593486809,OpenAQ v3 locations,candidate_needs_review,West Smithsfield,223691,51.518921,-0.100905,18.635,no;no2;nox;pm25,london stationary | Unknown Research Organization | United Kingdom | Europe/London,11,35,0,5,51,"Candidate only; compare against DEFRA/AURN, local context and source provenance before validation."
Riverside RR ERF,riverside_rr_erf,London,51.48,0.18,Sidcup,51.42509015871602,0.1220170593486809,control,51.42509015871602,0.1220170593486809,OpenAQ v3 locations,candidate_needs_review,Whitecross,223768,51.521451,-0.092771,18.333,no;no2;nox;pm25,london stationary | Unknown Research Organization | United Kingdom | Europe/London,11,35,0,5,51,"Candidate only; compare against DEFRA/AURN, local context and source provenance before validation."
Riverside RR ERF,riverside_rr_erf,London,51.48,0.18,Sidcup,51.42509015871602,0.1220170593486809,control,51.42509015871602,0.1220170593486809,OpenAQ v3 locations,candidate_needs_review,Cornwall Road,223769,51.506643,-0.112107,18.581,no;no2;nox;pm25,london stationary | Unknown Research Organization | United Kingdom | Europe/London,11,35,0,5,51,"Candidate only; compare against DEFRA/AURN, local context and source provenance before validation."
Riverside RR ERF,riverside_rr_erf,London,51.48,0.18,Sidcup,51.42509015871602,0.1220170593486809,control,51.42509015871602,0.1220170593486809,OpenAQ v3 locations,candidate_needs_review,Wandsworth Road,223782,51.475735,-0.131209,18.429,no;no2;nox;pm25,london stationary | Unknown Research Organization | United Kingdom | Europe/London,11,35,0,5,51,"Candidate only; compare against DEFRA/AURN, local context and source provenance before validation."
Riverside RR ERF,riverside_rr_erf,London,51.48,0.18,Sidcup,51.42509015871602,0.1220170593486809,control,51.42509015871602,0.1220170593486809,OpenAQ v3 locations,candidate_needs_review,Newham - Britannia Gate,227058,51.503858,0.020574415,11.229,no2;pm25,London Air Quality Network | Unknown Governmental Organization | United Kingdom | Newham | Europe/London,24,22,0,5,51,"Candidate only; compare against DEFRA/AURN, local context and source provenance before validation."
Riverside RR ERF,riverside_rr_erf,London,51.48,0.18,Sidcup,51.42509015871602,0.1220170593486809,control,51.42509015871602,0.1220170593486809,OpenAQ v3 locations,candidate_needs_review,Cecilia Road,223694,51.54989,-0.06836,19.14,no;no2;nox;pm25,london stationary | Unknown Research Organization | United Kingdom | Europe/London,10,35,0,5,50,"Candidate only; compare against DEFRA/AURN, local context and source provenance before validation."
Riverside RR ERF,riverside_rr_erf,London,51.48,0.18,Sidcup,51.42509015871602,0.1220170593486809,control,51.42509015871602,0.1220170593486809,OpenAQ v3 locations,candidate_needs_review,Whitehall,223733,51.504566,-0.126167,19.331,no;no2;nox;pm25,london stationary | Unknown Research Organization | United Kingdom | Europe/London,10,35,0,5,50,"Candidate only; compare against DEFRA/AURN, local context and source provenance before validation."
Riverside RR ERF,riverside_rr_erf,London,51.48,0.18,Sidcup,51.42509015871602,0.1220170593486809,control,51.42509015871602,0.1220170593486809,OpenAQ v3 locations,candidate_needs_review,Drury Lane,223772,51.513472,-0.119223,19.386,no;no2;nox;pm25,london stationary | Unknown Research Organization | United Kingdom | Europe/London,10,35,0,5,50,"Candidate only; compare against DEFRA/AURN, local context and source provenance before validation."
Riverside RR ERF,riverside_rr_erf,London,51.48,0.18,Sidcup,51.42509015871602,0.1220170593486809,control,51.42509015871602,0.1220170593486809,OpenAQ v3 locations,candidate_needs_review,Chigwell Road,223695,51.595229,0.038207,19.788,no;no2;nox;pm25,london stationary | Unknown Research Organization | United Kingdom | Europe/London,9,35,0,5,49,"Candidate only; compare against DEFRA/AURN, local context and source provenance before validation."
Riverside RR ERF,riverside_rr_erf,London,51.48,0.18,Sidcup,51.42509015871602,0.1220170593486809,control,51.42509015871602,0.1220170593486809,OpenAQ v3 locations,candidate_needs_review,Churchill Gardens Road,223705,51.486223,-0.14503,19.712,no;no2;nox;pm25,london stationary | Unknown Research Organization | United Kingdom | Europe/London,9,35,0,5,49,"Candidate only; compare against DEFRA/AURN, local context and source provenance before validation."
Riverside RR ERF,riverside_rr_erf,London,51.48,0.18,Sidcup,51.42509015871602,0.1220170593486809,control,51.42509015871602,0.1220170593486809,OpenAQ v3 locations,candidate_needs_review,Queen Margarets Grove,223718,51.549215,-0.079761,19.639,no;no2;nox;pm25,london stationary | Unknown Research Organization | United Kingdom | Europe/London,9,35,0,5,49,"Candidate only; compare against DEFRA/AURN, local context and source provenance before validation."
Riverside RR ERF,riverside_rr_erf,London,51.48,0.18,Sidcup,51.42509015871602,0.1220170593486809,control,51.42509015871602,0.1220170593486809,OpenAQ v3 locations,candidate_needs_review,Oakdale Road,223729,51.592485,0.033284,19.6,no;no2;nox;pm25,london stationary | Unknown Research Organization | United Kingdom | Europe/London,9,35,0,5,49,"Candidate only; compare against DEFRA/AURN, local context and source provenance before validation."
Riverside RR ERF,riverside_rr_erf,London,51.48,0.18,Sidcup,51.42509015871602,0.1220170593486809,control,51.42509015871602,0.1220170593486809,OpenAQ v3 locations,candidate_needs_review,Laystall St,223775,51.522514,-0.112014,19.496,no;no2;nox;pm25,london stationary | Unknown Research Organization | United Kingdom | Europe/London,9,35,0,5,49,"Candidate only; compare against DEFRA/AURN, local context and source provenance before validation."
Riverside RR ERF,riverside_rr_erf,London,51.48,0.18,Sidcup,51.42509015871602,0.1220170593486809,control,51.42509015871602,0.1220170593486809,OpenAQ v3 locations,candidate_needs_review,London Bloomsbury - UKA00211,148,51.52228999923011,-0.12588900021133392,20.289,no2;o3;pm10;pm25;so2,EEA | Unknown Governmental Organization | United Kingdom | Camden | Europe/London,8,35,0,5,48,"Candidate only; compare against DEFRA/AURN, local context and source provenance before validation."
Riverside RR ERF,riverside_rr_erf,London,51.48,0.18,Sidcup,51.42509015871602,0.1220170593486809,control,51.42509015871602,0.1220170593486809,OpenAQ v3 locations,candidate_needs_review,Dagnall Street,223717,51.4738,-0.157493,20.112,no;no2;nox;pm25,london stationary | Unknown Research Organization | United Kingdom | Europe/London,8,35,0,5,48,"Candidate only; compare against DEFRA/AURN, local context and source provenance before validation."
Riverside RR ERF,riverside_rr_erf,London,51.48,0.18,Sidcup,51.42509015871602,0.1220170593486809,control,51.42509015871602,0.1220170593486809,OpenAQ v3 locations,candidate_needs_review,Shaftsbury Avenue,223740,51.51207,-0.131959,20.076,no;no2;nox;pm25,london stationary | Unknown Research Organization | United Kingdom | Europe/London,8,35,0,5,48,"Candidate only; compare against DEFRA/AURN, local context and source provenance before validation."
Riverside RR ERF,riverside_rr_erf,London,51.48,0.18,Sidcup,51.42509015871602,0.1220170593486809,control,51.42509015871602,0.1220170593486809,OpenAQ v3 locations,candidate_needs_review,Lancell Street,223785,51.5618,-0.07587,20.464,no;no2;nox;pm25,london stationary | Unknown Research Organization | United Kingdom | Europe/London,8,35,0,5,48,"Candidate only; compare against DEFRA/AURN, local context and source provenance before validation."
Riverside RR ERF,riverside_rr_erf,London,51.48,0.18,Sidcup,51.42509015871602,0.1220170593486809,control,51.42509015871602,0.1220170593486809,OpenAQ v3 locations,candidate_needs_review,Google Street View Car,61486,51.503634709156785,-0.15036661820359595,20.793,co2;no;no2;nox;pm25,london mobile | Unknown Research Organization | United Kingdom | London | Europe/London,7,35,0,5,47,"Candidate only; compare against DEFRA/AURN, local context and source provenance before validation."
Riverside RR ERF,riverside_rr_erf,London,51.48,0.18,Sidcup,51.42509015871602,0.1220170593486809,control,51.42509015871602,0.1220170593486809,OpenAQ v3 locations,candidate_needs_review,High Road,223722,51.39905,-0.075379,13.993,no;no2;nox,london stationary | Unknown Research Organization | United Kingdom | Europe/London,19,23,0,5,47,"Candidate only; compare against DEFRA/AURN, local context and source provenance before validation."
Riverside RR ERF,riverside_rr_erf,London,51.48,0.18,Sidcup,51.42509015871602,0.1220170593486809,control,51.42509015871602,0.1220170593486809,OpenAQ v3 locations,candidate_needs_review,Cadogan Gardens,223748,51.493217,-0.158772,20.877,no;no2;nox;pm25,london stationary | Unknown Research Organization | United Kingdom | Europe/London,7,35,0,5,47,"Candidate only; compare against DEFRA/AURN, local context and source provenance before validation."
Riverside RR ERF,riverside_rr_erf,London,51.48,0.18,Sidcup,51.42509015871602,0.1220170593486809,control,51.42509015871602,0.1220170593486809,OpenAQ v3 locations,candidate_needs_review,Google Street View Car,61487,51.50225232682155,-0.16491291569562416,21.65,co2;no;no2;nox;pm25,london mobile | Unknown Research Organization | United Kingdom | London | Europe/London,6,35,0,5,46,"Candidate only; compare against DEFRA/AURN, local context and source provenance before validation."
Riverside RR ERF,riverside_rr_erf,London,51.48,0.18,Sidcup,51.42509015871602,0.1220170593486809,control,51.42509015871602,0.1220170593486809,OpenAQ v3 locations,candidate_needs_review,Caledonian Road,223703,51.550067,-0.117987,21.663,no;no2;nox;pm25,london stationary | Unknown Research Organization | United Kingdom | Europe/London,6,35,0,5,46,"Candidate only; compare against DEFRA/AURN, local context and source provenance before validation."
Riverside RR ERF,riverside_rr_erf,London,51.48,0.18,Sidcup,51.42509015871602,0.1220170593486809,control,51.42509015871602,0.1220170593486809,OpenAQ v3 locations,candidate_needs_review,Park Lane,223741,51.507988,-0.153446,21.191,no;no2;nox;pm25,london stationary | Unknown Research Organization | United Kingdom | Europe/London,6,35,0,5,46,"Candidate only; compare against DEFRA/AURN, local context and source provenance before validation."
Riverside RR ERF,riverside_rr_erf,London,51.48,0.18,Sidcup,51.42509015871602,0.1220170593486809,facility,51.48,0.18,OpenAQ v3 locations,candidate_needs_review,Ealing,4242608,51.5133,0.3043,9.368,pm1;pm25;relativehumidity;temperature;um003,AirGradient | Home Oli & Manu | United Kingdom | Europe/London,28,12,0,5,45,"Candidate only; compare against DEFRA/AURN, local context and source provenance before validation."
Riverside RR ERF,riverside_rr_erf,London,51.48,0.18,Sidcup,51.42509015871602,0.1220170593486809,control,51.42509015871602,0.1220170593486809,OpenAQ v3 locations,candidate_needs_review,Westminster - Marylebone Road,154,51.52254,-0.15459,22.01,co;no2;o3;pm10;pm25;so2,London Air Quality Network | Unknown Governmental Organization | United Kingdom | Westminster | Europe/London,5,35,0,5,45,"Candidate only; compare against DEFRA/AURN, local context and source provenance before validation."
Riverside RR ERF,riverside_rr_erf,London,51.48,0.18,Sidcup,51.42509015871602,0.1220170593486809,control,51.42509015871602,0.1220170593486809,OpenAQ v3 locations,candidate_needs_review,Albert Street,223723,51.536271,-0.143525,22.158,no;no2;nox;pm25,london stationary | Unknown Research Organization | United Kingdom | Europe/London,5,35,0,5,45,"Candidate only; compare against DEFRA/AURN, local context and source provenance before validation."
Riverside RR ERF,riverside_rr_erf,London,51.48,0.18,Sidcup,51.42509015871602,0.1220170593486809,control,51.42509015871602,0.1220170593486809,OpenAQ v3 locations,candidate_needs_review,Edgware Road,223739,51.51419,-0.161979,22.026,no;no2;nox;pm25,london stationary | Unknown Research Organization | United Kingdom | Europe/London,5,35,0,5,45,"Candidate only; compare against DEFRA/AURN, local context and source provenance before validation."
Riverside RR ERF,riverside_rr_erf,London,51.48,0.18,Sidcup,51.42509015871602,0.1220170593486809,control,51.42509015871602,0.1220170593486809,OpenAQ v3 locations,candidate_needs_review,Holloway Road,223771,51.555387,-0.116092,21.947,no;no2;nox;pm25,london stationary | Unknown Research Organization | United Kingdom | Europe/London,5,35,0,5,45,"Candidate only; compare against DEFRA/AURN, local context and source provenance before validation."
Riverside RR ERF,riverside_rr_erf,London,51.48,0.18,Sidcup,51.42509015871602,0.1220170593486809,control,51.42509015871602,0.1220170593486809,OpenAQ v3 locations,candidate_needs_review,St Anns Hill,223789,51.456143,-0.18927,21.85,no;no2;nox;pm25,london stationary | Unknown Research Organization | United Kingdom | Europe/London,5,35,0,5,45,"Candidate only; compare against DEFRA/AURN, local context and source provenance before validation."
Riverside RR ERF,riverside_rr_erf,London,51.48,0.18,Sidcup,51.42509015871602,0.1220170593486809,control,51.42509015871602,0.1220170593486809,OpenAQ v3 locations,candidate_needs_review,Tower Hamlets - Mile End Road,151,51.5225294860844,-0.0421550991900347,15.706,no2;pm25,London Air Quality Network | Unknown Governmental Organization | United Kingdom | Tower Hamlets | Europe/London,16,22,0,5,43,"Candidate only; compare against DEFRA/AURN, local context and source provenance before validation."
Riverside RR ERF,riverside_rr_erf,London,51.48,0.18,Sidcup,51.42509015871602,0.1220170593486809,control,51.42509015871602,0.1220170593486809,OpenAQ v3 locations,candidate_needs_review,London Westminster - UKA00435,159,51.4946699996591,-0.13193099964204494,19.22,no2;o3;pm25,EEA | Unknown Governmental Organization | United Kingdom | London | Europe/London,10,28,0,5,43,"Candidate only; compare against DEFRA/AURN, local context and source provenance before validation."
Riverside RR ERF,riverside_rr_erf,London,51.48,0.18,Sidcup,51.42509015871602,0.1220170593486809,control,51.42509015871602,0.1220170593486809,OpenAQ v3 locations,candidate_needs_review,Holloway Bus Garage,223689,51.561917,-0.132947,23.303,no;no2;nox;pm25,london stationary | Unknown Research Organization | United Kingdom | Europe/London,3,35,0,5,43,"Candidate only; compare against DEFRA/AURN, local context and source provenance before validation."
Riverside RR ERF,riverside_rr_erf,London,51.48,0.18,Sidcup,51.42509015871602,0.1220170593486809,control,51.42509015871602,0.1220170593486809,OpenAQ v3 locations,candidate_needs_review,Marylebone,223754,51.52304,-0.174732,23.26,no;no2;nox;pm25,london stationary | Unknown Research Organization | United Kingdom | Europe/London,3,35,0,5,43,"Candidate only; compare against DEFRA/AURN, local context and source provenance before validation."
Riverside RR ERF,riverside_rr_erf,London,51.48,0.18,Sidcup,51.42509015871602,0.1220170593486809,control,51.42509015871602,0.1220170593486809,OpenAQ v3 locations,candidate_needs_review,Pemberton Gardens,223766,51.562469,-0.132545,23.322,no;no2;nox;pm25,london stationary | Unknown Research Organization | United Kingdom | Europe/London,3,35,0,5,43,"Candidate only; compare against DEFRA/AURN, local context and source provenance before validation."
Riverside RR ERF,riverside_rr_erf,London,51.48,0.18,Sidcup,51.42509015871602,0.1220170593486809,control,51.42509015871602,0.1220170593486809,OpenAQ v3 locations,candidate_needs_review,Black Horse Court,223687,51.496482,-0.088226,16.588,no2;pm25,london stationary | Unknown Research Organization | United Kingdom | Europe/London,15,22,0,5,42,"Candidate only; compare against DEFRA/AURN, local context and source provenance before validation."
Riverside RR ERF,riverside_rr_erf,London,51.48,0.18,Sidcup,51.42509015871602,0.1220170593486809,control,51.42509015871602,0.1220170593486809,OpenAQ v3 locations,candidate_needs_review,Parkside,223690,51.426126,-0.222013,23.853,no;no2;nox;pm25,london stationary | Unknown Research Organization | United Kingdom | Europe/London,2,35,0,5,42,"Candidate only; compare against DEFRA/AURN, local context and source provenance before validation."
Riverside RR ERF,riverside_rr_erf,London,51.48,0.18,Sidcup,51.42509015871602,0.1220170593486809,control,51.42509015871602,0.1220170593486809,OpenAQ v3 locations,candidate_needs_review,St John's Upper Holloway CE Primary School,223696,51.5625154,-0.132866,23.343,no;no2;nox;pm25,london stationary | Unknown Research Organization | United Kingdom | Europe/London,2,35,0,5,42,"Candidate only; compare against DEFRA/AURN, local context and source provenance before validation."
Riverside RR ERF,riverside_rr_erf,London,51.48,0.18,Sidcup,51.42509015871602,0.1220170593486809,control,51.42509015871602,0.1220170593486809,OpenAQ v3 locations,candidate_needs_review,Commercial Street,223697,51.518123,-0.074271,17.084,no;no2;nox,london stationary | Unknown Research Organization | United Kingdom | Europe/London,14,23,0,5,42,"Candidate only; compare against DEFRA/AURN, local context and source provenance before validation."
Riverside RR ERF,riverside_rr_erf,London,51.48,0.18,Sidcup,51.42509015871602,0.1220170593486809,control,51.42509015871602,0.1220170593486809,OpenAQ v3 locations,candidate_needs_review,Kensington Church Walk,223720,51.501862,-0.19241,23.395,no;no2;nox;pm25,london stationary | Unknown Research Organization | United Kingdom | Europe/London,2,35,0,5,42,"Candidate only; compare against DEFRA/AURN, local context and source provenance before validation."
Riverside RR ERF,riverside_rr_erf,London,51.48,0.18,Sidcup,51.42509015871602,0.1220170593486809,control,51.42509015871602,0.1220170593486809,OpenAQ v3 locations,candidate_needs_review,Monnery Road,223780,51.560567,-0.135615,23.347,no;no2;nox;pm25,london stationary | Unknown Research Organization | United Kingdom | Europe/London,2,35,0,5,42,"Candidate only; compare against DEFRA/AURN, local context and source provenance before validation."
Riverside RR ERF,riverside_rr_erf,London,51.48,0.18,Sidcup,51.42509015871602,0.1220170593486809,control,51.42509015871602,0.1220170593486809,OpenAQ v3 locations,candidate_needs_review,Savernake Road,223710,51.5554849,-0.1523385,23.896,no;no2;nox;pm25,london stationary | Unknown Research Organization | United Kingdom | Europe/London,1,35,0,5,41,"Candidate only; compare against DEFRA/AURN, local context and source provenance before validation."
Riverside RR ERF,riverside_rr_erf,London,51.48,0.18,Sidcup,51.42509015871602,0.1220170593486809,control,51.42509015871602,0.1220170593486809,OpenAQ v3 locations,candidate_needs_review,Haverstock Hill,223728,51.549012,-0.162351,24.032,no;no2;nox;pm25,london stationary | Unknown Research Organization | United Kingdom | Europe/London,1,35,0,5,41,"Candidate only; compare against DEFRA/AURN, local context and source provenance before validation."
Riverside RR ERF,riverside_rr_erf,London,51.48,0.18,Sidcup,51.42509015871602,0.1220170593486809,control,51.42509015871602,0.1220170593486809,OpenAQ v3 locations,candidate_needs_review,Lewisham - Catford,225804,51.445468,-0.020266,10.12,no2,London Air Quality Network | Unknown Governmental Organization | United Kingdom | Europe/London,26,10,0,5,41,"Candidate only; compare against DEFRA/AURN, local context and source provenance before validation."
Riverside RR ERF,riverside_rr_erf,London,51.48,0.18,Sidcup,51.42509015871602,0.1220170593486809,control,51.42509015871602,0.1220170593486809,OpenAQ v3 locations,candidate_needs_review,London Haringey Priory Park South - UKA00568,150,51.58412799971813,-0.1252540000016108,24.61,no2;o3;pm10;pm25,EEA | Unknown Governmental Organization | United Kingdom | London | Europe/London,0,35,0,5,40,"Candidate only; compare against DEFRA/AURN, local context and source provenance before validation."
Riverside RR ERF,riverside_rr_erf,London,51.48,0.18,Sidcup,51.42509015871602,0.1220170593486809,control,51.42509015871602,0.1220170593486809,OpenAQ v3 locations,candidate_needs_review,Stanford-le-Hope Roadside - UKA00525,2489,51.51816699935941,0.43954799964784413,24.307,no2;pm10;pm25,EEA | Unknown Governmental Organization | United Kingdom | Thurrock | Europe/London,1,34,0,5,40,"Candidate only; compare against DEFRA/AURN, local context and source provenance before validation."
Riverside RR ERF,riverside_rr_erf,London,51.48,0.18,Sidcup,51.42509015871602,0.1220170593486809,control,51.42509015871602,0.1220170593486809,OpenAQ v3 locations,candidate_needs_review,Charing Cross Hospital,223698,51.487354,-0.221561,24.792,no;no2;nox;pm25,london stationary | Unknown Research Organization | United Kingdom | Europe/London,0,35,0,5,40,"Candidate only; compare against DEFRA/AURN, local context and source provenance before validation."
Riverside RR ERF,riverside_rr_erf,London,51.48,0.18,Sidcup,51.42509015871602,0.1220170593486809,control,51.42509015871602,0.1220170593486809,OpenAQ v3 locations,candidate_needs_review,Ladbroke Grove,223730,51.510768,-0.20529,24.593,no;no2;nox;pm25,london stationary | Unknown Research Organization | United Kingdom | Europe/London,0,35,0,5,40,"Candidate only; compare against DEFRA/AURN, local context and source provenance before validation."
Riverside RR ERF,riverside_rr_erf,London,51.48,0.18,Sidcup,51.42509015871602,0.1220170593486809,control,51.42509015871602,0.1220170593486809,OpenAQ v3 locations,candidate_needs_review,Blackfriars Road,223756,51.505529,-0.104345,18.052,no;no2;nox,london stationary | Unknown Research Organization | United Kingdom | Europe/London,12,23,0,5,40,"Candidate only; compare against DEFRA/AURN, local context and source provenance before validation."
Riverside RR ERF,riverside_rr_erf,London,51.48,0.18,Sidcup,51.42509015871602,0.1220170593486809,control,51.42509015871602,0.1220170593486809,OpenAQ v3 locations,candidate_needs_review,Ellenborough Road,223783,51.59906,-0.095201,24.498,no;no2;nox;pm25,london stationary | Unknown Research Organization | United Kingdom | Europe/London,0,35,0,5,40,"Candidate only; compare against DEFRA/AURN, local context and source provenance before validation."
Riverside RR ERF,riverside_rr_erf,London,51.48,0.18,Sidcup,51.42509015871602,0.1220170593486809,control,51.42509015871602,0.1220170593486809,OpenAQ v3 locations,candidate_needs_review,London N. Kensington - UKA00253,155,51.52104999941992,-0.21349199974454106,25.57,co;no2;o3;pm10;pm25;so2,EEA | Unknown Governmental Organization | United Kingdom | Kensington and Chelsea | Europe/London,0,35,0,5,40,"Candidate only; compare against DEFRA/AURN, local context and source provenance before validation."
Riverside RR ERF,riverside_rr_erf,London,51.48,0.18,Sidcup,51.42509015871602,0.1220170593486809,control,51.42509015871602,0.1220170593486809,OpenAQ v3 locations,candidate_needs_review,Hendon Way,223707,51.571687,-0.210037,28.179,no;no2;nox;pm25,london stationary | Unknown Research Organization | United Kingdom | Europe/London,0,35,0,5,40,"Candidate only; compare against DEFRA/AURN, local context and source provenance before validation."
Riverside RR ERF,riverside_rr_erf,London,51.48,0.18,Sidcup,51.42509015871602,0.1220170593486809,control,51.42509015871602,0.1220170593486809,OpenAQ v3 locations,candidate_needs_review,Southbury Road,223743,51.649088,-0.054961,27.753,no;no2;nox;pm25,london stationary | Unknown Research Organization | United Kingdom | Europe/London,0,35,0,5,40,"Candidate only; compare against DEFRA/AURN, local context and source provenance before validation."
Riverside RR ERF,riverside_rr_erf,London,51.48,0.18,Sidcup,51.42509015871602,0.1220170593486809,control,51.42509015871602,0.1220170593486809,OpenAQ v3 locations,candidate_needs_review,Crowthorne Road,223747,51.516554,-0.218503,25.685,no;no2;nox;pm25,london stationary | Unknown Research Organization | United Kingdom | Europe/London,0,35,0,5,40,"Candidate only; compare against DEFRA/AURN, local context and source provenance before validation."
Riverside RR ERF,riverside_rr_erf,London,51.48,0.18,Sidcup,51.42509015871602,0.1220170593486809,control,51.42509015871602,0.1220170593486809,OpenAQ v3 locations,candidate_needs_review,Blomfontein Road,223762,51.514071,-0.235418,26.662,no;no2;nox;pm25,london stationary | Unknown Research Organization | United Kingdom | Europe/London,0,35,0,5,40,"Candidate only; compare against DEFRA/AURN, local context and source provenance before validation."
Riverside RR ERF,riverside_rr_erf,London,51.48,0.18,Sidcup,51.42509015871602,0.1220170593486809,control,51.42509015871602,0.1220170593486809,OpenAQ v3 locations,candidate_needs_review,Pattison Road,223773,51.560877,-0.195749,26.682,no;no2;nox;pm25,london stationary | Unknown Research Organization | United Kingdom | Europe/London,0,35,0,5,40,"Candidate only; compare against DEFRA/AURN, local context and source provenance before validation."
Riverside RR ERF,riverside_rr_erf,London,51.48,0.18,Sidcup,51.42509015871602,0.1220170593486809,control,51.42509015871602,0.1220170593486809,OpenAQ v3 locations,candidate_needs_review,Camden Kerbside - UKA00259,152,51.54420999974351,-0.17526899971392015,24.478,no2;pm10;pm25,EEA | Unknown Governmental Organization | United Kingdom | Camden | Europe/London,0,34,0,5,39,"Candidate only; compare against DEFRA/AURN, local context and source provenance before validation."
Riverside RR ERF,riverside_rr_erf,London,51.48,0.18,Sidcup,51.42509015871602,0.1220170593486809,control,51.42509015871602,0.1220170593486809,OpenAQ v3 locations,candidate_needs_review,Greenwich - Tunnel Avenue,227059,51.495057,0.0041074676,11.281,no2,London Air Quality Network | Unknown Governmental Organization | United Kingdom | Greenwich | Europe/London,24,10,0,5,39,"Candidate only; compare against DEFRA/AURN, local context and source provenance before validation."
Riverside RR ERF,riverside_rr_erf,London,51.48,0.18,Sidcup,51.42509015871602,0.1220170593486809,control,51.42509015871602,0.1220170593486809,OpenAQ v3 locations,candidate_needs_review,Glaisher Street,223708,51.4831,-0.0188,11.697,no2,london stationary | Unknown Research Organization | United Kingdom | Europe/London,23,10,0,5,38,"Candidate only; compare against DEFRA/AURN, local context and source provenance before validation."
Riverside RR ERF,riverside_rr_erf,London,51.48,0.18,Sidcup,51.42509015871602,0.1220170593486809,control,51.42509015871602,0.1220170593486809,OpenAQ v3 locations,candidate_needs_review,Whipps Cross University Hospital,223753,51.577305,0.00283,18.829,no2;pm25,london stationary | Unknown Research Organization | United Kingdom | Europe/London,11,22,0,5,38,"Candidate only; compare against DEFRA/AURN, local context and source provenance before validation."
Riverside RR ERF,riverside_rr_erf,London,51.48,0.18,Sidcup,51.42509015871602,0.1220170593486809,control,51.42509015871602,0.1220170593486809,OpenAQ v3 locations,candidate_needs_review,St Thomas's Hospital,223755,51.499104,-0.11705,18.494,no2;pm25,london stationary | Unknown Research Organization | United Kingdom | Europe/London,11,22,0,5,38,"Candidate only; compare against DEFRA/AURN, local context and source provenance before validation."
Riverside RR ERF,riverside_rr_erf,London,51.48,0.18,Sidcup,51.42509015871602,0.1220170593486809,control,51.42509015871602,0.1220170593486809,OpenAQ v3 locations,candidate_needs_review,Farringdon Street,223778,51.514743,-0.104526,18.591,no2;pm25,london stationary | Unknown Research Organization | United Kingdom | Europe/London,11,22,0,5,38,"Candidate only; compare against DEFRA/AURN, local context and source provenance before validation."
Riverside RR ERF,riverside_rr_erf,London,51.48,0.18,Sidcup,51.42509015871602,0.1220170593486809,control,51.42509015871602,0.1220170593486809,OpenAQ v3 locations,candidate_needs_review,Newham - Hoola Tower,227060,51.508198,0.015002152,11.847,no2,London Air Quality Network | Unknown Governmental Organization | United Kingdom | Newham | Europe/London,23,10,0,5,38,"Candidate only; compare against DEFRA/AURN, local context and source provenance before validation."
Riverside RR ERF,riverside_rr_erf,London,51.48,0.18,Sidcup,51.42509015871602,0.1220170593486809,control,51.42509015871602,0.1220170593486809,OpenAQ v3 locations,candidate_needs_review,Clifford Street,223706,51.51092,-0.141896,20.622,no;no2;nox,london stationary | Unknown Research Organization | United Kingdom | Europe/London,7,23,0,5,35,"Candidate only; compare against DEFRA/AURN, local context and source provenance before validation."
Riverside RR ERF,riverside_rr_erf,London,51.48,0.18,Sidcup,51.42509015871602,0.1220170593486809,facility,51.48,0.18,OpenAQ v3 locations,candidate_needs_review,Romford Road,223736,51.554615,0.058982,11.788,no,london stationary | Unknown Research Organization | United Kingdom | Europe/London,23,5,0,5,33,"Candidate only; compare against DEFRA/AURN, local context and source provenance before validation."
Riverside RR ERF,riverside_rr_erf,London,51.48,0.18,Sidcup,51.42509015871602,0.1220170593486809,control,51.42509015871602,0.1220170593486809,OpenAQ v3 locations,candidate_needs_review,Holloway Road,223712,51.555387,-0.116092,21.947,no;no2;nox,london stationary | Unknown Research Organization | United Kingdom | Europe/London,5,23,0,5,33,"Candidate only; compare against DEFRA/AURN, local context and source provenance before validation."
Riverside RR ERF,riverside_rr_erf,London,51.48,0.18,Sidcup,51.42509015871602,0.1220170593486809,control,51.42509015871602,0.1220170593486809,OpenAQ v3 locations,candidate_needs_review,Royal Marsden Hospital,223786,51.49081,-0.173236,21.723,no;no2;nox,london stationary | Unknown Research Organization | United Kingdom | Europe/London,5,23,0,5,33,"Candidate only; compare against DEFRA/AURN, local context and source provenance before validation."
Riverside RR ERF,riverside_rr_erf,London,51.48,0.18,Sidcup,51.42509015871602,0.1220170593486809,control,51.42509015871602,0.1220170593486809,OpenAQ v3 locations,candidate_needs_review,Commercial Street,223737,51.518123,-0.074271,17.084,pm25,london stationary | Unknown Research Organization | United Kingdom | Europe/London,14,12,0,5,31,"Candidate only; compare against DEFRA/AURN, local context and source provenance before validation."
Riverside RR ERF,riverside_rr_erf,London,51.48,0.18,Sidcup,51.42509015871602,0.1220170593486809,control,51.42509015871602,0.1220170593486809,OpenAQ v3 locations,candidate_needs_review,Parkside,223760,51.426126,-0.222013,23.853,no;no2;nox,london stationary | Unknown Research Organization | United Kingdom | Europe/London,2,23,0,5,30,"Candidate only; compare against DEFRA/AURN, local context and source provenance before validation."
Riverside RR ERF,riverside_rr_erf,London,51.48,0.18,Sidcup,51.42509015871602,0.1220170593486809,control,51.42509015871602,0.1220170593486809,OpenAQ v3 locations,candidate_needs_review,Haringey Roadside - UKA00260,60,51.59929999967941,-0.06821799979396657,23.421,no2;pm25,EEA | Unknown Governmental Organization | United Kingdom | Haringey | Europe/London,2,22,0,5,29,"Candidate only; compare against DEFRA/AURN, local context and source provenance before validation."
Riverside RR ERF,riverside_rr_erf,London,51.48,0.18,Sidcup,51.42509015871602,0.1220170593486809,control,51.42509015871602,0.1220170593486809,OpenAQ v3 locations,candidate_needs_review,Brook Drive,223686,51.493213,-0.101559,17.243,no2,london stationary | Unknown Research Organization | United Kingdom | Europe/London,13,10,0,5,28,"Candidate only; compare against DEFRA/AURN, local context and source provenance before validation."
Riverside RR ERF,riverside_rr_erf,London,51.48,0.18,Sidcup,51.42509015871602,0.1220170593486809,control,51.42509015871602,0.1220170593486809,OpenAQ v3 locations,candidate_needs_review,Finchley Road,223790,51.544237,-0.17523,24.478,no;no2;nox,london stationary | Unknown Research Organization | United Kingdom | Europe/London,0,23,0,5,28,"Candidate only; compare against DEFRA/AURN, local context and source provenance before validation."
Riverside RR ERF,riverside_rr_erf,London,51.48,0.18,Sidcup,51.42509015871602,0.1220170593486809,control,51.42509015871602,0.1220170593486809,OpenAQ v3 locations,candidate_needs_review,North Middlesex University Hospital,223759,51.6130738,-0.075493,24.974,no;no2;nox,london stationary | Unknown Research Organization | United Kingdom | Europe/London,0,23,0,5,28,"Candidate only; compare against DEFRA/AURN, local context and source provenance before validation."
Riverside RR ERF,riverside_rr_erf,London,51.48,0.18,Sidcup,51.42509015871602,0.1220170593486809,control,51.42509015871602,0.1220170593486809,OpenAQ v3 locations,candidate_needs_review,Richmond Road,223732,51.54337,-0.057899,18.116,no2,london stationary | Unknown Research Organization | United Kingdom | Europe/London,12,10,0,5,27,"Candidate only; compare against DEFRA/AURN, local context and source provenance before validation."
Riverside RR ERF,riverside_rr_erf,London,51.48,0.18,Sidcup,51.42509015871602,0.1220170593486809,control,51.42509015871602,0.1220170593486809,OpenAQ v3 locations,candidate_needs_review,Romford Road,223736,51.554615,0.058982,15.049,no,london stationary | Unknown Research Organization | United Kingdom | Europe/London,17,5,0,5,27,"Candidate only; compare against DEFRA/AURN, local context and source provenance before validation."
Riverside RR ERF,riverside_rr_erf,London,51.48,0.18,Sidcup,51.42509015871602,0.1220170593486809,control,51.42509015871602,0.1220170593486809,OpenAQ v3 locations,candidate_needs_review,Black Horse Court,223719,51.496482,-0.088226,16.588,no,london stationary | Unknown Research Organization | United Kingdom | Europe/London,15,5,0,5,25,"Candidate only; compare against DEFRA/AURN, local context and source provenance before validation."
Riverside RR ERF,riverside_rr_erf,London,51.48,0.18,Sidcup,51.42509015871602,0.1220170593486809,control,51.42509015871602,0.1220170593486809,OpenAQ v3 locations,candidate_needs_review,Farringdon Street,223742,51.514743,-0.104526,18.591,no,london stationary | Unknown Research Organization | United Kingdom | Europe/London,11,5,0,5,21,"Candidate only; compare against DEFRA/AURN, local context and source provenance before validation."
Riverside RR ERF,riverside_rr_erf,London,51.48,0.18,Sidcup,51.42509015871602,0.1220170593486809,control,51.42509015871602,0.1220170593486809,OpenAQ v3 locations,candidate_needs_review,Steerforth Street,223776,51.438489,-0.187703,21.523,no2,london stationary | Unknown Research Organization | United Kingdom | Europe/London,6,10,0,5,21,"Candidate only; compare against DEFRA/AURN, local context and source provenance before validation."
Riverside RR ERF,riverside_rr_erf,London,51.48,0.18,Sidcup,51.42509015871602,0.1220170593486809,control,51.42509015871602,0.1220170593486809,OpenAQ v3 locations,candidate_needs_review,Garrett Lane,223700,51.440399,-0.186775,21.474,no,london stationary | Unknown Research Organization | United Kingdom | Europe/London,6,5,0,5,16,"Candidate only; compare against DEFRA/AURN, local context and source provenance before validation."
Riverside RR ERF,riverside_rr_erf,London,51.48,0.18,Sidcup,51.42509015871602,0.1220170593486809,control,51.42509015871602,0.1220170593486809,OpenAQ v3 locations,candidate_needs_review,Fitzjohn Avenue,223711,51.551247,-0.175939,24.948,no2,london stationary | Unknown Research Organization | United Kingdom | Europe/London,0,10,0,5,15,"Candidate only; compare against DEFRA/AURN, local context and source provenance before validation."
Runcorn EfW,runcorn_efw,Cheshire,53.35,-2.72,Frodsham,53.30619160993018,-2.774417535,control,53.30619160993018,-2.774417535,OpenAQ v3 locations,candidate_needs_review,Liverpool Speke - UKA00247,2507,53.346329999453125,-2.8443329999415723,6.44,no2;o3;pm10;pm25;so2,EEA | Unknown Governmental Organization | United Kingdom | Liverpool | Europe/London,33,35,0,5,73,"Candidate only; compare against DEFRA/AURN, local context and source provenance before validation."
Runcorn EfW,runcorn_efw,Cheshire,53.35,-2.72,Frodsham,53.30619160993018,-2.774417535,facility,53.35,-2.72,OpenAQ v3 locations,candidate_needs_review,Liverpool Speke - UKA00247,2507,53.346329999453125,-2.8443329999415723,8.263,no2;o3;pm10;pm25;so2,EEA | Unknown Governmental Organization | United Kingdom | Liverpool | Europe/London,30,35,0,5,70,"Candidate only; compare against DEFRA/AURN, local context and source provenance before validation."
Runcorn EfW,runcorn_efw,Cheshire,53.35,-2.72,Frodsham,53.30619160993018,-2.774417535,facility,53.35,-2.72,OpenAQ v3 locations,candidate_needs_review,Warrington - UKA00538,2475,53.389279999268815,-2.6153579999810064,8.202,no2;pm10;pm25,EEA | Unknown Governmental Organization | United Kingdom | Warrington | Europe/London,30,34,0,5,69,"Candidate only; compare against DEFRA/AURN, local context and source provenance before validation."
Runcorn EfW,runcorn_efw,Cheshire,53.35,-2.72,Frodsham,53.30619160993018,-2.774417535,control,53.30619160993018,-2.774417535,OpenAQ v3 locations,candidate_needs_review,Warrington - UKA00538,2475,53.389279999268815,-2.6153579999810064,14.03,no2;pm10;pm25,EEA | Unknown Governmental Organization | United Kingdom | Warrington | Europe/London,19,34,0,5,58,"Candidate only; compare against DEFRA/AURN, local context and source provenance before validation."
Runcorn EfW,runcorn_efw,Cheshire,53.35,-2.72,Frodsham,53.30619160993018,-2.774417535,facility,53.35,-2.72,OpenAQ v3 locations,candidate_needs_review,Widnes Milton Road - UKA00603,2322,53.36539099942606,-2.7316799999086454,1.879,no2,EEA | Unknown Governmental Organization | United Kingdom | Widnes | Europe/London,41,10,0,5,56,"Candidate only; compare against DEFRA/AURN, local context and source provenance before validation."
Runcorn EfW,runcorn_efw,Cheshire,53.35,-2.72,Frodsham,53.30619160993018,-2.774417535,control,53.30619160993018,-2.774417535,OpenAQ v3 locations,candidate_needs_review,Wirral Tranmere - UKA00406,2533,53.37286999973297,-3.0227219995542067,18.076,no2;o3;pm10;pm25,EEA | Unknown Governmental Organization | United Kingdom | Liverpool | Europe/London,12,35,0,5,52,"Candidate only; compare against DEFRA/AURN, local context and source provenance before validation."
Runcorn EfW,runcorn_efw,Cheshire,53.35,-2.72,Frodsham,53.30619160993018,-2.774417535,facility,53.35,-2.72,OpenAQ v3 locations,candidate_needs_review,St Helens Linkway - UKA00627,3531,53.45182599939756,-2.742134000297141,11.417,no2;pm10,EEA | Unknown Governmental Organization | United Kingdom | North West & Merseyside | Europe/London,24,22,0,5,51,"Candidate only; compare against DEFRA/AURN, local context and source provenance before validation."
Runcorn EfW,runcorn_efw,Cheshire,53.35,-2.72,Frodsham,53.30619160993018,-2.774417535,facility,53.35,-2.72,OpenAQ v3 locations,candidate_needs_review,Glazebury - UKA00170,2431,53.4600799995706,-2.4720559997084366,20.493,no2;o3;pm10;pm25,EEA | Unknown Governmental Organization | United Kingdom | Glazebury | Europe/London,8,35,0,5,48,"Candidate only; compare against DEFRA/AURN, local context and source provenance before validation."
Runcorn EfW,runcorn_efw,Cheshire,53.35,-2.72,Frodsham,53.30619160993018,-2.774417535,facility,53.35,-2.72,OpenAQ v3 locations,candidate_needs_review,Wirral Tranmere - UKA00406,2533,53.37286999973297,-3.0227219995542067,20.248,no2;o3;pm10;pm25,EEA | Unknown Governmental Organization | United Kingdom | Liverpool | Europe/London,8,35,0,5,48,"Candidate only; compare against DEFRA/AURN, local context and source provenance before validation."
Runcorn EfW,runcorn_efw,Cheshire,53.35,-2.72,Frodsham,53.30619160993018,-2.774417535,control,53.30619160993018,-2.774417535,OpenAQ v3 locations,candidate_needs_review,Widnes Milton Road - UKA00603,2322,53.36539099942606,-2.7316799999086454,7.168,no2,EEA | Unknown Governmental Organization | United Kingdom | Widnes | Europe/London,32,10,0,5,47,"Candidate only; compare against DEFRA/AURN, local context and source provenance before validation."
Runcorn EfW,runcorn_efw,Cheshire,53.35,-2.72,Frodsham,53.30619160993018,-2.774417535,facility,53.35,-2.72,OpenAQ v3 locations,candidate_needs_review,Wigan Centre - UKA00482,2293,53.549139999250514,-2.638138999803485,22.797,no2;o3;pm10;pm25,EEA | Unknown Governmental Organization | United Kingdom | Wigan | Europe/London,3,35,0,5,43,"Candidate only; compare against DEFRA/AURN, local context and source provenance before validation."
Runcorn EfW,runcorn_efw,Cheshire,53.35,-2.72,Frodsham,53.30619160993018,-2.774417535,control,53.30619160993018,-2.774417535,OpenAQ v3 locations,candidate_needs_review,St Helens Linkway - UKA00627,3531,53.45182599939756,-2.742134000297141,16.335,no2;pm10,EEA | Unknown Governmental Organization | United Kingdom | North West & Merseyside | Europe/London,15,22,0,5,42,"Candidate only; compare against DEFRA/AURN, local context and source provenance before validation."
Runcorn EfW,runcorn_efw,Cheshire,53.35,-2.72,Frodsham,53.30619160993018,-2.774417535,control,53.30619160993018,-2.774417535,OpenAQ v3 locations,candidate_needs_review,"12 Lakeland Close, Liverpool",2532110,53.401027736215156,-2.984429204976246,17.478,pm1;pm10;pm25;relativehumidity;temperature;um003,AirGradient | Unknown Person | United Kingdom | Europe/London,13,24,0,5,42,"Candidate only; compare against DEFRA/AURN, local context and source provenance before validation."
Runcorn EfW,runcorn_efw,Cheshire,53.35,-2.72,Frodsham,53.30619160993018,-2.774417535,facility,53.35,-2.72,OpenAQ v3 locations,candidate_needs_review,"12 Lakeland Close, Liverpool",2532110,53.401027736215156,-2.984429204976246,18.436,pm1;pm10;pm25;relativehumidity;temperature;um003,AirGradient | Unknown Person | United Kingdom | Europe/London,11,24,0,5,40,"Candidate only; compare against DEFRA/AURN, local context and source provenance before validation."
Runcorn EfW,runcorn_efw,Cheshire,53.35,-2.72,Frodsham,53.30619160993018,-2.774417535,control,53.30619160993018,-2.774417535,OpenAQ v3 locations,candidate_needs_review,Glazebury - UKA00170,2431,53.4600799995706,-2.4720559997084366,26.362,no2;o3;pm10;pm25,EEA | Unknown Governmental Organization | United Kingdom | Glazebury | Europe/London,0,35,0,5,40,"Candidate only; compare against DEFRA/AURN, local context and source provenance before validation."
Runcorn EfW,runcorn_efw,Cheshire,53.35,-2.72,Frodsham,53.30619160993018,-2.774417535,control,53.30619160993018,-2.774417535,OpenAQ v3 locations,candidate_needs_review,Birkenhead Borough Road - UKA00625,3526,53.38851099925933,-3.025013999797667,18.987,no2;pm25,EEA | Unknown Governmental Organization | United Kingdom | North West & Merseyside | Europe/London,10,22,0,5,37,"Candidate only; compare against DEFRA/AURN, local context and source provenance before validation."
Runcorn EfW,runcorn_efw,Cheshire,53.35,-2.72,Frodsham,53.30619160993018,-2.774417535,facility,53.35,-2.72,OpenAQ v3 locations,candidate_needs_review,Golborne Dale Cottage,3401002,53.46266174151034,-2.6016558943557166,14.781,pm1;pm25;relativehumidity;temperature;um003,AirGradient | Dan Cunliffe | United Kingdom | Europe/London,18,12,0,5,35,"Candidate only; compare against DEFRA/AURN, local context and source provenance before validation."
Runcorn EfW,runcorn_efw,Cheshire,53.35,-2.72,Frodsham,53.30619160993018,-2.774417535,facility,53.35,-2.72,OpenAQ v3 locations,candidate_needs_review,Birkenhead Borough Road - UKA00625,3526,53.38851099925933,-3.025013999797667,20.684,no2;pm25,EEA | Unknown Governmental Organization | United Kingdom | North West & Merseyside | Europe/London,7,22,0,5,34,"Candidate only; compare against DEFRA/AURN, local context and source provenance before validation."
Runcorn EfW,runcorn_efw,Cheshire,53.35,-2.72,Frodsham,53.30619160993018,-2.774417535,control,53.30619160993018,-2.774417535,OpenAQ v3 locations,candidate_needs_review,Golborne Dale Cottage,3401002,53.46266174151034,-2.6016558943557166,20.833,pm1;pm25;relativehumidity;temperature;um003,AirGradient | Dan Cunliffe | United Kingdom | Europe/London,7,12,0,5,24,"Candidate only; compare against DEFRA/AURN, local context and source provenance before validation."
Runcorn EfW,runcorn_efw,Cheshire,53.35,-2.72,Frodsham,53.30619160993018,-2.774417535,control,53.30619160993018,-2.774417535,OpenAQ v3 locations,candidate_needs_review,Crewe Coppenhall - UKA00659,2659920,53.115940999502676,-2.453491999951757,30.071,no2,EEA | Unknown Governmental Organization | United Kingdom | Europe/London,0,10,0,5,15,"Candidate only; compare against DEFRA/AURN, local context and source provenance before validation."
Shrewsbury Incinerator,shrewsbury_incinerator,Shropshire,52.71,-2.75,Pontesbury,52.66264719947775,-2.800606348,facility,52.71,-2.75,OpenAQ v3 locations,candidate_needs_review,"Shrewsbury, UK",3402683,52.69974,-2.74832,1.146,pm1;pm25;relativehumidity;temperature;um003,AirGradient | Dave Q | United Kingdom | Europe/London,42,12,15,5,74,"Candidate only; compare against DEFRA/AURN, local context and source provenance before validation."
Shrewsbury Incinerator,shrewsbury_incinerator,Shropshire,52.71,-2.75,Pontesbury,52.66264719947775,-2.800606348,control,52.66264719947775,-2.800606348,OpenAQ v3 locations,candidate_needs_review,"Shrewsbury, UK",3402683,52.69974,-2.74832,5.425,pm1;pm25;relativehumidity;temperature;um003,AirGradient | Dave Q | United Kingdom | Europe/London,35,12,15,5,67,"Candidate only; compare against DEFRA/AURN, local context and source provenance before validation."
Shrewsbury Incinerator,shrewsbury_incinerator,Shropshire,52.71,-2.75,Pontesbury,52.66264719947775,-2.800606348,facility,52.71,-2.75,OpenAQ v3 locations,candidate_needs_review,Telford,2975591,52.65039091277819,-2.480509611168481,19.339,pm1;pm10;pm25;relativehumidity;temperature;um003,AirGradient | Unknown Person | United Kingdom | Europe/London,10,24,0,5,39,"Candidate only; compare against DEFRA/AURN, local context and source provenance before validation."
Shrewsbury Incinerator,shrewsbury_incinerator,Shropshire,52.71,-2.75,Pontesbury,52.66264719947775,-2.800606348,control,52.66264719947775,-2.800606348,OpenAQ v3 locations,candidate_needs_review,Telford,2975591,52.65039091277819,-2.480509611168481,21.633,pm1;pm10;pm25;relativehumidity;temperature;um003,AirGradient | Unknown Person | United Kingdom | Europe/London,6,24,0,5,35,"Candidate only; compare against DEFRA/AURN, local context and source provenance before validation."
Shrewsbury Incinerator,shrewsbury_incinerator,Shropshire,52.71,-2.75,Pontesbury,52.66264719947775,-2.800606348,control,52.66264719947775,-2.800606348,OpenAQ v3 locations,candidate_needs_review,Aston Hill - UKA00137,2394,52.50384999933775,-3.0341779996752303,23.682,no2;o3,EEA | Unknown Governmental Organization | United Kingdom | Aston Hill | Europe/London,2,16,0,5,23,"Candidate only; compare against DEFRA/AURN, local context and source provenance before validation."
Shrewsbury Incinerator,shrewsbury_incinerator,Shropshire,52.71,-2.75,Pontesbury,52.66264719947775,-2.800606348,facility,52.71,-2.75,OpenAQ v3 locations,candidate_needs_review,Telford Hollinswood - UKA00648,2659942,52.67347099970886,-2.4366920003589367,21.503,no2,EEA | Unknown Governmental Organization | United Kingdom | Europe/London,6,10,0,5,21,"Candidate only; compare against DEFRA/AURN, local context and source provenance before validation."
Shrewsbury Incinerator,shrewsbury_incinerator,Shropshire,52.71,-2.75,Pontesbury,52.66264719947775,-2.800606348,facility,52.71,-2.75,OpenAQ v3 locations,candidate_needs_review,Aston Hill - UKA00137,2394,52.50384999933775,-3.0341779996752303,29.895,no2;o3,EEA | Unknown Governmental Organization | United Kingdom | Aston Hill | Europe/London,0,16,0,5,21,"Candidate only; compare against DEFRA/AURN, local context and source provenance before validation."
Shrewsbury Incinerator,shrewsbury_incinerator,Shropshire,52.71,-2.75,Pontesbury,52.66264719947775,-2.800606348,facility,52.71,-2.75,OpenAQ v3 locations,candidate_needs_review,Market Drayton,6202467,52.905611365449616,-2.4762877476681497,28.488,pm1;pm25;relativehumidity;temperature;um003,AirGradient | AirGradient | United Kingdom | Europe/London,0,12,0,5,17,"Candidate only; compare against DEFRA/AURN, local context and source provenance before validation."
Shrewsbury Incinerator,shrewsbury_incinerator,Shropshire,52.71,-2.75,Pontesbury,52.66264719947775,-2.800606348,control,52.66264719947775,-2.800606348,OpenAQ v3 locations,candidate_needs_review,Telford Hollinswood - UKA00648,2659942,52.67347099970886,-2.4366920003589367,24.569,no2,EEA | Unknown Governmental Organization | United Kingdom | Europe/London,0,10,0,5,15,"Candidate only; compare against DEFRA/AURN, local context and source provenance before validation."
Stoke EfW,stoke_efw,Stoke-on-Trent,53.0,-2.18,Barlaston,52.94116578444151,-2.237964046,facility,53.0,-2.18,OpenAQ v3 locations,candidate_needs_review,Stoke-on-Trent Centre - UKA00337,2579,53.028209999349706,-2.175133000290645,3.154,no2;o3;pm10;pm25,EEA | Unknown Governmental Organization | United Kingdom | Stoke-on-Trent | Europe/London,39,35,0,5,79,"Candidate only; compare against DEFRA/AURN, local context and source provenance before validation."
Stoke EfW,stoke_efw,Stoke-on-Trent,53.0,-2.18,Barlaston,52.94116578444151,-2.237964046,facility,53.0,-2.18,OpenAQ v3 locations,candidate_needs_review,Stoke-on-Trent A50 Roadside - UKA00610,2423,52.98043599959371,-2.111898000293454,5.051,no2;pm10;pm25,EEA | Unknown Governmental Organization | United Kingdom | Stoke-on-Trent | Europe/London,35,34,0,5,74,"Candidate only; compare against DEFRA/AURN, local context and source provenance before validation."
Stoke EfW,stoke_efw,Stoke-on-Trent,53.0,-2.18,Barlaston,52.94116578444151,-2.237964046,control,52.94116578444151,-2.237964046,OpenAQ v3 locations,candidate_needs_review,Stoke-on-Trent A50 Roadside - UKA00610,2423,52.98043599959371,-2.111898000293454,9.506,no2;pm10;pm25,EEA | Unknown Governmental Organization | United Kingdom | Stoke-on-Trent | Europe/London,27,34,0,5,66,"Candidate only; compare against DEFRA/AURN, local context and source provenance before validation."
Stoke EfW,stoke_efw,Stoke-on-Trent,53.0,-2.18,Barlaston,52.94116578444151,-2.237964046,control,52.94116578444151,-2.237964046,OpenAQ v3 locations,candidate_needs_review,Stoke-on-Trent Centre - UKA00337,2579,53.028209999349706,-2.175133000290645,10.553,no2;o3;pm10;pm25,EEA | Unknown Governmental Organization | United Kingdom | Stoke-on-Trent | Europe/London,26,35,0,5,66,"Candidate only; compare against DEFRA/AURN, local context and source provenance before validation."
Stoke EfW,stoke_efw,Stoke-on-Trent,53.0,-2.18,Barlaston,52.94116578444151,-2.237964046,control,52.94116578444151,-2.237964046,OpenAQ v3 locations,candidate_needs_review,Market Drayton,6202467,52.905611365449616,-2.4762877476681497,16.459,pm1;pm25;relativehumidity;temperature;um003,AirGradient | AirGradient | United Kingdom | Europe/London,15,12,0,5,32,"Candidate only; compare against DEFRA/AURN, local context and source provenance before validation."
Stoke EfW,stoke_efw,Stoke-on-Trent,53.0,-2.18,Barlaston,52.94116578444151,-2.237964046,facility,53.0,-2.18,OpenAQ v3 locations,candidate_needs_review,Market Drayton,6202467,52.905611365449616,-2.4762877476681497,22.453,pm1;pm25;relativehumidity;temperature;um003,AirGradient | AirGradient | United Kingdom | Europe/London,4,12,0,5,21,"Candidate only; compare against DEFRA/AURN, local context and source provenance before validation."
Stoke EfW,stoke_efw,Stoke-on-Trent,53.0,-2.18,Barlaston,52.94116578444151,-2.237964046,facility,53.0,-2.18,OpenAQ v3 locations,candidate_needs_review,Crewe Coppenhall - UKA00659,2659920,53.115940999502676,-2.453491999951757,22.366,no2,EEA | Unknown Governmental Organization | United Kingdom | Europe/London,4,10,0,5,19,"Candidate only; compare against DEFRA/AURN, local context and source provenance before validation."
Stoke EfW,stoke_efw,Stoke-on-Trent,53.0,-2.18,Barlaston,52.94116578444151,-2.237964046,control,52.94116578444151,-2.237964046,OpenAQ v3 locations,candidate_needs_review,Crewe Coppenhall - UKA00659,2659920,53.115940999502676,-2.453491999951757,24.196,no2,EEA | Unknown Governmental Organization | United Kingdom | Europe/London,1,10,0,5,16,"Candidate only; compare against DEFRA/AURN, local context and source provenance before validation."
Teesside EfW,teesside_efw,Billingham,54.6,-1.26,Stockton,54.5428758,-1.303836096,facility,54.6,-1.26,OpenAQ v3 locations,candidate_needs_review,Middlesbrough - UKA00220,824,54.56929699927123,-1.2208739999753224,4.244,no2;o3;pm10;pm25;so2,EEA | Unknown Governmental Organization | United Kingdom | Middlesbrough | Europe/London,37,35,0,5,77,"Candidate only; compare against DEFRA/AURN, local context and source provenance before validation."
Teesside EfW,teesside_efw,Billingham,54.6,-1.26,Stockton,54.5428758,-1.303836096,control,54.5428758,-1.303836096,OpenAQ v3 locations,candidate_needs_review,Stockton-on-Tees Eaglescliffe - UKA00535,414,54.51666699931385,-1.3585470003707398,4.578,no2;pm10;pm25,EEA | Unknown Governmental Organization | United Kingdom | Stockton-on-Tees | Europe/London,36,34,0,5,75,"Candidate only; compare against DEFRA/AURN, local context and source provenance before validation."
Teesside EfW,teesside_efw,Billingham,54.6,-1.26,Stockton,54.5428758,-1.303836096,control,54.5428758,-1.303836096,OpenAQ v3 locations,candidate_needs_review,Middlesbrough - UKA00220,824,54.56929699927123,-1.2208739999753224,6.103,no2;o3;pm10;pm25;so2,EEA | Unknown Governmental Organization | United Kingdom | Middlesbrough | Europe/London,34,35,0,5,74,"Candidate only; compare against DEFRA/AURN, local context and source provenance before validation."
Teesside EfW,teesside_efw,Billingham,54.6,-1.26,Stockton,54.5428758,-1.303836096,control,54.5428758,-1.303836096,OpenAQ v3 locations,candidate_needs_review,Stockton-on-Tees A1305 Roadside - UKA00599,2368,54.5658189994743,-1.315899999686769,2.667,no2;pm25,EEA | Unknown Governmental Organization | United Kingdom | Stockton-on-Tees | Europe/London,40,22,0,5,67,"Candidate only; compare against DEFRA/AURN, local context and source provenance before validation."
Teesside EfW,teesside_efw,Billingham,54.6,-1.26,Stockton,54.5428758,-1.303836096,facility,54.6,-1.26,OpenAQ v3 locations,candidate_needs_review,Stockton-on-Tees Eaglescliffe - UKA00535,414,54.51666699931385,-1.3585470003707398,11.236,no2;pm10;pm25,EEA | Unknown Governmental Organization | United Kingdom | Stockton-on-Tees | Europe/London,24,34,0,5,63,"Candidate only; compare against DEFRA/AURN, local context and source provenance before validation."
Teesside EfW,teesside_efw,Billingham,54.6,-1.26,Stockton,54.5428758,-1.303836096,facility,54.6,-1.26,OpenAQ v3 locations,candidate_needs_review,Stockton-on-Tees A1305 Roadside - UKA00599,2368,54.5658189994743,-1.315899999686769,5.237,no2;pm25,EEA | Unknown Governmental Organization | United Kingdom | Stockton-on-Tees | Europe/London,35,22,0,5,62,"Candidate only; compare against DEFRA/AURN, local context and source provenance before validation."
Teesside EfW,teesside_efw,Billingham,54.6,-1.26,Stockton,54.5428758,-1.303836096,facility,54.6,-1.26,OpenAQ v3 locations,candidate_needs_review,Billingham - UKA00153,2300,54.60536999949085,-1.2750389998062805,1.138,no2,EEA | Unknown Governmental Organization | United Kingdom | Billingham | Europe/London,42,10,0,5,57,"Candidate only; compare against DEFRA/AURN, local context and source provenance before validation."
Teesside EfW,teesside_efw,Billingham,54.6,-1.26,Stockton,54.5428758,-1.303836096,control,54.5428758,-1.303836096,OpenAQ v3 locations,candidate_needs_review,Billingham - UKA00153,2300,54.60536999949085,-1.2750389998062805,7.193,no2,EEA | Unknown Governmental Organization | United Kingdom | Billingham | Europe/London,32,10,0,5,47,"Candidate only; compare against DEFRA/AURN, local context and source provenance before validation."
Teesside EfW,teesside_efw,Billingham,54.6,-1.26,Stockton,54.5428758,-1.303836096,facility,54.6,-1.26,OpenAQ v3 locations,candidate_needs_review,Hartlepool St Abbs Walk - UKA00645,2659932,54.6832419994915,-1.20383800038095,9.937,no2,EEA | Unknown Governmental Organization | United Kingdom | Europe/London,27,10,0,5,42,"Candidate only; compare against DEFRA/AURN, local context and source provenance before validation."
Teesside EfW,teesside_efw,Billingham,54.6,-1.26,Stockton,54.5428758,-1.303836096,facility,54.6,-1.26,OpenAQ v3 locations,candidate_needs_review,Hartlepool St Abbs Walk - UKA00645,2659933,54.6832419994915,-1.20383800038095,9.937,no2,EEA | Unknown Governmental Organization | United Kingdom | Europe/London,27,10,0,5,42,"Candidate only; compare against DEFRA/AURN, local context and source provenance before validation."
Teesside EfW,teesside_efw,Billingham,54.6,-1.26,Stockton,54.5428758,-1.303836096,control,54.5428758,-1.303836096,OpenAQ v3 locations,candidate_needs_review,Darlington,3602893,54.53862150802372,-1.5649178920307172,16.848,pm1;pm25;relativehumidity;temperature;um003,AirGradient | Barry | United Kingdom | Europe/London,14,12,0,5,31,"Candidate only; compare against DEFRA/AURN, local context and source provenance before validation."
Teesside EfW,teesside_efw,Billingham,54.6,-1.26,Stockton,54.5428758,-1.303836096,facility,54.6,-1.26,OpenAQ v3 locations,candidate_needs_review,Peterlee Claire rd,3400888,54.755264,-1.3492718,18.194,pm1;pm25;relativehumidity;temperature;um003,AirGradient | Unknown Person | United Kingdom | Europe/London,12,12,0,5,29,"Candidate only; compare against DEFRA/AURN, local context and source provenance before validation."
Teesside EfW,teesside_efw,Billingham,54.6,-1.26,Stockton,54.5428758,-1.303836096,control,54.5428758,-1.303836096,OpenAQ v3 locations,candidate_needs_review,Hartlepool St Abbs Walk - UKA00645,2659932,54.6832419994915,-1.20383800038095,16.884,no2,EEA | Unknown Governmental Organization | United Kingdom | Europe/London,14,10,0,5,29,"Candidate only; compare against DEFRA/AURN, local context and source provenance before validation."
Teesside EfW,teesside_efw,Billingham,54.6,-1.26,Stockton,54.5428758,-1.303836096,control,54.5428758,-1.303836096,OpenAQ v3 locations,candidate_needs_review,Hartlepool St Abbs Walk - UKA00645,2659933,54.6832419994915,-1.20383800038095,16.884,no2,EEA | Unknown Governmental Organization | United Kingdom | Europe/London,14,10,0,5,29,"Candidate only; compare against DEFRA/AURN, local context and source provenance before validation."
Teesside EfW,teesside_efw,Billingham,54.6,-1.26,Stockton,54.5428758,-1.303836096,facility,54.6,-1.26,OpenAQ v3 locations,candidate_needs_review,Darlington,3602893,54.53862150802372,-1.5649178920307172,20.807,pm1;pm25;relativehumidity;temperature;um003,AirGradient | Barry | United Kingdom | Europe/London,7,12,0,5,24,"Candidate only; compare against DEFRA/AURN, local context and source provenance before validation."
Teesside EfW,teesside_efw,Billingham,54.6,-1.26,Stockton,54.5428758,-1.303836096,control,54.5428758,-1.303836096,OpenAQ v3 locations,candidate_needs_review,Peterlee Claire rd,3400888,54.755264,-1.3492718,23.797,pm1;pm25;relativehumidity;temperature;um003,AirGradient | Unknown Person | United Kingdom | Europe/London,2,12,0,5,19,"Candidate only; compare against DEFRA/AURN, local context and source provenance before validation."
Thetford Incinerator,thetford_incinerator,Norfolk,52.42,0.75,Brandon,52.36508933633796,0.7074512638157442,facility,52.42,0.75,OpenAQ v3 locations,candidate_needs_review,Downham Market,3039216,52.62926,0.489491,29.19,pm1;pm10;pm25;relativehumidity;temperature;um003,AirGradient | Andy | United Kingdom | Europe/London,0,24,0,5,29,"Candidate only; compare against DEFRA/AURN, local context and source provenance before validation."
Tyseley EfW,tyseley_efw,Birmingham,52.46,-1.82,Solihull,52.41163408578606,-1.860827023,facility,52.46,-1.82,OpenAQ v3 locations,candidate_needs_review,Birmingham Acocks Green,2513,52.437165,-1.829999,2.628,no2;o3;pm10;pm25,DEFRA | Unknown Governmental Organization | United Kingdom | Europe/London,40,35,15,5,95,"Candidate only; compare against DEFRA/AURN, local context and source provenance before validation."
Tyseley EfW,tyseley_efw,Birmingham,52.46,-1.82,Solihull,52.41163408578606,-1.860827023,facility,52.46,-1.82,OpenAQ v3 locations,candidate_needs_review,Birmingham Tyburn,337,52.511722,-1.830583,5.796,no2;o3;pm10;pm25;so2,DEFRA | Unknown Governmental Organization | United Kingdom | Europe/London,34,35,15,5,89,"Candidate only; compare against DEFRA/AURN, local context and source provenance before validation."
Tyseley EfW,tyseley_efw,Birmingham,52.46,-1.82,Solihull,52.41163408578606,-1.860827023,facility,52.46,-1.82,OpenAQ v3 locations,candidate_needs_review,Birmingham Tyburn Roadside,2514,52.512194,-1.830861,5.85,no2;o3;pm10;pm25,DEFRA | Unknown Governmental Organization | United Kingdom | Europe/London,34,35,15,5,89,"Candidate only; compare against DEFRA/AURN, local context and source provenance before validation."
Tyseley EfW,tyseley_efw,Birmingham,52.46,-1.82,Solihull,52.41163408578606,-1.860827023,facility,52.46,-1.82,OpenAQ v3 locations,candidate_needs_review,Birmingham A4540 Roadside - UKA00626,3525,52.4760899994137,-1.8750239999535843,4.135,no2;o3;pm10;pm25,EEA | Unknown Governmental Organization | United Kingdom | West Midlands | Europe/London,37,35,0,5,77,"Candidate only; compare against DEFRA/AURN, local context and source provenance before validation."
Tyseley EfW,tyseley_efw,Birmingham,52.46,-1.82,Solihull,52.41163408578606,-1.860827023,facility,52.46,-1.82,OpenAQ v3 locations,candidate_needs_review,Birmingham Ladywood - UKA00655,2659908,52.48134599952562,-1.9182349998038515,7.065,no2;o3;so2,EEA | Unknown Governmental Organization | United Kingdom | Europe/London,32,26,0,5,63,"Candidate only; compare against DEFRA/AURN, local context and source provenance before validation."
Tyseley EfW,tyseley_efw,Birmingham,52.46,-1.82,Solihull,52.41163408578606,-1.860827023,facility,52.46,-1.82,OpenAQ v3 locations,candidate_needs_review,Birmingham Ladywood - UKA00655,2659909,52.48134599952562,-1.9182349998038515,7.065,no2;o3;so2,EEA | Unknown Governmental Organization | United Kingdom | Europe/London,32,26,0,5,63,"Candidate only; compare against DEFRA/AURN, local context and source provenance before validation."
Tyseley EfW,tyseley_efw,Birmingham,52.46,-1.82,Solihull,52.41163408578606,-1.860827023,facility,52.46,-1.82,OpenAQ v3 locations,candidate_needs_review,"University of Birmingham, UK",5224957,52.455498,-1.928994,7.402,pm1;pm25;relativehumidity;temperature;um003,AirGradient | AirGradient | United Kingdom | Europe/London,31,12,15,5,63,"Candidate only; compare against DEFRA/AURN, local context and source provenance before validation."
Tyseley EfW,tyseley_efw,Birmingham,52.46,-1.82,Solihull,52.41163408578606,-1.860827023,facility,52.46,-1.82,OpenAQ v3 locations,candidate_needs_review,"University of Birmingham, UK",5224958,52.455532,-1.92884,7.391,pm1;pm25;relativehumidity;temperature;um003,AirGradient | University of Birmingham | United Kingdom | Europe/London,31,12,15,5,63,"Candidate only; compare against DEFRA/AURN, local context and source provenance before validation."
Tyseley EfW,tyseley_efw,Birmingham,52.46,-1.82,Solihull,52.41163408578606,-1.860827023,facility,52.46,-1.82,OpenAQ v3 locations,candidate_needs_review,"University of Birmingham, UK",5225907,52.455498,-1.928994,7.402,pm1;pm25;relativehumidity;temperature;um003,AirGradient | University of Birmingham | United Kingdom | Europe/London,31,12,15,5,63,"Candidate only; compare against DEFRA/AURN, local context and source provenance before validation."
Tyseley EfW,tyseley_efw,Birmingham,52.46,-1.82,Solihull,52.41163408578606,-1.860827023,facility,52.46,-1.82,OpenAQ v3 locations,candidate_needs_review,Oldbury Birmingham Road - UKA00595,406,52.50243599946008,-2.0034969995881116,13.292,no2;pm10;pm25,EEA | Unknown Governmental Organization | United Kingdom | Oldbury | Europe/London,21,34,0,5,60,"Candidate only; compare against DEFRA/AURN, local context and source provenance before validation."
Tyseley EfW,tyseley_efw,Birmingham,52.46,-1.82,Solihull,52.41163408578606,-1.860827023,facility,52.46,-1.82,OpenAQ v3 locations,candidate_needs_review,University of Birmingham 4,2453310,52.4554,-1.92899556076,7.403,pm1;pm10;pm25;relativehumidity;temperature;um003,AirGradient | Unknown Person | United Kingdom | Europe/London,31,24,0,5,60,"Candidate only; compare against DEFRA/AURN, local context and source provenance before validation."
Tyseley EfW,tyseley_efw,Birmingham,52.46,-1.82,Solihull,52.41163408578606,-1.860827023,facility,52.46,-1.82,OpenAQ v3 locations,candidate_needs_review,University of Birmingham 3,2453314,52.45545,-1.92899556076,7.402,pm1;pm10;pm25;relativehumidity;temperature;um003,AirGradient | Unknown Person | United Kingdom | Europe/London,31,24,0,5,60,"Candidate only; compare against DEFRA/AURN, local context and source provenance before validation."
Tyseley EfW,tyseley_efw,Birmingham,52.46,-1.82,Solihull,52.41163408578606,-1.860827023,facility,52.46,-1.82,OpenAQ v3 locations,candidate_needs_review,University of Birmingham 2,2453317,52.4555,-1.92899556076,7.402,pm1;pm10;pm25;relativehumidity;temperature;um003,AirGradient | Unknown Person | United Kingdom | Europe/London,31,24,0,5,60,"Candidate only; compare against DEFRA/AURN, local context and source provenance before validation."
Tyseley EfW,tyseley_efw,Birmingham,52.46,-1.82,Solihull,52.41163408578606,-1.860827023,facility,52.46,-1.82,OpenAQ v3 locations,candidate_needs_review,University of Birmingham 1 ,2453320,52.4554879239,-1.92899556076,7.402,pm1;pm10;pm25;relativehumidity;temperature;um003,AirGradient | Unknown Person | United Kingdom | Europe/London,31,24,0,5,60,"Candidate only; compare against DEFRA/AURN, local context and source provenance before validation."
Tyseley EfW,tyseley_efw,Birmingham,52.46,-1.82,Solihull,52.41163408578606,-1.860827023,facility,52.46,-1.82,OpenAQ v3 locations,candidate_needs_review,Leamington Spa,2535,52.28881,-1.533119,27.233,no2;o3;pm10;pm25,DEFRA | Unknown Governmental Organization | United Kingdom | Leamington Spa | Europe/London,0,35,15,5,55,"Candidate only; compare against DEFRA/AURN, local context and source provenance before validation."
Tyseley EfW,tyseley_efw,Birmingham,52.46,-1.82,Solihull,52.41163408578606,-1.860827023,facility,52.46,-1.82,OpenAQ v3 locations,candidate_needs_review,2020,4946351,52.452736589479244,-1.8897087883263803,4.792,pm1;pm25;relativehumidity;temperature;um003,AirGradient | drluz | United Kingdom | Europe/London,36,12,0,5,53,"Candidate only; compare against DEFRA/AURN, local context and source provenance before validation."
Tyseley EfW,tyseley_efw,Birmingham,52.46,-1.82,Solihull,52.41163408578606,-1.860827023,facility,52.46,-1.82,OpenAQ v3 locations,candidate_needs_review,2020,5261048,52.45278820553296,-1.8897524309498186,4.794,pm1;pm25;relativehumidity;temperature;um003,AirGradient | AirGradient | United Kingdom | Europe/London,36,12,0,5,53,"Candidate only; compare against DEFRA/AURN, local context and source provenance before validation."
Tyseley EfW,tyseley_efw,Birmingham,52.46,-1.82,Solihull,52.41163408578606,-1.860827023,facility,52.46,-1.82,OpenAQ v3 locations,candidate_needs_review,Coventry Allesley - UKA00592,2494,52.411562999499345,-1.560228000167018,18.415,no2;o3;pm10;pm25,EEA | Unknown Governmental Organization | United Kingdom | Coventry | Europe/London,11,35,0,5,51,"Candidate only; compare against DEFRA/AURN, local context and source provenance before validation."
Tyseley EfW,tyseley_efw,Birmingham,52.46,-1.82,Solihull,52.41163408578606,-1.860827023,facility,52.46,-1.82,OpenAQ v3 locations,candidate_needs_review,Urban Background Site,5246083,52.4555,-1.929001,7.402,pm1;pm25;relativehumidity;temperature;um003,AirGradient | University of Birmingham | United Kingdom | Europe/London,31,12,0,5,48,"Candidate only; compare against DEFRA/AURN, local context and source provenance before validation."
Tyseley EfW,tyseley_efw,Birmingham,52.46,-1.82,Solihull,52.41163408578606,-1.860827023,facility,52.46,-1.82,OpenAQ v3 locations,candidate_needs_review,Molecular Science Building,5246084,52.45172,-1.93311,7.719,pm1;pm25;relativehumidity;temperature;um003,AirGradient | University of Birmingham | United Kingdom | Europe/London,31,12,0,5,48,"Candidate only; compare against DEFRA/AURN, local context and source provenance before validation."
Tyseley EfW,tyseley_efw,Birmingham,52.46,-1.82,Solihull,52.41163408578606,-1.860827023,facility,52.46,-1.82,OpenAQ v3 locations,candidate_needs_review,North Gate,6170400,52.452737,-1.930087,7.503,pm1;pm25;relativehumidity;temperature;um003,AirGradient | AirGradient | United Kingdom | Europe/London,31,12,0,5,48,"Candidate only; compare against DEFRA/AURN, local context and source provenance before validation."
Tyseley EfW,tyseley_efw,Birmingham,52.46,-1.82,Solihull,52.41163408578606,-1.860827023,facility,52.46,-1.82,OpenAQ v3 locations,candidate_needs_review,Bournbrook Sports Pitches/ Bristol Rd,6170472,52.447145,-1.928693,7.503,pm1;pm25;relativehumidity;temperature;um003,AirGradient | AirGradient | United Kingdom | Europe/London,31,12,0,5,48,"Candidate only; compare against DEFRA/AURN, local context and source provenance before validation."
Tyseley EfW,tyseley_efw,Birmingham,52.46,-1.82,Solihull,52.41163408578606,-1.860827023,facility,52.46,-1.82,OpenAQ v3 locations,candidate_needs_review,Main Library,6178673,52.451258,-1.930915,7.578,pm1;pm25;relativehumidity;temperature;um003,AirGradient | University of Birmingham | United Kingdom | Europe/London,31,12,0,5,48,"Candidate only; compare against DEFRA/AURN, local context and source provenance before validation."
Tyseley EfW,tyseley_efw,Birmingham,52.46,-1.82,Solihull,52.41163408578606,-1.860827023,facility,52.46,-1.82,OpenAQ v3 locations,candidate_needs_review,South Gate/ Bristol Rd,6227287,52.447145,-1.928693,7.503,pm1;pm25;relativehumidity;temperature;um003,AirGradient | University of Birmingham | United Kingdom | Europe/London,31,12,0,5,48,"Candidate only; compare against DEFRA/AURN, local context and source provenance before validation."
Tyseley EfW,tyseley_efw,Birmingham,52.46,-1.82,Solihull,52.41163408578606,-1.860827023,facility,52.46,-1.82,OpenAQ v3 locations,candidate_needs_review,North Gate,6228172,52.452737,-1.930087,7.503,pm1;pm25;relativehumidity;temperature;um003,AirGradient | University of Birmingham | United Kingdom | Europe/London,31,12,0,5,48,"Candidate only; compare against DEFRA/AURN, local context and source provenance before validation."
Tyseley EfW,tyseley_efw,Birmingham,52.46,-1.82,Solihull,52.41163408578606,-1.860827023,facility,52.46,-1.82,OpenAQ v3 locations,candidate_needs_review,Guild of Students,6230637,52.449449,-1.927605,7.385,pm1;pm25;relativehumidity;temperature;um003,AirGradient | University of Birmingham | United Kingdom | Europe/London,31,12,0,5,48,"Candidate only; compare against DEFRA/AURN, local context and source provenance before validation."
Tyseley EfW,tyseley_efw,Birmingham,52.46,-1.82,Solihull,52.41163408578606,-1.860827023,facility,52.46,-1.82,OpenAQ v3 locations,candidate_needs_review,West Gate,6051929,52.450876,-1.937146,8.002,pm1;pm25;relativehumidity;temperature;um003,AirGradient | AirGradient | United Kingdom | Europe/London,30,12,0,5,47,"Candidate only; compare against DEFRA/AURN, local context and source provenance before validation."
Tyseley EfW,tyseley_efw,Birmingham,52.46,-1.82,Solihull,52.41163408578606,-1.860827023,facility,52.46,-1.82,OpenAQ v3 locations,candidate_needs_review,Engineering/ Sports Pitches,6177435,52.448468,-1.933439,7.793,pm1;pm25;relativehumidity;temperature;um003,AirGradient | University of Birmingham | United Kingdom | Europe/London,30,12,0,5,47,"Candidate only; compare against DEFRA/AURN, local context and source provenance before validation."
Tyseley EfW,tyseley_efw,Birmingham,52.46,-1.82,Solihull,52.41163408578606,-1.860827023,facility,52.46,-1.82,OpenAQ v3 locations,candidate_needs_review,West Gate Bridge,6228171,52.450876,-1.937146,8.002,pm1;pm25;relativehumidity;temperature;um003,AirGradient | University of Birmingham | United Kingdom | Europe/London,30,12,0,5,47,"Candidate only; compare against DEFRA/AURN, local context and source provenance before validation."
Tyseley EfW,tyseley_efw,Birmingham,52.46,-1.82,Solihull,52.41163408578606,-1.860827023,facility,52.46,-1.82,OpenAQ v3 locations,candidate_needs_review,Leamington Spa Rugby Road - UKA00564,2534,52.29488399961476,-1.5429110003652504,26.284,no2;pm10;pm25,EEA | Unknown Governmental Organization | United Kingdom | Leamington Spa | Europe/London,0,34,0,5,39,"Candidate only; compare against DEFRA/AURN, local context and source provenance before validation."
Tyseley EfW,tyseley_efw,Birmingham,52.46,-1.82,Solihull,52.41163408578606,-1.860827023,facility,52.46,-1.82,OpenAQ v3 locations,candidate_needs_review,West Bromwich Kenrick Park - UKA00658,2659944,52.50833699931375,-1.986008000257209,12.46,no2,EEA | Unknown Governmental Organization | United Kingdom | Europe/London,22,10,0,5,37,"Candidate only; compare against DEFRA/AURN, local context and source provenance before validation."
Tyseley EfW,tyseley_efw,Birmingham,52.46,-1.82,Solihull,52.41163408578606,-1.860827023,facility,52.46,-1.82,OpenAQ v3 locations,candidate_needs_review,West Bromwich Kenrick Park - UKA00658,2659945,52.50833699931375,-1.986008000257209,12.46,no2,EEA | Unknown Governmental Organization | United Kingdom | Europe/London,22,10,0,5,37,"Candidate only; compare against DEFRA/AURN, local context and source provenance before validation."
Tyseley EfW,tyseley_efw,Birmingham,52.46,-1.82,Solihull,52.41163408578606,-1.860827023,facility,52.46,-1.82,OpenAQ v3 locations,candidate_needs_review,Walsall Woodlands - UKA00565,2450,52.605620999696036,-2.030522999963796,21.563,no2;o3,EEA | Unknown Governmental Organization | United Kingdom | Willenhall | Europe/London,6,16,0,5,27,"Candidate only; compare against DEFRA/AURN, local context and source provenance before validation."
Tyseley EfW,tyseley_efw,Birmingham,52.46,-1.82,Solihull,52.41163408578606,-1.860827023,facility,52.46,-1.82,OpenAQ v3 locations,candidate_needs_review,Wasteland,6127197,52.607037,-1.6793,18.918,pm1;pm25;relativehumidity;temperature;um003,AirGradient | AirGradient | United Kingdom | Europe/London,10,12,0,5,27,"Candidate only; compare against DEFRA/AURN, local context and source provenance before validation."
Tyseley EfW,tyseley_efw,Birmingham,52.46,-1.82,Solihull,52.41163408578606,-1.860827023,facility,52.46,-1.82,OpenAQ v3 locations,candidate_needs_review,Coventry Binley Road - UKA00634,2659918,52.407707999735656,-1.4900820001776627,23.11,no2,EEA | Unknown Governmental Organization | United Kingdom | Europe/London,3,10,0,5,18,"Candidate only; compare against DEFRA/AURN, local context and source provenance before validation."
