facility,facility_key,location,facility_lat,facility_lon,control_site,control_lat,control_lon,query_point_role,query_point_lat,query_point_lon,candidate_source,candidate_status,monitoring_site_name,openaq_location_id,monitoring_site_lat,monitoring_site_lon,distance_query_to_monitor_km,pollutants,monitoring_provider_text,distance_score,pollutant_score,official_hint_score,source_score,relevance_score,review_note,source_layer,facility_name,control_name,query_role,query_method,coordinate_source,candidate_location_id,candidate_location_name,candidate_latitude,candidate_longitude,provider,all_parameters,distance_to_facility_km,distance_to_query_km,score,candidate_class,review_status
Allerton Waste Recovery Park,allerton_waste_recovery_park,North Yorkshire,53.97,-1.5,Knaresborough,53.91714985298881,-1.544899424,control,53.91714985298881,-1.544899424,OpenAQ v3 locations,candidate_needs_review,Leeds Headingley Kerbside - UKA00527,1396,53.819971999290644,-1.5763609997630645,11.001,no2;pm10;pm25,EEA | Unknown Governmental Organization | United Kingdom | Leeds | Europe/London,25,34,0,5,64,"Candidate only; compare against DEFRA/AURN, local context and source provenance before validation.",v2_cache,,,,,,,,,,,,,,,,
Allington Quarry Waste Management Facility,allington_quarry_waste_management_facility,Kent,51.23,0.5,Aylesford,51.17164159983072,0.4584710510889741,facility,51.23,0.5,OpenAQ v3 locations,candidate_needs_review,West Farleigh,3123123,51.23649525729965,0.4518779047706621,3.427,pm1;pm10;pm25;relativehumidity;temperature;um003,AirGradient | Tim | United Kingdom | Europe/London,38,24,0,5,67,"Candidate only; compare against DEFRA/AURN, local context and source provenance before validation.",v2_cache,,,,,,,,,,,,,,,,
Ardley ERF,ardley_erf,Oxfordshire,51.9,-1.28,Bicester,51.84701494968608,-1.327628875,control,51.84701494968608,-1.327628875,OpenAQ v3 locations,candidate_needs_review,Oxford St Ebbes,2469,51.744806000000004,-1.260278,12.273,no2;o3;pm10;pm25,DEFRA | Unknown Governmental Organization | United Kingdom | Oxford | Europe/London,22,35,15,5,77,"Candidate only; compare against DEFRA/AURN, local context and source provenance before validation.",v2_cache,,,,,,,,,,,,,,,,
Beddington ERF,beddington_erf,"Sutton, London",51.36,-0.17,Ewell,51.31350876,-0.224624622,facility,51.36,-0.17,OpenAQ v3 locations,candidate_needs_review,Robin Hood Health Centre,223803,51.362842,-0.196908,1.895,no;no2;nox;pm25,london stationary | Unknown Research Organization | United Kingdom | Europe/London,41,35,0,5,81,"Candidate only; compare against DEFRA/AURN, local context and source provenance before validation.",v2_cache,,,,,,,,,,,,,,,,
Bolton WtE,bolton_wte,Greater Manchester,53.58,-2.43,Horwich,53.5303755682824,-2.474737575,control,53.5303755682824,-2.474737575,OpenAQ v3 locations,candidate_needs_review,Salford Eccles,718,53.48481,-2.334139,10.589,no2;o3;pm10;pm25,DEFRA | Unknown Governmental Organization | United Kingdom | Manchester | Europe/London,25,35,15,5,80,"Candidate only; compare against DEFRA/AURN, local context and source provenance before validation.",v2_cache,,,,,,,,,,,,,,,,
Chineham EfW,chineham_efw,Hampshire,51.28,-1.08,Oakley,51.23854307327007,-1.129830699,facility,51.28,-1.08,OpenAQ v3 locations,candidate_needs_review,Sherborne St John,5981280,51.2963503,-1.1093352,2.733,pm1;pm25;relativehumidity;temperature;um003,AirGradient | AirGradient | United Kingdom | Europe/London,40,12,0,5,57,"Candidate only; compare against DEFRA/AURN, local context and source provenance before validation.",v2_cache,,,,,,,,,,,,,,,,
,,,,,,,,,,,,,,,,,,,,,,,,,,openaq_live_v3_1,Allerton Waste Recovery Park,Knaresborough,facility,coordinates_lat_lon_radius_capped,lat_lon_columns,1396,Leeds Headingley Kerbside - UKA00527,53.819971999290644,-1.5763609997630645,70 EEA 4 Unknown Governmental Organization,no2 µg/m³;pm10 µg/m³;pm25 µg/m³,17.417,17.417,30,manual_review_low_confidence,below_threshold
,,,,,,,,,,,,,,,,,,,,,,,,,,openaq_live_v3_1,Allerton Waste Recovery Park,Knaresborough,facility,coordinates_lat_lon_radius_capped,lat_lon_columns,2523,Leeds Centre - UKA00222,53.80377999962352,-1.54647200030493,70 EEA 4 Unknown Governmental Organization,co µg/m³;no2 µg/m³;o3 µg/m³;pm10 µg/m³;pm25 µg/m³;so2 µg/m³,18.732,18.732,30,manual_review_low_confidence,below_threshold
,,,,,,,,,,,,,,,,,,,,,,,,,,openaq_live_v3_1,Allerton Waste Recovery Park,Knaresborough,facility,coordinates_lat_lon_radius_capped,lat_lon_columns,6247129,SL-AG-001(Bardsey),53.88994,-1.4395,66 AirGradient 12 AirGradient,pm1 µg/m³;pm25 µg/m³;relativehumidity %;temperature c;um003 particles/cm³,9.744,9.744,13,manual_review_low_confidence,below_threshold
,,,,,,,,,,,,,,,,,,,,,,,,,,openaq_live_v3_1,Allerton Waste Recovery Park,Knaresborough,facility,coordinates_lat_lon_radius_capped,lat_lon_columns,6254734,Dean House,53.7843,-1.646,66 AirGradient 12 AirGradient,pm1 µg/m³;pm25 µg/m³;relativehumidity %;temperature c;um003 particles/cm³,22.759,22.759,-4,manual_review_low_confidence,below_threshold
,,,,,,,,,,,,,,,,,,,,,,,,,,openaq_live_v3_1,Allerton Waste Recovery Park,Knaresborough,facility,bbox_25km_lonlat,lat_lon_columns,2301,Bradford Mayo Avenue,53.771245,-1.759774,169 DEFRA 4 Unknown Governmental Organization,no2 µg/m³,27.902,27.902,12,manual_review_low_confidence,below_threshold
,,,,,,,,,,,,,,,,,,,,,,,,,,openaq_live_v3_1,Allerton Waste Recovery Park,Knaresborough,control,coordinates_lat_lon_radius_capped,lat_lon_columns,1396,Leeds Headingley Kerbside - UKA00527,53.819971999290644,-1.5763609997630645,70 EEA 4 Unknown Governmental Organization,no2 µg/m³;pm10 µg/m³;pm25 µg/m³,17.417,11.001,42,manual_review_low_confidence,candidate_needs_review
,,,,,,,,,,,,,,,,,,,,,,,,,,openaq_live_v3_1,Allerton Waste Recovery Park,Knaresborough,control,coordinates_lat_lon_radius_capped,lat_lon_columns,2301,Bradford Mayo Avenue,53.771245,-1.759774,169 DEFRA 4 Unknown Governmental Organization,no2 µg/m³,27.902,21.492,33,manual_review_low_confidence,below_threshold
,,,,,,,,,,,,,,,,,,,,,,,,,,openaq_live_v3_1,Allerton Waste Recovery Park,Knaresborough,control,coordinates_lat_lon_radius_capped,lat_lon_columns,2523,Leeds Centre - UKA00222,53.80377999962352,-1.54647200030493,70 EEA 4 Unknown Governmental Organization,co µg/m³;no2 µg/m³;o3 µg/m³;pm10 µg/m³;pm25 µg/m³;so2 µg/m³,18.732,12.607,42,manual_review_low_confidence,candidate_needs_review
,,,,,,,,,,,,,,,,,,,,,,,,,,openaq_live_v3_1,Allerton Waste Recovery Park,Knaresborough,control,coordinates_lat_lon_radius_capped,lat_lon_columns,6247129,SL-AG-001(Bardsey),53.88994,-1.4395,66 AirGradient 12 AirGradient,pm1 µg/m³;pm25 µg/m³;relativehumidity %;temperature c;um003 particles/cm³,9.744,7.539,16,manual_review_low_confidence,below_threshold
,,,,,,,,,,,,,,,,,,,,,,,,,,openaq_live_v3_1,Allerton Waste Recovery Park,Knaresborough,control,coordinates_lat_lon_radius_capped,lat_lon_columns,6254734,Dean House,53.7843,-1.646,66 AirGradient 12 AirGradient,pm1 µg/m³;pm25 µg/m³;relativehumidity %;temperature c;um003 particles/cm³,22.759,16.192,-1,manual_review_low_confidence,below_threshold
,,,,,,,,,,,,,,,,,,,,,,,,,,openaq_live_v3_1,Allerton Waste Recovery Park,Knaresborough,control,bbox_25km_lonlat,lat_lon_columns,2659924,Dewsbury Ashworth Grove - UKA00654,53.69310399964839,-1.6371110000712645,70 EEA 4 Unknown Governmental Organization,no2 µg/m³,32.077,25.638,15,manual_review_low_confidence,below_threshold
,,,,,,,,,,,,,,,,,,,,,,,,,,openaq_live_v3_1,Allington Quarry Waste Management Facility,Aylesford,facility,coordinates_lat_lon_radius_capped,lat_lon_columns,2560,Chatham Roadside - UKA00553,51.374263999538954,0.5479700002695834,70 EEA 4 Unknown Governmental Organization,no2 µg/m³;pm10 µg/m³;pm25 µg/m³,16.384,16.384,30,manual_review_low_confidence,below_threshold
,,,,,,,,,,,,,,,,,,,,,,,,,,openaq_live_v3_1,Allington Quarry Waste Management Facility,Aylesford,facility,coordinates_lat_lon_radius_capped,lat_lon_columns,225781,Sevenoaks - Greatness Park,51.289391,0.201437,205 London Air Quality Network 4 Unknown Governmental Organization,no2 µg/m³;o3 µg/m³;pm10 µg/m³,21.800,21.800,30,manual_review_low_confidence,below_threshold
,,,,,,,,,,,,,,,,,,,,,,,,,,openaq_live_v3_1,Allington Quarry Waste Management Facility,Aylesford,facility,coordinates_lat_lon_radius_capped,lat_lon_columns,225795,Sevenoaks - Bat and Ball,51.2887681443168,0.193420906906318,205 London Air Quality Network 4 Unknown Governmental Organization,no2 µg/m³;pm10 µg/m³,22.312,22.312,30,manual_review_low_confidence,below_threshold
,,,,,,,,,,,,,,,,,,,,,,,,,,openaq_live_v3_1,Allington Quarry Waste Management Facility,Aylesford,facility,coordinates_lat_lon_radius_capped,lat_lon_columns,3123123,West Farleigh,51.23649525729965,0.4518779047706621,66 AirGradient 3272 Tim,pm1 µg/m³;pm10 µg/m³;pm25 µg/m³;relativehumidity %;temperature c;um003 particles/cm³,3.427,3.427,22,manual_review_low_confidence,below_threshold
,,,,,,,,,,,,,,,,,,,,,,,,,,openaq_live_v3_1,Allington Quarry Waste Management Facility,Aylesford,facility,coordinates_lat_lon_radius_capped,lat_lon_columns,5451896,Rochester ,51.372348,0.50601,66 AirGradient 12 AirGradient,pm1 µg/m³;pm25 µg/m³;relativehumidity %;temperature c;um003 particles/cm³,15.834,15.834,-4,manual_review_low_confidence,below_threshold
,,,,,,,,,,,,,,,,,,,,,,,,,,openaq_live_v3_1,Allington Quarry Waste Management Facility,Aylesford,facility,bbox_25km_lonlat,lat_lon_columns,225740,Dartford - St Clements 2,51.448823581151,0.279379130223739,205 London Air Quality Network 4 Unknown Governmental Organization,no2 ppb;no2 µg/m³;pm10 µg/m³,28.756,28.756,12,manual_review_low_confidence,below_threshold
,,,,,,,,,,,,,,,,,,,,,,,,,,openaq_live_v3_1,Allington Quarry Waste Management Facility,Aylesford,facility,bbox_25km_lonlat,lat_lon_columns,225746,Dartford Roadside 2 - Town Centre,51.4426702340503,0.216185856662181,205 London Air Quality Network 4 Unknown Governmental Organization,no2 µg/m³;pm10 µg/m³,30.789,30.789,12,manual_review_low_confidence,below_threshold
,,,,,,,,,,,,,,,,,,,,,,,,,,openaq_live_v3_1,Allington Quarry Waste Management Facility,Aylesford,facility,bbox_25km_lonlat,lat_lon_columns,1481124,Dartford - Bean Lane,51.4306174423102,0.280976036868921,205 London Air Quality Network 4 Unknown Governmental Organization,no2 µg/m³;pm10 µg/m³;pm25 µg/m³,27.004,27.004,12,manual_review_low_confidence,below_threshold
,,,,,,,,,,,,,,,,,,,,,,,,,,openaq_live_v3_1,Allington Quarry Waste Management Facility,Aylesford,facility,bbox_25km_lonlat,lat_lon_columns,4990521,Dartford - Town Centre,51.442557781389,0.215950164318913,205 London Air Quality Network 4 Unknown Governmental Organization,no2 µg/m³;pm10 µg/m³,30.790,30.790,12,manual_review_low_confidence,below_threshold
,,,,,,,,,,,,,,,,,,,,,,,,,,openaq_live_v3_1,Allington Quarry Waste Management Facility,Aylesford,control,coordinates_lat_lon_radius_capped,lat_lon_columns,2560,Chatham Roadside - UKA00553,51.374263999538954,0.5479700002695834,70 EEA 4 Unknown Governmental Organization,no2 µg/m³;pm10 µg/m³;pm25 µg/m³,16.384,23.375,33,manual_review_low_confidence,below_threshold
,,,,,,,,,,,,,,,,,,,,,,,,,,openaq_live_v3_1,Allington Quarry Waste Management Facility,Aylesford,control,coordinates_lat_lon_radius_capped,lat_lon_columns,225781,Sevenoaks - Greatness Park,51.289391,0.201437,205 London Air Quality Network 4 Unknown Governmental Organization,no2 µg/m³;o3 µg/m³;pm10 µg/m³,21.800,22.175,33,manual_review_low_confidence,below_threshold
,,,,,,,,,,,,,,,,,,,,,,,,,,openaq_live_v3_1,Allington Quarry Waste Management Facility,Aylesford,control,coordinates_lat_lon_radius_capped,lat_lon_columns,225795,Sevenoaks - Bat and Ball,51.2887681443168,0.193420906906318,205 London Air Quality Network 4 Unknown Governmental Organization,no2 µg/m³;pm10 µg/m³,22.312,22.588,33,manual_review_low_confidence,below_threshold
,,,,,,,,,,,,,,,,,,,,,,,,,,openaq_live_v3_1,Allington Quarry Waste Management Facility,Aylesford,control,coordinates_lat_lon_radius_capped,lat_lon_columns,3123123,West Farleigh,51.23649525729965,0.4518779047706621,66 AirGradient 3272 Tim,pm1 µg/m³;pm10 µg/m³;pm25 µg/m³;relativehumidity %;temperature c;um003 particles/cm³,3.427,7.226,16,manual_review_low_confidence,below_threshold
,,,,,,,,,,,,,,,,,,,,,,,,,,openaq_live_v3_1,Allington Quarry Waste Management Facility,Aylesford,control,coordinates_lat_lon_radius_capped,lat_lon_columns,5451896,Rochester ,51.372348,0.50601,66 AirGradient 12 AirGradient,pm1 µg/m³;pm25 µg/m³;relativehumidity %;temperature c;um003 particles/cm³,15.834,22.561,-1,manual_review_low_confidence,below_threshold
,,,,,,,,,,,,,,,,,,,,,,,,,,openaq_live_v3_1,Allington Quarry Waste Management Facility,Aylesford,control,bbox_25km_lonlat,lat_lon_columns,223715,Broomhill Road,51.379382,0.100759,137 london stationary 5 Unknown Research Organization,no µg/m³;no2 ppm;nox µg/m³,32.345,33.952,-7,manual_review_low_confidence,below_threshold
,,,,,,,,,,,,,,,,,,,,,,,,,,openaq_live_v3_1,Allington Quarry Waste Management Facility,Aylesford,control,bbox_25km_lonlat,lat_lon_columns,223779,Broomhill Road,51.379382,0.100759,137 london stationary 5 Unknown Research Organization,no µg/m³;no2 ppm;nox µg/m³,32.345,33.952,-7,manual_review_low_confidence,below_threshold
,,,,,,,,,,,,,,,,,,,,,,,,,,openaq_live_v3_1,Ardley ERF,Bicester,facility,coordinates_lat_lon_radius_capped,lat_lon_columns,2318,Oxford Centre Roadside,51.751745,-1.257463,169 DEFRA 4 Unknown Governmental Organization,no2 µg/m³,16.558,16.558,30,manual_review_low_confidence,below_threshold
,,,,,,,,,,,,,,,,,,,,,,,,,,openaq_live_v3_1,Ardley ERF,Bicester,facility,coordinates_lat_lon_radius_capped,lat_lon_columns,2469,Oxford St Ebbes,51.744806000000004,-1.260278,169 DEFRA 4 Unknown Governmental Organization,no2 µg/m³;o3 µg/m³;pm10 µg/m³;pm25 µg/m³,17.310,17.310,30,manual_review_low_confidence,below_threshold
,,,,,,,,,,,,,,,,,,,,,,,,,,openaq_live_v3_1,Ardley ERF,Bicester,facility,coordinates_lat_lon_radius_capped,lat_lon_columns,6142652,Woodlands Farm Cottages,51.88314,-0.961367,66 AirGradient 12 AirGradient,pm1 µg/m³;pm25 µg/m³;relativehumidity %;temperature c;um003 particles/cm³,21.946,21.946,-4,manual_review_low_confidence,below_threshold
,,,,,,,,,,,,,,,,,,,,,,,,,,openaq_live_v3_1,Ardley ERF,Bicester,facility,coordinates_lat_lon_radius_capped,lat_lon_columns,6292503,Minster Road,51.747227,-1.226541,66 AirGradient 12 AirGradient,pm1 µg/m³;pm25 µg/m³;relativehumidity %;temperature c;um003 particles/cm³,17.380,17.380,-4,manual_review_low_confidence,below_threshold
,,,,,,,,,,,,,,,,,,,,,,,,,,openaq_live_v3_1,Ardley ERF,Bicester,facility,coordinates_lat_lon_radius_capped,lat_lon_columns,6312233,Woodlands Farm,51.883026,-0.961313,66 AirGradient 12 AirGradient,pm1 µg/m³;pm25 µg/m³;relativehumidity %;temperature c;um003 particles/cm³,21.951,21.951,-4,manual_review_low_confidence,below_threshold
,,,,,,,,,,,,,,,,,,,,,,,,,,openaq_live_v3_1,Ardley ERF,Bicester,facility,bbox_25km_lonlat,lat_lon_columns,2939974,Kingston Bagpuize,51.68114870934652,-1.416891787834181,66 AirGradient 11509 Unknown Person,pm1 µg/m³;pm10 µg/m³;pm25 µg/m³;relativehumidity %;temperature c;um003 particles/cm³,26.093,26.093,-22,manual_review_low_confidence,below_threshold
,,,,,,,,,,,,,,,,,,,,,,,,,,openaq_live_v3_1,Ardley ERF,Bicester,control,coordinates_lat_lon_radius_capped,lat_lon_columns,2318,Oxford Centre Roadside,51.751745,-1.257463,169 DEFRA 4 Unknown Governmental Organization,no2 µg/m³,16.558,11.641,42,manual_review_low_confidence,candidate_needs_review
,,,,,,,,,,,,,,,,,,,,,,,,,,openaq_live_v3_1,Ardley ERF,Bicester,control,coordinates_lat_lon_radius_capped,lat_lon_columns,2469,Oxford St Ebbes,51.744806000000004,-1.260278,169 DEFRA 4 Unknown Governmental Organization,no2 µg/m³;o3 µg/m³;pm10 µg/m³;pm25 µg/m³,17.310,12.273,42,manual_review_low_confidence,candidate_needs_review
,,,,,,,,,,,,,,,,,,,,,,,,,,openaq_live_v3_1,Ardley ERF,Bicester,control,coordinates_lat_lon_radius_capped,lat_lon_columns,1737251,Steventon,51.625155494785815,-1.319656283047288,66 AirGradient 11509 Unknown Person,pm1 µg/m³;pm10 µg/m³;pm25 µg/m³;relativehumidity %;temperature c;um003 particles/cm³,30.683,24.676,-1,manual_review_low_confidence,below_threshold
,,,,,,,,,,,,,,,,,,,,,,,,,,openaq_live_v3_1,Ardley ERF,Bicester,control,coordinates_lat_lon_radius_capped,lat_lon_columns,2939974,Kingston Bagpuize,51.68114870934652,-1.416891787834181,66 AirGradient 11509 Unknown Person,pm1 µg/m³;pm10 µg/m³;pm25 µg/m³;relativehumidity %;temperature c;um003 particles/cm³,26.093,19.440,-1,manual_review_low_confidence,below_threshold
,,,,,,,,,,,,,,,,,,,,,,,,,,openaq_live_v3_1,Ardley ERF,Bicester,control,coordinates_lat_lon_radius_capped,lat_lon_columns,6292503,Minster Road,51.747227,-1.226541,66 AirGradient 12 AirGradient,pm1 µg/m³;pm25 µg/m³;relativehumidity %;temperature c;um003 particles/cm³,17.380,13.094,8,manual_review_low_confidence,below_threshold
,,,,,,,,,,,,,,,,,,,,,,,,,,openaq_live_v3_1,Beddington ERF,Ewell,facility,coordinates_lat_lon_radius_capped,lat_lon_columns,141,London Harlington - UKA00472,51.48878999962389,-0.44161399993549455,70 EEA 4 Unknown Governmental Organization,no2 µg/m³;o3 µg/m³;pm10 µg/m³;pm25 µg/m³,23.659,23.659,30,manual_review_low_confidence,below_threshold
,,,,,,,,,,,,,,,,,,,,,,,,,,openaq_live_v3_1,Beddington ERF,Ewell,facility,coordinates_lat_lon_radius_capped,lat_lon_columns,146,Southwark - A2 Old Kent Road,51.4804994936467,-0.0595528932573422,205 London Air Quality Network 4 Unknown Governmental Organization,no2 µg/m³;pm10 µg/m³;pm25 µg/m³,15.433,15.433,30,manual_review_low_confidence,below_threshold
,,,,,,,,,,,,,,,,,,,,,,,,,,openaq_live_v3_1,Beddington ERF,Ewell,facility,coordinates_lat_lon_radius_capped,lat_lon_columns,147,Greenwich - Eltham,51.45258,0.070766,205 London Air Quality Network 4 Unknown Governmental Organization,no2 µg/m³;o3 µg/m³;pm10 µg/m³;pm25 µg/m³,19.618,19.618,30,manual_review_low_confidence,below_threshold
,,,,,,,,,,,,,,,,,,,,,,,,,,openaq_live_v3_1,Beddington ERF,Ewell,facility,coordinates_lat_lon_radius_capped,lat_lon_columns,148,Camden - Bloomsbury,51.52228699999999,-0.125848,205 London Air Quality Network 4 Unknown Governmental Organization,no2 µg/m³;o3 µg/m³;pm10 µg/m³;pm25 µg/m³;so2 µg/m³,18.303,18.303,30,manual_review_low_confidence,below_threshold
,,,,,,,,,,,,,,,,,,,,,,,,,,openaq_live_v3_1,Beddington ERF,Ewell,facility,coordinates_lat_lon_radius_capped,lat_lon_columns,149,Ealing Horn Lane,51.51895,-0.265617,169 DEFRA 4 Unknown Governmental Organization,no2 µg/m³;pm10 µg/m³,18.876,18.876,30,manual_review_low_confidence,below_threshold
,,,,,,,,,,,,,,,,,,,,,,,,,,openaq_live_v3_1,Beddington ERF,Ewell,facility,coordinates_lat_lon_radius_capped,lat_lon_columns,151,Tower Hamlets - Mile End Road,51.5225294860844,-0.0421550991900347,205 London Air Quality Network 4 Unknown Governmental Organization,no2 µg/m³;pm25 µg/m³,20.128,20.128,30,manual_review_low_confidence,below_threshold
,,,,,,,,,,,,,,,,,,,,,,,,,,openaq_live_v3_1,Beddington ERF,Ewell,facility,coordinates_lat_lon_radius_capped,lat_lon_columns,152,Camden - Swiss Cottage,51.544219,-0.175284,205 London Air Quality Network 4 Unknown Governmental Organization,no2 µg/m³;pm10 µg/m³;pm25 µg/m³,20.488,20.488,30,manual_review_low_confidence,below_threshold
,,,,,,,,,,,,,,,,,,,,,,,,,,openaq_live_v3_1,Beddington ERF,Ewell,facility,coordinates_lat_lon_radius_capped,lat_lon_columns,154,Westminster - Marylebone Road,51.52254,-0.15459,205 London Air Quality Network 4 Unknown Governmental Organization,co µg/m³;no2 µg/m³;o3 µg/m³;pm10 µg/m³;pm25 µg/m³;so2 µg/m³,18.105,18.105,30,manual_review_low_confidence,below_threshold
,,,,,,,,,,,,,,,,,,,,,,,,,,openaq_live_v3_1,Beddington ERF,Ewell,facility,coordinates_lat_lon_radius_capped,lat_lon_columns,155,Kensington and Chelsea - North Ken,51.5210467476039,-0.213492139585065,205 London Air Quality Network 4 Unknown Governmental Organization,co µg/m³;no2 µg/m³;o3 µg/m³;pm10 µg/m³;pm25 µg/m³;so2 µg/m³,18.160,18.160,30,manual_review_low_confidence,below_threshold
,,,,,,,,,,,,,,,,,,,,,,,,,,openaq_live_v3_1,Beddington ERF,Ewell,facility,coordinates_lat_lon_radius_capped,lat_lon_columns,156,London Teddington,51.42099,-0.339647,169 DEFRA 4 Unknown Governmental Organization,no2 µg/m³;o3 µg/m³,13.585,13.585,39,manual_review_low_confidence,candidate_needs_review
,,,,,,,,,,,,,,,,,,,,,,,,,,openaq_live_v3_1,Beddington ERF,Ewell,facility,coordinates_lat_lon_radius_capped,lat_lon_columns,158,London Teddington Bushy Park - UKA00572,51.425285999344624,-0.3456059996846904,70 EEA 4 Unknown Governmental Organization,pm10 µg/m³;pm25 µg/m³,14.183,14.183,39,manual_review_low_confidence,candidate_needs_review
,,,,,,,,,,,,,,,,,,,,,,,,,,openaq_live_v3_1,Beddington ERF,Ewell,facility,coordinates_lat_lon_radius_capped,lat_lon_columns,159,London Westminster - UKA00435,51.4946699996591,-0.13193099964204494,70 EEA 4 Unknown Governmental Organization,no2 µg/m³;o3 µg/m³;pm25 µg/m³,15.205,15.205,30,manual_review_low_confidence,below_threshold
,,,,,,,,,,,,,,,,,,,,,,,,,,openaq_live_v3_1,Beddington ERF,Ewell,facility,coordinates_lat_lon_radius_capped,lat_lon_columns,2541,Reigate and Banstead - Horley,51.1658750886143,-0.167703256282678,205 London Air Quality Network 4 Unknown Governmental Organization,no2 µg/m³;pm10 µg/m³;pm25 µg/m³,21.586,21.586,30,manual_review_low_confidence,below_threshold
,,,,,,,,,,,,,,,,,,,,,,,,,,openaq_live_v3_1,Beddington ERF,Ewell,facility,coordinates_lat_lon_radius_capped,lat_lon_columns,61486,Google Street View Car,51.503634709156785,-0.15036661820359595,135 london mobile 5 Unknown Research Organization,co2 ppm;no ppm;no2 ppm;nox µg/m³;pm25 µg/m³,16.029,16.029,8,manual_review_low_confidence,below_threshold
,,,,,,,,,,,,,,,,,,,,,,,,,,openaq_live_v3_1,Beddington ERF,Ewell,facility,coordinates_lat_lon_radius_capped,lat_lon_columns,61487,Google Street View Car,51.50225232682155,-0.16491291569562416,135 london mobile 5 Unknown Research Organization,co2 ppm;no ppm;no2 ppm;nox µg/m³;pm25 µg/m³,15.822,15.822,8,manual_review_low_confidence,below_threshold
,,,,,,,,,,,,,,,,,,,,,,,,,,openaq_live_v3_1,Beddington ERF,Ewell,facility,coordinates_lat_lon_radius_capped,lat_lon_columns,223686,Brook Drive,51.493213,-0.101559,137 london stationary 5 Unknown Research Organization,no2 ppm,15.554,15.554,8,manual_review_low_confidence,below_threshold
,,,,,,,,,,,,,,,,,,,,,,,,,,openaq_live_v3_1,Beddington ERF,Ewell,facility,coordinates_lat_lon_radius_capped,lat_lon_columns,223687,Black Horse Court,51.496482,-0.088226,137 london stationary 5 Unknown Research Organization,no2 ppm;pm25 µg/m³,16.201,16.201,8,manual_review_low_confidence,below_threshold
,,,,,,,,,,,,,,,,,,,,,,,,,,openaq_live_v3_1,Beddington ERF,Ewell,facility,coordinates_lat_lon_radius_capped,lat_lon_columns,223689,Holloway Bus Garage,51.561917,-0.132947,137 london stationary 5 Unknown Research Organization,no µg/m³;no2 ppm;nox µg/m³;pm25 µg/m³,22.598,22.598,8,manual_review_low_confidence,below_threshold
,,,,,,,,,,,,,,,,,,,,,,,,,,openaq_live_v3_1,Beddington ERF,Ewell,facility,coordinates_lat_lon_radius_capped,lat_lon_columns,223690,Parkside,51.426126,-0.222013,137 london stationary 5 Unknown Research Organization,no µg/m³;no2 ppm;nox µg/m³;pm25 µg/m³,8.191,8.191,25,manual_review_low_confidence,below_threshold
,,,,,,,,,,,,,,,,,,,,,,,,,,openaq_live_v3_1,Beddington ERF,Ewell,facility,coordinates_lat_lon_radius_capped,lat_lon_columns,223691,West Smithsfield,51.518921,-0.100905,137 london stationary 5 Unknown Research Organization,no µg/m³;no2 ppm;nox µg/m³;pm25 µg/m³,18.309,18.309,8,manual_review_low_confidence,below_threshold
,,,,,,,,,,,,,,,,,,,,,,,,,,openaq_live_v3_1,Beddington ERF,Ewell,facility,coordinates_lat_lon_radius_capped,lat_lon_columns,223692,Brook Drive,51.493213,-0.101559,137 london stationary 5 Unknown Research Organization,no µg/m³;no2 ppm;nox µg/m³;pm25 µg/m³,15.554,15.554,8,manual_review_low_confidence,below_threshold
,,,,,,,,,,,,,,,,,,,,,,,,,,openaq_live_v3_1,Beddington ERF,Ewell,facility,coordinates_lat_lon_radius_capped,lat_lon_columns,223694,Cecilia Road,51.54989,-0.06836,137 london stationary 5 Unknown Research Organization,no µg/m³;no2 ppm;nox µg/m³;pm25 µg/m³,22.258,22.258,8,manual_review_low_confidence,below_threshold
,,,,,,,,,,,,,,,,,,,,,,,,,,openaq_live_v3_1,Beddington ERF,Ewell,facility,coordinates_lat_lon_radius_capped,lat_lon_columns,223696,St John's Upper Holloway CE Primary School,51.5625154,-0.132866,137 london stationary 5 Unknown Research Organization,no µg/m³;no2 ppm;nox µg/m³;pm25 µg/m³,22.665,22.665,8,manual_review_low_confidence,below_threshold
,,,,,,,,,,,,,,,,,,,,,,,,,,openaq_live_v3_1,Beddington ERF,Ewell,facility,coordinates_lat_lon_radius_capped,lat_lon_columns,223697,Commercial Street,51.518123,-0.074271,137 london stationary 5 Unknown Research Organization,no µg/m³;no2 ppm;nox µg/m³,18.793,18.793,8,manual_review_low_confidence,below_threshold
,,,,,,,,,,,,,,,,,,,,,,,,,,openaq_live_v3_1,Beddington ERF,Ewell,facility,coordinates_lat_lon_radius_capped,lat_lon_columns,223698,Charing Cross Hospital,51.487354,-0.221561,137 london stationary 5 Unknown Research Organization,no µg/m³;no2 ppm;nox µg/m³;pm25 µg/m³,14.605,14.605,17,manual_review_low_confidence,below_threshold
,,,,,,,,,,,,,,,,,,,,,,,,,,openaq_live_v3_1,Beddington ERF,Ewell,facility,coordinates_lat_lon_radius_capped,lat_lon_columns,223699,Stockwell Road,51.466706,-0.117473,137 london stationary 5 Unknown Research Organization,no µg/m³;no2 ppm;nox µg/m³;pm25 µg/m³,12.412,12.412,17,manual_review_low_confidence,below_threshold
,,,,,,,,,,,,,,,,,,,,,,,,,,openaq_live_v3_1,Beddington ERF,Ewell,facility,coordinates_lat_lon_radius_capped,lat_lon_columns,223700,Garrett Lane,51.440399,-0.186775,137 london stationary 5 Unknown Research Organization,no µg/m³,9.015,9.015,25,manual_review_low_confidence,below_threshold
,,,,,,,,,,,,,,,,,,,,,,,,,,openaq_live_v3_1,Beddington ERF,Ewell,facility,coordinates_lat_lon_radius_capped,lat_lon_columns,223702,Durham Street,51.485597,-0.11909,137 london stationary 5 Unknown Research Organization,no µg/m³;no2 ppm;nox µg/m³;pm25 µg/m³,14.405,14.405,17,manual_review_low_confidence,below_threshold
,,,,,,,,,,,,,,,,,,,,,,,,,,openaq_live_v3_1,Beddington ERF,Ewell,facility,coordinates_lat_lon_radius_capped,lat_lon_columns,223703,Caledonian Road,51.550067,-0.117987,137 london stationary 5 Unknown Research Organization,no µg/m³;no2 ppm;nox µg/m³;pm25 µg/m³,21.440,21.440,8,manual_review_low_confidence,below_threshold
,,,,,,,,,,,,,,,,,,,,,,,,,,openaq_live_v3_1,Beddington ERF,Ewell,facility,coordinates_lat_lon_radius_capped,lat_lon_columns,223704,Devas Street,51.523099,-0.012704,137 london stationary 5 Unknown Research Organization,no µg/m³;no2 ppm;nox µg/m³;pm25 µg/m³,21.160,21.160,8,manual_review_low_confidence,below_threshold
,,,,,,,,,,,,,,,,,,,,,,,,,,openaq_live_v3_1,Beddington ERF,Ewell,facility,coordinates_lat_lon_radius_capped,lat_lon_columns,223705,Churchill Gardens Road,51.486223,-0.14503,137 london stationary 5 Unknown Research Organization,no µg/m³;no2 ppm;nox µg/m³;pm25 µg/m³,14.142,14.142,17,manual_review_low_confidence,below_threshold
,,,,,,,,,,,,,,,,,,,,,,,,,,openaq_live_v3_1,Beddington ERF,Ewell,facility,coordinates_lat_lon_radius_capped,lat_lon_columns,223706,Clifford Street,51.51092,-0.141896,137 london stationary 5 Unknown Research Organization,no µg/m³;no2 ppm;nox µg/m³,16.894,16.894,8,manual_review_low_confidence,below_threshold
,,,,,,,,,,,,,,,,,,,,,,,,,,openaq_live_v3_1,Beddington ERF,Ewell,facility,coordinates_lat_lon_radius_capped,lat_lon_columns,223707,Hendon Way,51.571687,-0.210037,137 london stationary 5 Unknown Research Organization,no µg/m³;no2 ppm;nox µg/m³;pm25 µg/m³,23.701,23.701,8,manual_review_low_confidence,below_threshold
,,,,,,,,,,,,,,,,,,,,,,,,,,openaq_live_v3_1,Beddington ERF,Ewell,facility,coordinates_lat_lon_radius_capped,lat_lon_columns,223708,Glaisher Street,51.4831,-0.0188,137 london stationary 5 Unknown Research Organization,no2 ppm,17.242,17.242,8,manual_review_low_confidence,below_threshold
,,,,,,,,,,,,,,,,,,,,,,,,,,openaq_live_v3_1,Beddington ERF,Ewell,facility,coordinates_lat_lon_radius_capped,lat_lon_columns,223709,London Wall,51.516749,-0.085342,137 london stationary 5 Unknown Research Organization,no µg/m³;no2 ppm;nox µg/m³;pm25 µg/m³,18.391,18.391,8,manual_review_low_confidence,below_threshold
,,,,,,,,,,,,,,,,,,,,,,,,,,openaq_live_v3_1,Beddington ERF,Ewell,facility,coordinates_lat_lon_radius_capped,lat_lon_columns,223710,Savernake Road,51.5554849,-0.1523385,137 london stationary 5 Unknown Research Organization,no µg/m³;no2 ppm;nox µg/m³;pm25 µg/m³,21.771,21.771,8,manual_review_low_confidence,below_threshold
,,,,,,,,,,,,,,,,,,,,,,,,,,openaq_live_v3_1,Beddington ERF,Ewell,facility,coordinates_lat_lon_radius_capped,lat_lon_columns,223711,Fitzjohn Avenue,51.551247,-0.175939,137 london stationary 5 Unknown Research Organization,no2 ppm,21.270,21.270,8,manual_review_low_confidence,below_threshold
,,,,,,,,,,,,,,,,,,,,,,,,,,openaq_live_v3_1,Beddington ERF,Ewell,facility,coordinates_lat_lon_radius_capped,lat_lon_columns,223712,Holloway Road,51.555387,-0.116092,137 london stationary 5 Unknown Research Organization,no µg/m³;no2 ppm;nox µg/m³,22.045,22.045,8,manual_review_low_confidence,below_threshold
,,,,,,,,,,,,,,,,,,,,,,,,,,openaq_live_v3_1,Beddington ERF,Ewell,facility,coordinates_lat_lon_radius_capped,lat_lon_columns,223713,Morpeth Street,51.527588,-0.047295,137 london stationary 5 Unknown Research Organization,no µg/m³;no2 ppm;nox µg/m³;pm25 µg/m³,20.484,20.484,8,manual_review_low_confidence,below_threshold
,,,,,,,,,,,,,,,,,,,,,,,,,,openaq_live_v3_1,Beddington ERF,Ewell,facility,coordinates_lat_lon_radius_capped,lat_lon_columns,223714,Haimo Road,51.455253,0.040655,137 london stationary 5 Unknown Research Organization,no µg/m³;no2 ppm;nox µg/m³;pm25 µg/m³,18.046,18.046,8,manual_review_low_confidence,below_threshold
,,,,,,,,,,,,,,,,,,,,,,,,,,openaq_live_v3_1,Beddington ERF,Ewell,facility,coordinates_lat_lon_radius_capped,lat_lon_columns,223715,Broomhill Road,51.379382,0.100759,137 london stationary 5 Unknown Research Organization,no µg/m³;no2 ppm;nox µg/m³,18.919,18.919,8,manual_review_low_confidence,below_threshold
,,,,,,,,,,,,,,,,,,,,,,,,,,openaq_live_v3_1,Beddington ERF,Ewell,facility,coordinates_lat_lon_radius_capped,lat_lon_columns,223716,Woolwich Road,51.481228,0.126787,137 london stationary 5 Unknown Research Organization,no µg/m³;no2 ppm;nox µg/m³;pm25 µg/m³,24.601,24.601,8,manual_review_low_confidence,below_threshold
,,,,,,,,,,,,,,,,,,,,,,,,,,openaq_live_v3_1,Beddington ERF,Ewell,facility,coordinates_lat_lon_radius_capped,lat_lon_columns,223717,Dagnall Street,51.4738,-0.157493,137 london stationary 5 Unknown Research Organization,no µg/m³;no2 ppm;nox µg/m³;pm25 µg/m³,12.684,12.684,17,manual_review_low_confidence,below_threshold
,,,,,,,,,,,,,,,,,,,,,,,,,,openaq_live_v3_1,Beddington ERF,Ewell,facility,coordinates_lat_lon_radius_capped,lat_lon_columns,223718,Queen Margarets Grove,51.549215,-0.079761,137 london stationary 5 Unknown Research Organization,no µg/m³;no2 ppm;nox µg/m³;pm25 µg/m³,21.949,21.949,8,manual_review_low_confidence,below_threshold
,,,,,,,,,,,,,,,,,,,,,,,,,,openaq_live_v3_1,Beddington ERF,Ewell,facility,coordinates_lat_lon_radius_capped,lat_lon_columns,223719,Black Horse Court,51.496482,-0.088226,137 london stationary 5 Unknown Research Organization,no µg/m³,16.201,16.201,8,manual_review_low_confidence,below_threshold
,,,,,,,,,,,,,,,,,,,,,,,,,,openaq_live_v3_1,Beddington ERF,Ewell,facility,coordinates_lat_lon_radius_capped,lat_lon_columns,223720,Kensington Church Walk,51.501862,-0.19241,137 london stationary 5 Unknown Research Organization,no µg/m³;no2 ppm;nox µg/m³;pm25 µg/m³,15.851,15.851,8,manual_review_low_confidence,below_threshold
,,,,,,,,,,,,,,,,,,,,,,,,,,openaq_live_v3_1,Beddington ERF,Ewell,facility,coordinates_lat_lon_radius_capped,lat_lon_columns,223721,Hunslett Street,51.529308,-0.048721,137 london stationary 5 Unknown Research Organization,no µg/m³;no2 ppm;nox µg/m³;pm25 µg/m³,20.617,20.617,8,manual_review_low_confidence,below_threshold
,,,,,,,,,,,,,,,,,,,,,,,,,,openaq_live_v3_1,Beddington ERF,Ewell,facility,coordinates_lat_lon_radius_capped,lat_lon_columns,223722,High Road,51.39905,-0.075379,137 london stationary 5 Unknown Research Organization,no µg/m³;no2 ppm;nox µg/m³,7.873,7.873,25,manual_review_low_confidence,below_threshold
,,,,,,,,,,,,,,,,,,,,,,,,,,openaq_live_v3_1,Beddington ERF,Ewell,facility,coordinates_lat_lon_radius_capped,lat_lon_columns,223723,Albert Street,51.536271,-0.143525,137 london stationary 5 Unknown Research Organization,no µg/m³;no2 ppm;nox µg/m³;pm25 µg/m³,19.686,19.686,8,manual_review_low_confidence,below_threshold
,,,,,,,,,,,,,,,,,,,,,,,,,,openaq_live_v3_1,Beddington ERF,Ewell,facility,coordinates_lat_lon_radius_capped,lat_lon_columns,223724,Cannon Street,51.511403,-0.089336,137 london stationary 5 Unknown Research Organization,no µg/m³;no2 ppm;nox µg/m³;pm25 µg/m³,17.740,17.740,8,manual_review_low_confidence,below_threshold
,,,,,,,,,,,,,,,,,,,,,,,,,,openaq_live_v3_1,Beddington ERF,Ewell,facility,coordinates_lat_lon_radius_capped,lat_lon_columns,223725,Peckham Road,51.474326,-0.078151,137 london stationary 5 Unknown Research Organization,no µg/m³;no2 ppm;nox µg/m³;pm25 µg/m³,14.219,14.219,17,manual_review_low_confidence,below_threshold
,,,,,,,,,,,,,,,,,,,,,,,,,,openaq_live_v3_1,Beddington ERF,Ewell,facility,coordinates_lat_lon_radius_capped,lat_lon_columns,223726,King William Walk,51.481858,-0.008609,137 london stationary 5 Unknown Research Organization,no µg/m³;no2 ppm;nox µg/m³,17.574,17.574,8,manual_review_low_confidence,below_threshold
,,,,,,,,,,,,,,,,,,,,,,,,,,openaq_live_v3_1,Beddington ERF,Ewell,facility,coordinates_lat_lon_radius_capped,lat_lon_columns,223727,Ballance Road,51.5456,-0.03614,137 london stationary 5 Unknown Research Organization,no µg/m³;no2 ppm;nox µg/m³;pm25 µg/m³,22.626,22.626,8,manual_review_low_confidence,below_threshold
,,,,,,,,,,,,,,,,,,,,,,,,,,openaq_live_v3_1,Beddington ERF,Ewell,facility,coordinates_lat_lon_radius_capped,lat_lon_columns,223728,Haverstock Hill,51.549012,-0.162351,137 london stationary 5 Unknown Research Organization,no µg/m³;no2 ppm;nox µg/m³;pm25 µg/m³,21.024,21.024,8,manual_review_low_confidence,below_threshold
,,,,,,,,,,,,,,,,,,,,,,,,,,openaq_live_v3_1,Beddington ERF,Ewell,facility,coordinates_lat_lon_radius_capped,lat_lon_columns,223730,Ladbroke Grove,51.510768,-0.20529,137 london stationary 5 Unknown Research Organization,no µg/m³;no2 ppm;nox µg/m³;pm25 µg/m³,16.942,16.942,8,manual_review_low_confidence,below_threshold
,,,,,,,,,,,,,,,,,,,,,,,,,,openaq_live_v3_1,Beddington ERF,Ewell,facility,coordinates_lat_lon_radius_capped,lat_lon_columns,223731,Wyndham Road,51.50061,-0.320726,137 london stationary 5 Unknown Research Organization,no µg/m³;no2 ppm;nox µg/m³;pm25 µg/m³,18.805,18.805,8,manual_review_low_confidence,below_threshold
,,,,,,,,,,,,,,,,,,,,,,,,,,openaq_live_v3_1,Beddington ERF,Ewell,facility,coordinates_lat_lon_radius_capped,lat_lon_columns,223732,Richmond Road,51.54337,-0.057899,137 london stationary 5 Unknown Research Organization,no2 ppm,21.819,21.819,8,manual_review_low_confidence,below_threshold
,,,,,,,,,,,,,,,,,,,,,,,,,,openaq_live_v3_1,Beddington ERF,Ewell,facility,coordinates_lat_lon_radius_capped,lat_lon_columns,223733,Whitehall,51.504566,-0.126167,137 london stationary 5 Unknown Research Organization,no µg/m³;no2 ppm;nox µg/m³;pm25 µg/m³,16.360,16.360,8,manual_review_low_confidence,below_threshold
,,,,,,,,,,,,,,,,,,,,,,,,,,openaq_live_v3_1,Beddington ERF,Ewell,facility,coordinates_lat_lon_radius_capped,lat_lon_columns,223734,High Road,51.551997,-0.299651,137 london stationary 5 Unknown Research Organization,no µg/m³;no2 ppm;nox µg/m³,23.162,23.162,8,manual_review_low_confidence,below_threshold
,,,,,,,,,,,,,,,,,,,,,,,,,,openaq_live_v3_1,Beddington ERF,Ewell,facility,coordinates_lat_lon_radius_capped,lat_lon_columns,223735,National Physical Laboratory,51.42661,-0.345043,137 london stationary 5 Unknown Research Organization,no µg/m³;no2 ppm;nox µg/m³,14.225,14.225,17,manual_review_low_confidence,below_threshold
,,,,,,,,,,,,,,,,,,,,,,,,,,openaq_live_v3_1,Beddington ERF,Ewell,facility,coordinates_lat_lon_radius_capped,lat_lon_columns,223737,Commercial Street,51.518123,-0.074271,137 london stationary 5 Unknown Research Organization,pm25 µg/m³,18.793,18.793,8,manual_review_low_confidence,below_threshold
,,,,,,,,,,,,,,,,,,,,,,,,,,openaq_live_v3_1,Beddington ERF,Ewell,facility,coordinates_lat_lon_radius_capped,lat_lon_columns,223738,Columbia Road,51.528491,-0.074268,137 london stationary 5 Unknown Research Organization,no µg/m³;no2 ppm;nox µg/m³;pm25 µg/m³,19.875,19.875,8,manual_review_low_confidence,below_threshold
,,,,,,,,,,,,,,,,,,,,,,,,,,openaq_live_v3_1,Beddington ERF,Ewell,facility,coordinates_lat_lon_radius_capped,lat_lon_columns,223739,Edgware Road,51.51419,-0.161979,137 london stationary 5 Unknown Research Organization,no µg/m³;no2 ppm;nox µg/m³;pm25 µg/m³,17.154,17.154,8,manual_review_low_confidence,below_threshold
,,,,,,,,,,,,,,,,,,,,,,,,,,openaq_live_v3_1,Beddington ERF,Ewell,facility,coordinates_lat_lon_radius_capped,lat_lon_columns,223740,Shaftsbury Avenue,51.51207,-0.131959,137 london stationary 5 Unknown Research Organization,no µg/m³;no2 ppm;nox µg/m³;pm25 µg/m³,17.114,17.114,8,manual_review_low_confidence,below_threshold
,,,,,,,,,,,,,,,,,,,,,,,,,,openaq_live_v3_1,Beddington ERF,Ewell,facility,coordinates_lat_lon_radius_capped,lat_lon_columns,223741,Park Lane,51.507988,-0.153446,137 london stationary 5 Unknown Research Organization,no µg/m³;no2 ppm;nox µg/m³;pm25 µg/m³,16.496,16.496,8,manual_review_low_confidence,below_threshold
,,,,,,,,,,,,,,,,,,,,,,,,,,openaq_live_v3_1,Beddington ERF,Ewell,facility,coordinates_lat_lon_radius_capped,lat_lon_columns,223742,Farringdon Street,51.514743,-0.104526,137 london stationary 5 Unknown Research Organization,no µg/m³,17.795,17.795,8,manual_review_low_confidence,below_threshold
,,,,,,,,,,,,,,,,,,,,,,,,,,openaq_live_v3_1,Beddington ERF,Ewell,facility,coordinates_lat_lon_radius_capped,lat_lon_columns,223744,St James,51.474143,-0.038547,137 london stationary 5 Unknown Research Organization,no µg/m³;no2 ppm;nox µg/m³;pm25 µg/m³,15.627,15.627,8,manual_review_low_confidence,below_threshold
,,,,,,,,,,,,,,,,,,,,,,,,,,openaq_live_v3_1,Beddington ERF,Ewell,facility,coordinates_lat_lon_radius_capped,lat_lon_columns,223746,Devonshire Street,51.488199,-0.255688,137 london stationary 5 Unknown Research Organization,no µg/m³;no2 ppm;nox µg/m³;pm25 µg/m³,15.444,15.444,8,manual_review_low_confidence,below_threshold
,,,,,,,,,,,,,,,,,,,,,,,,,,openaq_live_v3_1,Beddington ERF,Ewell,facility,coordinates_lat_lon_radius_capped,lat_lon_columns,223747,Crowthorne Road,51.516554,-0.218503,137 london stationary 5 Unknown Research Organization,no µg/m³;no2 ppm;nox µg/m³;pm25 µg/m³,17.730,17.730,8,manual_review_low_confidence,below_threshold
,,,,,,,,,,,,,,,,,,,,,,,,,,openaq_live_v3_1,Beddington ERF,Ewell,facility,coordinates_lat_lon_radius_capped,lat_lon_columns,223748,Cadogan Gardens,51.493217,-0.158772,137 london stationary 5 Unknown Research Organization,no µg/m³;no2 ppm;nox µg/m³;pm25 µg/m³,14.834,14.834,17,manual_review_low_confidence,below_threshold
,,,,,,,,,,,,,,,,,,,,,,,,,,openaq_live_v3_1,Beddington ERF,Ewell,facility,coordinates_lat_lon_radius_capped,lat_lon_columns,223749,Beckenham Lane,51.4073728,0.0057789,137 london stationary 5 Unknown Research Organization,no µg/m³;no2 ppm;nox µg/m³,13.287,13.287,17,manual_review_low_confidence,below_threshold
,,,,,,,,,,,,,,,,,,,,,,,,,,openaq_live_v3_1,Beddington ERF,Ewell,facility,coordinates_lat_lon_radius_capped,lat_lon_columns,223750,Geraldine Street,51.49562,-0.105412,137 london stationary 5 Unknown Research Organization,no µg/m³;no2 ppm;nox µg/m³;pm25 µg/m³,15.731,15.731,8,manual_review_low_confidence,below_threshold
,,,,,,,,,,,,,,,,,,,,,,,,,,openaq_live_v3_1,Beddington ERF,Ewell,facility,coordinates_lat_lon_radius_capped,lat_lon_columns,223751,Church Street,51.4813,-0.00986,137 london stationary 5 Unknown Research Organization,no µg/m³;no2 ppm;nox µg/m³,17.471,17.471,8,manual_review_low_confidence,below_threshold
,,,,,,,,,,,,,,,,,,,,,,,,,,openaq_live_v3_1,Beddington ERF,Ewell,facility,coordinates_lat_lon_radius_capped,lat_lon_columns,223754,Marylebone,51.52304,-0.174732,137 london stationary 5 Unknown Research Organization,no µg/m³;no2 ppm;nox µg/m³;pm25 µg/m³,18.132,18.132,8,manual_review_low_confidence,below_threshold
,,,,,,,,,,,,,,,,,,,,,,,,,,openaq_live_v3_1,Beddington ERF,Ewell,facility,coordinates_lat_lon_radius_capped,lat_lon_columns,223755,St Thomas's Hospital,51.499104,-0.11705,137 london stationary 5 Unknown Research Organization,no2 ppm;pm25 µg/m³,15.897,15.897,8,manual_review_low_confidence,below_threshold
,,,,,,,,,,,,,,,,,,,,,,,,,,openaq_live_v3_1,Beddington ERF,Ewell,facility,coordinates_lat_lon_radius_capped,lat_lon_columns,223756,Blackfriars Road,51.505529,-0.104345,137 london stationary 5 Unknown Research Organization,no µg/m³;no2 ppm;nox µg/m³,16.810,16.810,8,manual_review_low_confidence,below_threshold
,,,,,,,,,,,,,,,,,,,,,,,,,,openaq_live_v3_1,Beddington ERF,Ewell,facility,coordinates_lat_lon_radius_capped,lat_lon_columns,223757,Mansford Street,51.528757,-0.061823,137 london stationary 5 Unknown Research Organization,no µg/m³;no2 ppm;nox µg/m³;pm25 µg/m³,20.207,20.207,8,manual_review_low_confidence,below_threshold
,,,,,,,,,,,,,,,,,,,,,,,,,,openaq_live_v3_1,Beddington ERF,Ewell,facility,coordinates_lat_lon_radius_capped,lat_lon_columns,223760,Parkside,51.426126,-0.222013,137 london stationary 5 Unknown Research Organization,no µg/m³;no2 ppm;nox µg/m³,8.191,8.191,25,manual_review_low_confidence,below_threshold
,,,,,,,,,,,,,,,,,,,,,,,,,,openaq_live_v3_1,Beddington ERF,Ewell,facility,coordinates_lat_lon_radius_capped,lat_lon_columns,223761,Camberwell Road,51.475739,-0.093557,137 london stationary 5 Unknown Research Organization,no µg/m³;no2 ppm;nox µg/m³;pm25 µg/m³,13.919,13.919,17,manual_review_low_confidence,below_threshold
,,,,,,,,,,,,,,,,,,,,,,,,,,openaq_live_v3_1,Beddington ERF,Ewell,facility,coordinates_lat_lon_radius_capped,lat_lon_columns,223762,Blomfontein Road,51.514071,-0.235418,137 london stationary 5 Unknown Research Organization,no µg/m³;no2 ppm;nox µg/m³;pm25 µg/m³,17.722,17.722,8,manual_review_low_confidence,below_threshold
,,,,,,,,,,,,,,,,,,,,,,,,,,openaq_live_v3_1,Beddington ERF,Ewell,facility,coordinates_lat_lon_radius_capped,lat_lon_columns,223763,The Royal London Hospital,51.518778,-0.058917,137 london stationary 5 Unknown Research Organization,no µg/m³;no2 ppm;nox µg/m³;pm25 µg/m³,19.261,19.261,8,manual_review_low_confidence,below_threshold
,,,,,,,,,,,,,,,,,,,,,,,,,,openaq_live_v3_1,Beddington ERF,Ewell,facility,coordinates_lat_lon_radius_capped,lat_lon_columns,223764,Upper Richmond Road,51.465116,-0.254736,137 london stationary 5 Unknown Research Organization,no µg/m³;no2 ppm;nox µg/m³;pm25 µg/m³,13.083,13.083,17,manual_review_low_confidence,below_threshold
,,,,,,,,,,,,,,,,,,,,,,,,,,openaq_live_v3_1,Beddington ERF,Ewell,facility,coordinates_lat_lon_radius_capped,lat_lon_columns,223765,Woolwich Manor Way,51.515901,0.060587,137 london stationary 5 Unknown Research Organization,no µg/m³;no2 ppm;nox µg/m³,23.579,23.579,8,manual_review_low_confidence,below_threshold
,,,,,,,,,,,,,,,,,,,,,,,,,,openaq_live_v3_1,Beddington ERF,Ewell,facility,coordinates_lat_lon_radius_capped,lat_lon_columns,223766,Pemberton Gardens,51.562469,-0.132545,137 london stationary 5 Unknown Research Organization,no µg/m³;no2 ppm;nox µg/m³;pm25 µg/m³,22.663,22.663,8,manual_review_low_confidence,below_threshold
,,,,,,,,,,,,,,,,,,,,,,,,,,openaq_live_v3_1,Beddington ERF,Ewell,facility,coordinates_lat_lon_radius_capped,lat_lon_columns,223767,Bank Junction,51.513206,-0.088786,137 london stationary 5 Unknown Research Organization,no µg/m³;no2 ppm;nox µg/m³;pm25 µg/m³,17.942,17.942,8,manual_review_low_confidence,below_threshold
,,,,,,,,,,,,,,,,,,,,,,,,,,openaq_live_v3_1,Beddington ERF,Ewell,facility,coordinates_lat_lon_radius_capped,lat_lon_columns,223768,Whitecross,51.521451,-0.092771,137 london stationary 5 Unknown Research Organization,no µg/m³;no2 ppm;nox µg/m³;pm25 µg/m³,18.734,18.734,8,manual_review_low_confidence,below_threshold
,,,,,,,,,,,,,,,,,,,,,,,,,,openaq_live_v3_1,Beddington ERF,Ewell,facility,coordinates_lat_lon_radius_capped,lat_lon_columns,223769,Cornwall Road,51.506643,-0.112107,137 london stationary 5 Unknown Research Organization,no µg/m³;no2 ppm;nox µg/m³;pm25 µg/m³,16.793,16.793,8,manual_review_low_confidence,below_threshold
,,,,,,,,,,,,,,,,,,,,,,,,,,openaq_live_v3_1,Beddington ERF,Ewell,facility,coordinates_lat_lon_radius_capped,lat_lon_columns,223770,Roehampton Lane,51.455096,-0.243402,137 london stationary 5 Unknown Research Organization,no µg/m³;no2 ppm;nox µg/m³;pm25 µg/m³,11.736,11.736,17,manual_review_low_confidence,below_threshold
,,,,,,,,,,,,,,,,,,,,,,,,,,openaq_live_v3_1,Beddington ERF,Ewell,facility,coordinates_lat_lon_radius_capped,lat_lon_columns,223771,Holloway Road,51.555387,-0.116092,137 london stationary 5 Unknown Research Organization,no µg/m³;no2 ppm;nox µg/m³;pm25 µg/m³,22.045,22.045,8,manual_review_low_confidence,below_threshold
,,,,,,,,,,,,,,,,,,,,,,,,,,openaq_live_v3_1,Beddington ERF,Ewell,facility,coordinates_lat_lon_radius_capped,lat_lon_columns,223772,Drury Lane,51.513472,-0.119223,137 london stationary 5 Unknown Research Organization,no µg/m³;no2 ppm;nox µg/m³;pm25 µg/m³,17.425,17.425,8,manual_review_low_confidence,below_threshold
,,,,,,,,,,,,,,,,,,,,,,,,,,openaq_live_v3_1,Beddington ERF,Ewell,facility,coordinates_lat_lon_radius_capped,lat_lon_columns,223773,Pattison Road,51.560877,-0.195749,137 london stationary 5 Unknown Research Organization,no µg/m³;no2 ppm;nox µg/m³;pm25 µg/m³,22.408,22.408,8,manual_review_low_confidence,below_threshold
,,,,,,,,,,,,,,,,,,,,,,,,,,openaq_live_v3_1,Beddington ERF,Ewell,facility,coordinates_lat_lon_radius_capped,lat_lon_columns,223775,Laystall St,51.522514,-0.112014,137 london stationary 5 Unknown Research Organization,no µg/m³;no2 ppm;nox µg/m³;pm25 µg/m³,18.512,18.512,8,manual_review_low_confidence,below_threshold
,,,,,,,,,,,,,,,,,,,,,,,,,,openaq_live_v3_1,Beddington ERF,Ewell,facility,coordinates_lat_lon_radius_capped,lat_lon_columns,223776,Steerforth Street,51.438489,-0.187703,137 london stationary 5 Unknown Research Organization,no2 ppm,8.814,8.814,25,manual_review_low_confidence,below_threshold
,,,,,,,,,,,,,,,,,,,,,,,,,,openaq_live_v3_1,Beddington ERF,Ewell,facility,coordinates_lat_lon_radius_capped,lat_lon_columns,223777,Lollard Street,51.492714,-0.114098,137 london stationary 5 Unknown Research Organization,no µg/m³;no2 ppm;nox µg/m³;pm25 µg/m³,15.258,15.258,8,manual_review_low_confidence,below_threshold
,,,,,,,,,,,,,,,,,,,,,,,,,,openaq_live_v3_1,Beddington ERF,Ewell,facility,coordinates_lat_lon_radius_capped,lat_lon_columns,223778,Farringdon Street,51.514743,-0.104526,137 london stationary 5 Unknown Research Organization,no2 ppm;pm25 µg/m³,17.795,17.795,8,manual_review_low_confidence,below_threshold
,,,,,,,,,,,,,,,,,,,,,,,,,,openaq_live_v3_1,Beddington ERF,Ewell,facility,coordinates_lat_lon_radius_capped,lat_lon_columns,223779,Broomhill Road,51.379382,0.100759,137 london stationary 5 Unknown Research Organization,no µg/m³;no2 ppm;nox µg/m³,18.919,18.919,8,manual_review_low_confidence,below_threshold
,,,,,,,,,,,,,,,,,,,,,,,,,,openaq_live_v3_1,Beddington ERF,Ewell,facility,coordinates_lat_lon_radius_capped,lat_lon_columns,223780,Monnery Road,51.560567,-0.135615,137 london stationary 5 Unknown Research Organization,no µg/m³;no2 ppm;nox µg/m³;pm25 µg/m³,22.429,22.429,8,manual_review_low_confidence,below_threshold
,,,,,,,,,,,,,,,,,,,,,,,,,,openaq_live_v3_1,Beddington ERF,Ewell,facility,coordinates_lat_lon_radius_capped,lat_lon_columns,223782,Wandsworth Road,51.475735,-0.131209,137 london stationary 5 Unknown Research Organization,no µg/m³;no2 ppm;nox µg/m³;pm25 µg/m³,13.147,13.147,17,manual_review_low_confidence,below_threshold
,,,,,,,,,,,,,,,,,,,,,,,,,,openaq_live_v3_1,Beddington ERF,Ewell,facility,coordinates_lat_lon_radius_capped,lat_lon_columns,223784,Kew Road,51.46394,-0.301597,137 london stationary 5 Unknown Research Organization,no µg/m³;no2 ppm;nox µg/m³;pm25 µg/m³,14.727,14.727,17,manual_review_low_confidence,below_threshold
,,,,,,,,,,,,,,,,,,,,,,,,,,openaq_live_v3_1,Beddington ERF,Ewell,facility,coordinates_lat_lon_radius_capped,lat_lon_columns,223785,Lancell Street,51.5618,-0.07587,137 london stationary 5 Unknown Research Organization,no µg/m³;no2 ppm;nox µg/m³;pm25 µg/m³,23.368,23.368,8,manual_review_low_confidence,below_threshold
,,,,,,,,,,,,,,,,,,,,,,,,,,openaq_live_v3_1,Beddington ERF,Ewell,facility,coordinates_lat_lon_radius_10000,lat_lon_columns,223794,Garrett Lane,51.440399,-0.186775,137 london stationary 5 Unknown Research Organization,no µg/m³;no2 ppm;nox µg/m³;pm25 µg/m³,9.015,9.015,25,manual_review_low_confidence,below_threshold
,,,,,,,,,,,,,,,,,,,,,,,,,,openaq_live_v3_1,Beddington ERF,Ewell,facility,coordinates_lat_lon_radius_10000,lat_lon_columns,223803,Robin Hood Health Centre,51.362842,-0.196908,137 london stationary 5 Unknown Research Organization,no µg/m³;no2 ppm;nox µg/m³;pm25 µg/m³,1.895,1.895,40,manual_review_low_confidence,candidate_needs_review
,,,,,,,,,,,,,,,,,,,,,,,,,,openaq_live_v3_1,Beddington ERF,Ewell,facility,coordinates_lat_lon_radius_10000,lat_lon_columns,225709,Croydon - Norbury,51.411349,-0.12311,205 London Air Quality Network 4 Unknown Governmental Organization,no2 ppb;no2 µg/m³,6.572,6.572,47,manual_review_low_confidence,candidate_needs_review
,,,,,,,,,,,,,,,,,,,,,,,,,,openaq_live_v3_1,Beddington ERF,Ewell,facility,coordinates_lat_lon_radius_10000,lat_lon_columns,225734,Croydon - Purley Way A23,51.3622305655403,-0.117604507351392,205 London Air Quality Network 4 Unknown Governmental Organization,no2 ppb;no2 µg/m³,3.646,3.646,56,plausible_candidate_needs_review,candidate_needs_review
,,,,,,,,,,,,,,,,,,,,,,,,,,openaq_live_v3_1,Beddington ERF,Ewell,facility,coordinates_lat_lon_radius_10000,lat_lon_columns,225764,Kingston Upon Thames - Tolworth Broadway,51.379312,-0.281259,205 London Air Quality Network 4 Unknown Governmental Organization,no2 µg/m³;pm10 µg/m³;pm25 µg/m³,8.016,8.016,47,manual_review_low_confidence,candidate_needs_review
,,,,,,,,,,,,,,,,,,,,,,,,,,openaq_live_v3_1,Beddington ERF,Ewell,facility,coordinates_lat_lon_radius_10000,lat_lon_columns,225773,Merton - Merton Road,51.4161384794862,-0.192230805042824,205 London Air Quality Network 4 Unknown Governmental Organization,no2 ppb;no2 µg/m³;pm10 µg/m³;pm25 µg/m³,6.430,6.430,47,manual_review_low_confidence,candidate_needs_review
,,,,,,,,,,,,,,,,,,,,,,,,,,openaq_live_v3_1,Beddington ERF,Ewell,facility,coordinates_lat_lon_radius_10000,lat_lon_columns,225775,Merton - Morden Civic Centre 2,51.40162,-0.19589212,205 London Air Quality Network 4 Unknown Governmental Organization,no2 ppb;no2 µg/m³,4.965,4.965,56,plausible_candidate_needs_review,candidate_needs_review
,,,,,,,,,,,,,,,,,,,,,,,,,,openaq_live_v3_1,Beddington ERF,Ewell,facility,coordinates_lat_lon_radius_10000,lat_lon_columns,225785,Reigate and Banstead - A23 Hooley,51.2924706381269,-0.154121454400678,205 London Air Quality Network 4 Unknown Governmental Organization,no2 µg/m³,7.590,7.590,47,manual_review_low_confidence,candidate_needs_review
,,,,,,,,,,,,,,,,,,,,,,,,,,openaq_live_v3_1,Beddington ERF,Ewell,facility,coordinates_lat_lon_radius_10000,lat_lon_columns,225786,Lambeth - Streatham Green,51.4282131429499,-0.13186863879576,205 London Air Quality Network 4 Unknown Governmental Organization,no2 ppb;no2 µg/m³;pm10 µg/m³,8.033,8.033,47,manual_review_low_confidence,candidate_needs_review
,,,,,,,,,,,,,,,,,,,,,,,,,,openaq_live_v3_1,Beddington ERF,Ewell,facility,coordinates_lat_lon_radius_10000,lat_lon_columns,225792,Sutton - Beddington Village,51.3712010773161,-0.131948824988095,205 London Air Quality Network 4 Unknown Governmental Organization,no2 µg/m³;pm10 µg/m³,2.921,2.921,62,plausible_candidate_needs_review,candidate_needs_review
,,,,,,,,,,,,,,,,,,,,,,,,,,openaq_live_v3_1,Beddington ERF,Ewell,facility,coordinates_lat_lon_radius_10000,lat_lon_columns,225824,Croydon - Norbury Manor,51.410039,-0.127523,205 London Air Quality Network 4 Unknown Governmental Organization,pm25 µg/m³,6.297,6.297,47,manual_review_low_confidence,candidate_needs_review
,,,,,,,,,,,,,,,,,,,,,,,,,,openaq_live_v3_1,Beddington ERF,Ewell,facility,coordinates_lat_lon_radius_10000,lat_lon_columns,225832,Sutton - Beddington Lane north,51.38928690450499,-0.141661524779893,205 London Air Quality Network 4 Unknown Governmental Organization,no2 µg/m³;pm10 µg/m³;pm25 µg/m³,3.805,3.805,56,plausible_candidate_needs_review,candidate_needs_review
,,,,,,,,,,,,,,,,,,,,,,,,,,openaq_live_v3_1,Beddington ERF,Ewell,facility,coordinates_lat_lon_radius_10000,lat_lon_columns,225837,Sutton - Worcester Park,51.377923,-0.240414,205 London Air Quality Network 4 Unknown Governmental Organization,no2 µg/m³;pm10 µg/m³,5.279,5.279,47,manual_review_low_confidence,candidate_needs_review
,,,,,,,,,,,,,,,,,,,,,,,,,,openaq_live_v3_1,Beddington ERF,Ewell,facility,coordinates_lat_lon_radius_10000,lat_lon_columns,225845,Sutton - Wallington,51.3586596124998,-0.149723946604927,205 London Air Quality Network 4 Unknown Governmental Organization,no2 µg/m³;pm10 µg/m³,1.416,1.416,62,plausible_candidate_needs_review,candidate_needs_review
,,,,,,,,,,,,,,,,,,,,,,,,,,openaq_live_v3_1,Beddington ERF,Ewell,facility,coordinates_lat_lon_radius_10000,lat_lon_columns,225850,Wandsworth - Tooting High Street,51.429331,-0.166524,205 London Air Quality Network 4 Unknown Governmental Organization,no2 ppb;no2 µg/m³;pm10 µg/m³;pm25 µg/m³,7.713,7.713,47,manual_review_low_confidence,candidate_needs_review
,,,,,,,,,,,,,,,,,,,,,,,,,,openaq_live_v3_1,Beddington ERF,Ewell,facility,coordinates_lat_lon_radius_10000,lat_lon_columns,3039088,Farthing downs,51.3082,-0.1365,66 AirGradient 11134 Nabu Casa UK,pm1 µg/m³;pm10 µg/m³;pm25 µg/m³;relativehumidity %;temperature c;um003 particles/cm³,6.212,6.212,13,manual_review_low_confidence,below_threshold
,,,,,,,,,,,,,,,,,,,,,,,,,,openaq_live_v3_1,Beddington ERF,Ewell,facility,coordinates_lat_lon_radius_10000,lat_lon_columns,3308933,Mitcham Road,51.42551,-0.16475,166 Clarity 9 Clarity,pm25 µg/m³,7.293,7.293,25,manual_review_low_confidence,below_threshold
,,,,,,,,,,,,,,,,,,,,,,,,,,openaq_live_v3_1,Beddington ERF,Ewell,facility,coordinates_lat_lon_radius_10000,lat_lon_columns,3308934,Bellevue Road / Trinity Road,51.44393,-0.168,166 Clarity 9 Clarity,pm25 µg/m³,9.334,9.334,25,manual_review_low_confidence,below_threshold
,,,,,,,,,,,,,,,,,,,,,,,,,,openaq_live_v3_1,Beddington ERF,Ewell,facility,coordinates_lat_lon_radius_10000,lat_lon_columns,3400943,Sutton  Surrey,51.38162747101285,-0.19682565875279487,66 AirGradient 11361 R,pm1 µg/m³;pm25 µg/m³;relativehumidity %;temperature c;um003 particles/cm³,3.042,3.042,22,manual_review_low_confidence,below_threshold
,,,,,,,,,,,,,,,,,,,,,,,,,,openaq_live_v3_1,Beddington ERF,Ewell,facility,coordinates_lat_lon_radius_10000,lat_lon_columns,3907049,Merton - Plough Lane Wimbledon,51.4304273690564,-0.185811823620255,205 London Air Quality Network 4 Unknown Governmental Organization,pm10 µg/m³;pm25 µg/m³,7.908,7.908,47,manual_review_low_confidence,candidate_needs_review
,,,,,,,,,,,,,,,,,,,,,,,,,,openaq_live_v3_1,Beddington ERF,Ewell,facility,coordinates_lat_lon_radius_10000,lat_lon_columns,4010224,Merton - Mitcham,51.4055473441872,-0.164596893540707,205 London Air Quality Network 4 Unknown Governmental Organization,no2 µg/m³;pm25 µg/m³,5.079,5.079,47,manual_review_low_confidence,candidate_needs_review
,,,,,,,,,,,,,,,,,,,,,,,,,,openaq_live_v3_1,Beddington ERF,Ewell,facility,coordinates_lat_lon_radius_10000,lat_lon_columns,4059746,Surbiton,51.38332914888817,-0.29379390511882864,66 AirGradient 16760 jroncero,pm1 µg/m³;pm25 µg/m³;relativehumidity %;temperature c;um003 particles/cm³,8.976,8.976,13,manual_review_low_confidence,below_threshold
,,,,,,,,,,,,,,,,,,,,,,,,,,openaq_live_v3_1,Beddington ERF,Ewell,facility,coordinates_lat_lon_radius_10000,lat_lon_columns,5200392,Surbiton,51.396764,-0.286408,66 AirGradient 16932 CleanAirSurb,pm1 µg/m³;pm25 µg/m³;relativehumidity %;temperature c;um003 particles/cm³,9.055,9.055,13,manual_review_low_confidence,below_threshold
,,,,,,,,,,,,,,,,,,,,,,,,,,openaq_live_v3_1,Beddington ERF,Ewell,facility,coordinates_lat_lon_radius_10000,lat_lon_columns,5428436,Queens Road,51.425235505607105,-0.19021833682509298,66 AirGradient 12 AirGradient,pm1 µg/m³;pm25 µg/m³;relativehumidity %;temperature c;um003 particles/cm³,7.388,7.388,13,manual_review_low_confidence,below_threshold
,,,,,,,,,,,,,,,,,,,,,,,,,,openaq_live_v3_1,Beddington ERF,Ewell,facility,bbox_25km_lonlat,lat_lon_columns,150,London Haringey Priory Park South - UKA00568,51.58412799971813,-0.1252540000016108,70 EEA 4 Unknown Governmental Organization,no2 µg/m³;o3 µg/m³;pm10 µg/m³;pm25 µg/m³,25.114,25.114,12,manual_review_low_confidence,below_threshold
,,,,,,,,,,,,,,,,,,,,,,,,,,openaq_live_v3_1,Beddington ERF,Ewell,facility,bbox_25km_lonlat,lat_lon_columns,153,London Hillingdon - UKA00266,51.49632999971629,-0.4608609995824734,70 EEA 4 Unknown Governmental Organization,no2 µg/m³;o3 µg/m³;pm10 µg/m³;pm25 µg/m³,25.228,25.228,12,manual_review_low_confidence,below_threshold
,,,,,,,,,,,,,,,,,,,,,,,,,,openaq_live_v3_1,Beddington ERF,Ewell,facility,bbox_25km_lonlat,lat_lon_columns,157,Bexley - Slade Green,51.4659832746662,0.184877126994369,205 London Air Quality Network 4 Unknown Governmental Organization,no2 µg/m³;o3 µg/m³;pm10 µg/m³;pm25 µg/m³;so2 µg/m³,27.288,27.288,12,manual_review_low_confidence,below_threshold
,,,,,,,,,,,,,,,,,,,,,,,,,,openaq_live_v3_1,Beddington ERF,Ewell,facility,bbox_25km_lonlat,lat_lon_columns,223688,Greenhill Way,51.58092,-0.341502,137 london stationary 5 Unknown Research Organization,no µg/m³;no2 ppm;nox µg/m³,27.287,27.287,-10,manual_review_low_confidence,below_threshold
,,,,,,,,,,,,,,,,,,,,,,,,,,openaq_live_v3_1,Beddington ERF,Ewell,facility,bbox_25km_lonlat,lat_lon_columns,223701,High Street,51.574253,-0.41358,137 london stationary 5 Unknown Research Organization,no µg/m³;no2 ppm;nox µg/m³,29.194,29.194,-10,manual_review_low_confidence,below_threshold
,,,,,,,,,,,,,,,,,,,,,,,,,,openaq_live_v3_1,Beddington ERF,Ewell,facility,bbox_25km_lonlat,lat_lon_columns,223736,Romford Road,51.554615,0.058982,137 london stationary 5 Unknown Research Organization,no µg/m³,26.833,26.833,-10,manual_review_low_confidence,below_threshold
,,,,,,,,,,,,,,,,,,,,,,,,,,openaq_live_v3_1,Beddington ERF,Ewell,facility,bbox_25km_lonlat,lat_lon_columns,223752,Station Parade,51.539063,0.080874,137 london stationary 5 Unknown Research Organization,no µg/m³;no2 ppm;nox µg/m³;pm25 µg/m³,26.432,26.432,-10,manual_review_low_confidence,below_threshold
,,,,,,,,,,,,,,,,,,,,,,,,,,openaq_live_v3_1,Beddington ERF,Ewell,facility,bbox_25km_lonlat,lat_lon_columns,223753,Whipps Cross University Hospital,51.577305,0.00283,137 london stationary 5 Unknown Research Organization,no2 ppm;pm25 µg/m³,26.966,26.966,-10,manual_review_low_confidence,below_threshold
,,,,,,,,,,,,,,,,,,,,,,,,,,openaq_live_v3_1,Beddington ERF,Ewell,facility,bbox_25km_lonlat,lat_lon_columns,223774,Wood Lane,51.561372,0.148582,137 london stationary 5 Unknown Research Organization,no µg/m³;no2 ppm;nox µg/m³;pm25 µg/m³,31.441,31.441,-10,manual_review_low_confidence,below_threshold
,,,,,,,,,,,,,,,,,,,,,,,,,,openaq_live_v3_1,Beddington ERF,Ewell,control,coordinates_lat_lon_radius_capped,lat_lon_columns,141,London Harlington - UKA00472,51.48878999962389,-0.44161399993549455,70 EEA 4 Unknown Governmental Organization,no2 µg/m³;o3 µg/m³;pm10 µg/m³;pm25 µg/m³,23.659,24.626,33,manual_review_low_confidence,below_threshold
,,,,,,,,,,,,,,,,,,,,,,,,,,openaq_live_v3_1,Beddington ERF,Ewell,control,coordinates_lat_lon_radius_capped,lat_lon_columns,146,Southwark - A2 Old Kent Road,51.4804994936467,-0.0595528932573422,205 London Air Quality Network 4 Unknown Governmental Organization,no2 µg/m³;pm10 µg/m³;pm25 µg/m³,15.433,21.816,33,manual_review_low_confidence,below_threshold
,,,,,,,,,,,,,,,,,,,,,,,,,,openaq_live_v3_1,Beddington ERF,Ewell,control,coordinates_lat_lon_radius_capped,lat_lon_columns,148,Camden - Bloomsbury,51.52228699999999,-0.125848,205 London Air Quality Network 4 Unknown Governmental Organization,no2 µg/m³;o3 µg/m³;pm10 µg/m³;pm25 µg/m³;so2 µg/m³,18.303,24.205,33,manual_review_low_confidence,below_threshold
,,,,,,,,,,,,,,,,,,,,,,,,,,openaq_live_v3_1,Beddington ERF,Ewell,control,coordinates_lat_lon_radius_capped,lat_lon_columns,149,Ealing Horn Lane,51.51895,-0.265617,169 DEFRA 4 Unknown Governmental Organization,no2 µg/m³;pm10 µg/m³,18.876,23.020,33,manual_review_low_confidence,below_threshold
,,,,,,,,,,,,,,,,,,,,,,,,,,openaq_live_v3_1,Beddington ERF,Ewell,control,coordinates_lat_lon_radius_capped,lat_lon_columns,154,Westminster - Marylebone Road,51.52254,-0.15459,205 London Air Quality Network 4 Unknown Governmental Organization,co µg/m³;no2 µg/m³;o3 µg/m³;pm10 µg/m³;pm25 µg/m³;so2 µg/m³,18.105,23.745,33,manual_review_low_confidence,below_threshold
,,,,,,,,,,,,,,,,,,,,,,,,,,openaq_live_v3_1,Beddington ERF,Ewell,control,coordinates_lat_lon_radius_capped,lat_lon_columns,155,Kensington and Chelsea - North Ken,51.5210467476039,-0.213492139585065,205 London Air Quality Network 4 Unknown Governmental Organization,co µg/m³;no2 µg/m³;o3 µg/m³;pm10 µg/m³;pm25 µg/m³;so2 µg/m³,18.160,23.090,33,manual_review_low_confidence,below_threshold
,,,,,,,,,,,,,,,,,,,,,,,,,,openaq_live_v3_1,Beddington ERF,Ewell,control,coordinates_lat_lon_radius_capped,lat_lon_columns,156,London Teddington,51.42099,-0.339647,169 DEFRA 4 Unknown Governmental Organization,no2 µg/m³;o3 µg/m³,13.585,14.373,42,manual_review_low_confidence,candidate_needs_review
,,,,,,,,,,,,,,,,,,,,,,,,,,openaq_live_v3_1,Beddington ERF,Ewell,control,coordinates_lat_lon_radius_capped,lat_lon_columns,158,London Teddington Bushy Park - UKA00572,51.425285999344624,-0.3456059996846904,70 EEA 4 Unknown Governmental Organization,pm10 µg/m³;pm25 µg/m³,14.183,15.000,33,manual_review_low_confidence,below_threshold
,,,,,,,,,,,,,,,,,,,,,,,,,,openaq_live_v3_1,Beddington ERF,Ewell,control,coordinates_lat_lon_radius_capped,lat_lon_columns,159,London Westminster - UKA00435,51.4946699996591,-0.13193099964204494,70 EEA 4 Unknown Governmental Organization,no2 µg/m³;o3 µg/m³;pm25 µg/m³,15.205,21.146,33,manual_review_low_confidence,below_threshold
,,,,,,,,,,,,,,,,,,,,,,,,,,openaq_live_v3_1,Beddington ERF,Ewell,control,coordinates_lat_lon_radius_capped,lat_lon_columns,2541,Reigate and Banstead - Horley,51.1658750886143,-0.167703256282678,205 London Air Quality Network 4 Unknown Governmental Organization,no2 µg/m³;pm10 µg/m³;pm25 µg/m³,21.586,16.888,33,manual_review_low_confidence,below_threshold
,,,,,,,,,,,,,,,,,,,,,,,,,,openaq_live_v3_1,Beddington ERF,Ewell,control,coordinates_lat_lon_radius_capped,lat_lon_columns,61486,Google Street View Car,51.503634709156785,-0.15036661820359595,135 london mobile 5 Unknown Research Organization,co2 ppm;no ppm;no2 ppm;nox µg/m³;pm25 µg/m³,16.029,21.759,11,manual_review_low_confidence,below_threshold
,,,,,,,,,,,,,,,,,,,,,,,,,,openaq_live_v3_1,Beddington ERF,Ewell,control,coordinates_lat_lon_radius_capped,lat_lon_columns,61487,Google Street View Car,51.50225232682155,-0.16491291569562416,135 london mobile 5 Unknown Research Organization,co2 ppm;no ppm;no2 ppm;nox µg/m³;pm25 µg/m³,15.822,21.392,11,manual_review_low_confidence,below_threshold
,,,,,,,,,,,,,,,,,,,,,,,,,,openaq_live_v3_1,Beddington ERF,Ewell,control,coordinates_lat_lon_radius_capped,lat_lon_columns,223686,Brook Drive,51.493213,-0.101559,137 london stationary 5 Unknown Research Organization,no2 ppm,15.554,21.729,11,manual_review_low_confidence,below_threshold
,,,,,,,,,,,,,,,,,,,,,,,,,,openaq_live_v3_1,Beddington ERF,Ewell,control,coordinates_lat_lon_radius_capped,lat_lon_columns,223687,Black Horse Court,51.496482,-0.088226,137 london stationary 5 Unknown Research Organization,no2 ppm;pm25 µg/m³,16.201,22.438,11,manual_review_low_confidence,below_threshold
,,,,,,,,,,,,,,,,,,,,,,,,,,openaq_live_v3_1,Beddington ERF,Ewell,control,coordinates_lat_lon_radius_capped,lat_lon_columns,223690,Parkside,51.426126,-0.222013,137 london stationary 5 Unknown Research Organization,no µg/m³;no2 ppm;nox µg/m³;pm25 µg/m³,8.191,12.524,20,manual_review_low_confidence,below_threshold
,,,,,,,,,,,,,,,,,,,,,,,,,,openaq_live_v3_1,Beddington ERF,Ewell,control,coordinates_lat_lon_radius_capped,lat_lon_columns,223691,West Smithsfield,51.518921,-0.100905,137 london stationary 5 Unknown Research Organization,no µg/m³;no2 ppm;nox µg/m³;pm25 µg/m³,18.309,24.399,11,manual_review_low_confidence,below_threshold
,,,,,,,,,,,,,,,,,,,,,,,,,,openaq_live_v3_1,Beddington ERF,Ewell,control,coordinates_lat_lon_radius_capped,lat_lon_columns,223692,Brook Drive,51.493213,-0.101559,137 london stationary 5 Unknown Research Organization,no µg/m³;no2 ppm;nox µg/m³;pm25 µg/m³,15.554,21.729,11,manual_review_low_confidence,below_threshold
,,,,,,,,,,,,,,,,,,,,,,,,,,openaq_live_v3_1,Beddington ERF,Ewell,control,coordinates_lat_lon_radius_capped,lat_lon_columns,223698,Charing Cross Hospital,51.487354,-0.221561,137 london stationary 5 Unknown Research Organization,no µg/m³;no2 ppm;nox µg/m³;pm25 µg/m³,14.605,19.332,11,manual_review_low_confidence,below_threshold
,,,,,,,,,,,,,,,,,,,,,,,,,,openaq_live_v3_1,Beddington ERF,Ewell,control,coordinates_lat_lon_radius_capped,lat_lon_columns,223699,Stockwell Road,51.466706,-0.117473,137 london stationary 5 Unknown Research Organization,no µg/m³;no2 ppm;nox µg/m³;pm25 µg/m³,12.412,18.587,11,manual_review_low_confidence,below_threshold
,,,,,,,,,,,,,,,,,,,,,,,,,,openaq_live_v3_1,Beddington ERF,Ewell,control,coordinates_lat_lon_radius_capped,lat_lon_columns,223700,Garrett Lane,51.440399,-0.186775,137 london stationary 5 Unknown Research Organization,no µg/m³,9.015,14.352,20,manual_review_low_confidence,below_threshold
,,,,,,,,,,,,,,,,,,,,,,,,,,openaq_live_v3_1,Beddington ERF,Ewell,control,coordinates_lat_lon_radius_capped,lat_lon_columns,223702,Durham Street,51.485597,-0.11909,137 london stationary 5 Unknown Research Organization,no µg/m³;no2 ppm;nox µg/m³;pm25 µg/m³,14.405,20.488,11,manual_review_low_confidence,below_threshold
,,,,,,,,,,,,,,,,,,,,,,,,,,openaq_live_v3_1,Beddington ERF,Ewell,control,coordinates_lat_lon_radius_capped,lat_lon_columns,223705,Churchill Gardens Road,51.486223,-0.14503,137 london stationary 5 Unknown Research Organization,no µg/m³;no2 ppm;nox µg/m³;pm25 µg/m³,14.142,19.983,11,manual_review_low_confidence,below_threshold
,,,,,,,,,,,,,,,,,,,,,,,,,,openaq_live_v3_1,Beddington ERF,Ewell,control,coordinates_lat_lon_radius_capped,lat_lon_columns,223706,Clifford Street,51.51092,-0.141896,137 london stationary 5 Unknown Research Organization,no µg/m³;no2 ppm;nox µg/m³,16.894,22.689,11,manual_review_low_confidence,below_threshold
,,,,,,,,,,,,,,,,,,,,,,,,,,openaq_live_v3_1,Beddington ERF,Ewell,control,coordinates_lat_lon_radius_capped,lat_lon_columns,223708,Glaisher Street,51.4831,-0.0188,137 london stationary 5 Unknown Research Organization,no2 ppm,17.242,23.654,11,manual_review_low_confidence,below_threshold
,,,,,,,,,,,,,,,,,,,,,,,,,,openaq_live_v3_1,Beddington ERF,Ewell,control,coordinates_lat_lon_radius_capped,lat_lon_columns,223709,London Wall,51.516749,-0.085342,137 london stationary 5 Unknown Research Organization,no µg/m³;no2 ppm;nox µg/m³;pm25 µg/m³,18.391,24.577,11,manual_review_low_confidence,below_threshold
,,,,,,,,,,,,,,,,,,,,,,,,,,openaq_live_v3_1,Beddington ERF,Ewell,control,coordinates_lat_lon_radius_capped,lat_lon_columns,223714,Haimo Road,51.455253,0.040655,137 london stationary 5 Unknown Research Organization,no µg/m³;no2 ppm;nox µg/m³;pm25 µg/m³,18.046,24.235,11,manual_review_low_confidence,below_threshold
,,,,,,,,,,,,,,,,,,,,,,,,,,openaq_live_v3_1,Beddington ERF,Ewell,control,coordinates_lat_lon_radius_capped,lat_lon_columns,223715,Broomhill Road,51.379382,0.100759,137 london stationary 5 Unknown Research Organization,no µg/m³;no2 ppm;nox µg/m³,18.919,23.756,11,manual_review_low_confidence,below_threshold
,,,,,,,,,,,,,,,,,,,,,,,,,,openaq_live_v3_1,Beddington ERF,Ewell,control,coordinates_lat_lon_radius_capped,lat_lon_columns,223717,Dagnall Street,51.4738,-0.157493,137 london stationary 5 Unknown Research Organization,no µg/m³;no2 ppm;nox µg/m³;pm25 µg/m³,12.684,18.422,11,manual_review_low_confidence,below_threshold
,,,,,,,,,,,,,,,,,,,,,,,,,,openaq_live_v3_1,Beddington ERF,Ewell,control,coordinates_lat_lon_radius_capped,lat_lon_columns,223719,Black Horse Court,51.496482,-0.088226,137 london stationary 5 Unknown Research Organization,no µg/m³,16.201,22.438,11,manual_review_low_confidence,below_threshold
,,,,,,,,,,,,,,,,,,,,,,,,,,openaq_live_v3_1,Beddington ERF,Ewell,control,coordinates_lat_lon_radius_capped,lat_lon_columns,223720,Kensington Church Walk,51.501862,-0.19241,137 london stationary 5 Unknown Research Organization,no µg/m³;no2 ppm;nox µg/m³;pm25 µg/m³,15.851,21.063,11,manual_review_low_confidence,below_threshold
,,,,,,,,,,,,,,,,,,,,,,,,,,openaq_live_v3_1,Beddington ERF,Ewell,control,coordinates_lat_lon_radius_capped,lat_lon_columns,223722,High Road,51.39905,-0.075379,137 london stationary 5 Unknown Research Organization,no µg/m³;no2 ppm;nox µg/m³,7.873,14.067,20,manual_review_low_confidence,below_threshold
,,,,,,,,,,,,,,,,,,,,,,,,,,openaq_live_v3_1,Beddington ERF,Ewell,control,coordinates_lat_lon_radius_capped,lat_lon_columns,223724,Cannon Street,51.511403,-0.089336,137 london stationary 5 Unknown Research Organization,no µg/m³;no2 ppm;nox µg/m³;pm25 µg/m³,17.740,23.922,11,manual_review_low_confidence,below_threshold
,,,,,,,,,,,,,,,,,,,,,,,,,,openaq_live_v3_1,Beddington ERF,Ewell,control,coordinates_lat_lon_radius_capped,lat_lon_columns,223725,Peckham Road,51.474326,-0.078151,137 london stationary 5 Unknown Research Organization,no µg/m³;no2 ppm;nox µg/m³;pm25 µg/m³,14.219,20.568,11,manual_review_low_confidence,below_threshold
,,,,,,,,,,,,,,,,,,,,,,,,,,openaq_live_v3_1,Beddington ERF,Ewell,control,coordinates_lat_lon_radius_capped,lat_lon_columns,223726,King William Walk,51.481858,-0.008609,137 london stationary 5 Unknown Research Organization,no µg/m³;no2 ppm;nox µg/m³,17.574,23.979,11,manual_review_low_confidence,below_threshold
,,,,,,,,,,,,,,,,,,,,,,,,,,openaq_live_v3_1,Beddington ERF,Ewell,control,coordinates_lat_lon_radius_capped,lat_lon_columns,223730,Ladbroke Grove,51.510768,-0.20529,137 london stationary 5 Unknown Research Organization,no µg/m³;no2 ppm;nox µg/m³;pm25 µg/m³,16.942,21.975,11,manual_review_low_confidence,below_threshold
,,,,,,,,,,,,,,,,,,,,,,,,,,openaq_live_v3_1,Beddington ERF,Ewell,control,coordinates_lat_lon_radius_capped,lat_lon_columns,223731,Wyndham Road,51.50061,-0.320726,137 london stationary 5 Unknown Research Organization,no µg/m³;no2 ppm;nox µg/m³;pm25 µg/m³,18.805,21.846,11,manual_review_low_confidence,below_threshold
,,,,,,,,,,,,,,,,,,,,,,,,,,openaq_live_v3_1,Beddington ERF,Ewell,control,coordinates_lat_lon_radius_capped,lat_lon_columns,223733,Whitehall,51.504566,-0.126167,137 london stationary 5 Unknown Research Organization,no µg/m³;no2 ppm;nox µg/m³;pm25 µg/m³,16.360,22.315,11,manual_review_low_confidence,below_threshold
,,,,,,,,,,,,,,,,,,,,,,,,,,openaq_live_v3_1,Beddington ERF,Ewell,control,coordinates_lat_lon_radius_capped,lat_lon_columns,223735,National Physical Laboratory,51.42661,-0.345043,137 london stationary 5 Unknown Research Organization,no µg/m³;no2 ppm;nox µg/m³,14.225,15.101,11,manual_review_low_confidence,below_threshold
,,,,,,,,,,,,,,,,,,,,,,,,,,openaq_live_v3_1,Beddington ERF,Ewell,control,coordinates_lat_lon_radius_capped,lat_lon_columns,223739,Edgware Road,51.51419,-0.161979,137 london stationary 5 Unknown Research Organization,no µg/m³;no2 ppm;nox µg/m³;pm25 µg/m³,17.154,22.734,11,manual_review_low_confidence,below_threshold
,,,,,,,,,,,,,,,,,,,,,,,,,,openaq_live_v3_1,Beddington ERF,Ewell,control,coordinates_lat_lon_radius_capped,lat_lon_columns,223740,Shaftsbury Avenue,51.51207,-0.131959,137 london stationary 5 Unknown Research Organization,no µg/m³;no2 ppm;nox µg/m³;pm25 µg/m³,17.114,22.995,11,manual_review_low_confidence,below_threshold
,,,,,,,,,,,,,,,,,,,,,,,,,,openaq_live_v3_1,Beddington ERF,Ewell,control,coordinates_lat_lon_radius_capped,lat_lon_columns,223741,Park Lane,51.507988,-0.153446,137 london stationary 5 Unknown Research Organization,no µg/m³;no2 ppm;nox µg/m³;pm25 µg/m³,16.496,22.181,11,manual_review_low_confidence,below_threshold
,,,,,,,,,,,,,,,,,,,,,,,,,,openaq_live_v3_1,Beddington ERF,Ewell,control,coordinates_lat_lon_radius_capped,lat_lon_columns,223742,Farringdon Street,51.514743,-0.104526,137 london stationary 5 Unknown Research Organization,no µg/m³,17.795,23.876,11,manual_review_low_confidence,below_threshold
,,,,,,,,,,,,,,,,,,,,,,,,,,openaq_live_v3_1,Beddington ERF,Ewell,control,coordinates_lat_lon_radius_capped,lat_lon_columns,223744,St James,51.474143,-0.038547,137 london stationary 5 Unknown Research Organization,no µg/m³;no2 ppm;nox µg/m³;pm25 µg/m³,15.627,22.039,11,manual_review_low_confidence,below_threshold
,,,,,,,,,,,,,,,,,,,,,,,,,,openaq_live_v3_1,Beddington ERF,Ewell,control,coordinates_lat_lon_radius_capped,lat_lon_columns,223746,Devonshire Street,51.488199,-0.255688,137 london stationary 5 Unknown Research Organization,no µg/m³;no2 ppm;nox µg/m³;pm25 µg/m³,15.444,19.544,11,manual_review_low_confidence,below_threshold
,,,,,,,,,,,,,,,,,,,,,,,,,,openaq_live_v3_1,Beddington ERF,Ewell,control,coordinates_lat_lon_radius_capped,lat_lon_columns,223747,Crowthorne Road,51.516554,-0.218503,137 london stationary 5 Unknown Research Organization,no µg/m³;no2 ppm;nox µg/m³;pm25 µg/m³,17.730,22.582,11,manual_review_low_confidence,below_threshold
,,,,,,,,,,,,,,,,,,,,,,,,,,openaq_live_v3_1,Beddington ERF,Ewell,control,coordinates_lat_lon_radius_capped,lat_lon_columns,223748,Cadogan Gardens,51.493217,-0.158772,137 london stationary 5 Unknown Research Organization,no µg/m³;no2 ppm;nox µg/m³;pm25 µg/m³,14.834,20.498,11,manual_review_low_confidence,below_threshold
,,,,,,,,,,,,,,,,,,,,,,,,,,openaq_live_v3_1,Beddington ERF,Ewell,control,coordinates_lat_lon_radius_capped,lat_lon_columns,223749,Beckenham Lane,51.4073728,0.0057789,137 london stationary 5 Unknown Research Organization,no µg/m³;no2 ppm;nox µg/m³,13.287,19.101,11,manual_review_low_confidence,below_threshold
,,,,,,,,,,,,,,,,,,,,,,,,,,openaq_live_v3_1,Beddington ERF,Ewell,control,coordinates_lat_lon_radius_capped,lat_lon_columns,223750,Geraldine Street,51.49562,-0.105412,137 london stationary 5 Unknown Research Organization,no µg/m³;no2 ppm;nox µg/m³;pm25 µg/m³,15.731,21.873,11,manual_review_low_confidence,below_threshold
,,,,,,,,,,,,,,,,,,,,,,,,,,openaq_live_v3_1,Beddington ERF,Ewell,control,coordinates_lat_lon_radius_capped,lat_lon_columns,223751,Church Street,51.4813,-0.00986,137 london stationary 5 Unknown Research Organization,no µg/m³;no2 ppm;nox µg/m³,17.471,23.877,11,manual_review_low_confidence,below_threshold
,,,,,,,,,,,,,,,,,,,,,,,,,,openaq_live_v3_1,Beddington ERF,Ewell,control,coordinates_lat_lon_radius_capped,lat_lon_columns,223754,Marylebone,51.52304,-0.174732,137 london stationary 5 Unknown Research Organization,no µg/m³;no2 ppm;nox µg/m³;pm25 µg/m³,18.132,23.554,11,manual_review_low_confidence,below_threshold
,,,,,,,,,,,,,,,,,,,,,,,,,,openaq_live_v3_1,Beddington ERF,Ewell,control,coordinates_lat_lon_radius_capped,lat_lon_columns,223755,St Thomas's Hospital,51.499104,-0.11705,137 london stationary 5 Unknown Research Organization,no2 ppm;pm25 µg/m³,15.897,21.945,11,manual_review_low_confidence,below_threshold
,,,,,,,,,,,,,,,,,,,,,,,,,,openaq_live_v3_1,Beddington ERF,Ewell,control,coordinates_lat_lon_radius_capped,lat_lon_columns,223756,Blackfriars Road,51.505529,-0.104345,137 london stationary 5 Unknown Research Organization,no µg/m³;no2 ppm;nox µg/m³,16.810,22.924,11,manual_review_low_confidence,below_threshold
,,,,,,,,,,,,,,,,,,,,,,,,,,openaq_live_v3_1,Beddington ERF,Ewell,control,coordinates_lat_lon_radius_capped,lat_lon_columns,223760,Parkside,51.426126,-0.222013,137 london stationary 5 Unknown Research Organization,no µg/m³;no2 ppm;nox µg/m³,8.191,12.524,20,manual_review_low_confidence,below_threshold
,,,,,,,,,,,,,,,,,,,,,,,,,,openaq_live_v3_1,Beddington ERF,Ewell,control,coordinates_lat_lon_radius_capped,lat_lon_columns,223761,Camberwell Road,51.475739,-0.093557,137 london stationary 5 Unknown Research Organization,no µg/m³;no2 ppm;nox µg/m³;pm25 µg/m³,13.919,20.202,11,manual_review_low_confidence,below_threshold
,,,,,,,,,,,,,,,,,,,,,,,,,,openaq_live_v3_1,Beddington ERF,Ewell,control,coordinates_lat_lon_radius_capped,lat_lon_columns,223762,Blomfontein Road,51.514071,-0.235418,137 london stationary 5 Unknown Research Organization,no µg/m³;no2 ppm;nox µg/m³;pm25 µg/m³,17.722,22.314,11,manual_review_low_confidence,below_threshold
,,,,,,,,,,,,,,,,,,,,,,,,,,openaq_live_v3_1,Beddington ERF,Ewell,control,coordinates_lat_lon_radius_capped,lat_lon_columns,223764,Upper Richmond Road,51.465116,-0.254736,137 london stationary 5 Unknown Research Organization,no µg/m³;no2 ppm;nox µg/m³;pm25 µg/m³,13.083,16.987,11,manual_review_low_confidence,below_threshold
,,,,,,,,,,,,,,,,,,,,,,,,,,openaq_live_v3_1,Beddington ERF,Ewell,control,coordinates_lat_lon_radius_capped,lat_lon_columns,223767,Bank Junction,51.513206,-0.088786,137 london stationary 5 Unknown Research Organization,no µg/m³;no2 ppm;nox µg/m³;pm25 µg/m³,17.942,24.121,11,manual_review_low_confidence,below_threshold
,,,,,,,,,,,,,,,,,,,,,,,,,,openaq_live_v3_1,Beddington ERF,Ewell,control,coordinates_lat_lon_radius_capped,lat_lon_columns,223768,Whitecross,51.521451,-0.092771,137 london stationary 5 Unknown Research Organization,no µg/m³;no2 ppm;nox µg/m³;pm25 µg/m³,18.734,24.864,11,manual_review_low_confidence,below_threshold
,,,,,,,,,,,,,,,,,,,,,,,,,,openaq_live_v3_1,Beddington ERF,Ewell,control,coordinates_lat_lon_radius_capped,lat_lon_columns,223769,Cornwall Road,51.506643,-0.112107,137 london stationary 5 Unknown Research Organization,no µg/m³;no2 ppm;nox µg/m³;pm25 µg/m³,16.793,22.850,11,manual_review_low_confidence,below_threshold
,,,,,,,,,,,,,,,,,,,,,,,,,,openaq_live_v3_1,Beddington ERF,Ewell,control,coordinates_lat_lon_radius_capped,lat_lon_columns,223770,Roehampton Lane,51.455096,-0.243402,137 london stationary 5 Unknown Research Organization,no µg/m³;no2 ppm;nox µg/m³;pm25 µg/m³,11.736,15.798,11,manual_review_low_confidence,below_threshold
,,,,,,,,,,,,,,,,,,,,,,,,,,openaq_live_v3_1,Beddington ERF,Ewell,control,coordinates_lat_lon_radius_capped,lat_lon_columns,223772,Drury Lane,51.513472,-0.119223,137 london stationary 5 Unknown Research Organization,no µg/m³;no2 ppm;nox µg/m³;pm25 µg/m³,17.425,23.406,11,manual_review_low_confidence,below_threshold
,,,,,,,,,,,,,,,,,,,,,,,,,,openaq_live_v3_1,Beddington ERF,Ewell,control,coordinates_lat_lon_radius_capped,lat_lon_columns,223775,Laystall St,51.522514,-0.112014,137 london stationary 5 Unknown Research Organization,no µg/m³;no2 ppm;nox µg/m³;pm25 µg/m³,18.512,24.517,11,manual_review_low_confidence,below_threshold
,,,,,,,,,,,,,,,,,,,,,,,,,,openaq_live_v3_1,Beddington ERF,Ewell,control,coordinates_lat_lon_radius_capped,lat_lon_columns,223776,Steerforth Street,51.438489,-0.187703,137 london stationary 5 Unknown Research Organization,no2 ppm,8.814,14.131,20,manual_review_low_confidence,below_threshold
,,,,,,,,,,,,,,,,,,,,,,,,,,openaq_live_v3_1,Beddington ERF,Ewell,control,coordinates_lat_lon_radius_capped,lat_lon_columns,223777,Lollard Street,51.492714,-0.114098,137 london stationary 5 Unknown Research Organization,no µg/m³;no2 ppm;nox µg/m³;pm25 µg/m³,15.258,21.351,11,manual_review_low_confidence,below_threshold
,,,,,,,,,,,,,,,,,,,,,,,,,,openaq_live_v3_1,Beddington ERF,Ewell,control,coordinates_lat_lon_radius_capped,lat_lon_columns,223778,Farringdon Street,51.514743,-0.104526,137 london stationary 5 Unknown Research Organization,no2 ppm;pm25 µg/m³,17.795,23.876,11,manual_review_low_confidence,below_threshold
,,,,,,,,,,,,,,,,,,,,,,,,,,openaq_live_v3_1,Beddington ERF,Ewell,control,coordinates_lat_lon_radius_capped,lat_lon_columns,223779,Broomhill Road,51.379382,0.100759,137 london stationary 5 Unknown Research Organization,no µg/m³;no2 ppm;nox µg/m³,18.919,23.756,11,manual_review_low_confidence,below_threshold
,,,,,,,,,,,,,,,,,,,,,,,,,,openaq_live_v3_1,Beddington ERF,Ewell,control,coordinates_lat_lon_radius_capped,lat_lon_columns,223782,Wandsworth Road,51.475735,-0.131209,137 london stationary 5 Unknown Research Organization,no µg/m³;no2 ppm;nox µg/m³;pm25 µg/m³,13.147,19.168,11,manual_review_low_confidence,below_threshold
,,,,,,,,,,,,,,,,,,,,,,,,,,openaq_live_v3_1,Beddington ERF,Ewell,control,coordinates_lat_lon_radius_capped,lat_lon_columns,223784,Kew Road,51.46394,-0.301597,137 london stationary 5 Unknown Research Organization,no µg/m³;no2 ppm;nox µg/m³;pm25 µg/m³,14.727,17.559,11,manual_review_low_confidence,below_threshold
,,,,,,,,,,,,,,,,,,,,,,,,,,openaq_live_v3_1,Beddington ERF,Ewell,control,coordinates_lat_lon_radius_capped,lat_lon_columns,223786,Royal Marsden Hospital,51.49081,-0.173236,137 london stationary 5 Unknown Research Organization,no µg/m³;no2 ppm;nox µg/m³,14.547,20.035,11,manual_review_low_confidence,below_threshold
,,,,,,,,,,,,,,,,,,,,,,,,,,openaq_live_v3_1,Beddington ERF,Ewell,control,coordinates_lat_lon_radius_capped,lat_lon_columns,223787,Borough High Street,51.506131,-0.088654,137 london stationary 5 Unknown Research Organization,no µg/m³;no2 ppm;nox µg/m³;pm25 µg/m³,17.200,23.403,11,manual_review_low_confidence,below_threshold
,,,,,,,,,,,,,,,,,,,,,,,,,,openaq_live_v3_1,Beddington ERF,Ewell,control,coordinates_lat_lon_radius_capped,lat_lon_columns,223788,The Vale,51.506679,-0.262782,137 london stationary 5 Unknown Research Organization,no µg/m³;no2 ppm;nox µg/m³;pm25 µg/m³,17.532,21.642,11,manual_review_low_confidence,below_threshold
,,,,,,,,,,,,,,,,,,,,,,,,,,openaq_live_v3_1,Beddington ERF,Ewell,control,coordinates_lat_lon_radius_capped,lat_lon_columns,223789,St Anns Hill,51.456143,-0.18927,137 london stationary 5 Unknown Research Organization,no µg/m³;no2 ppm;nox µg/m³;pm25 µg/m³,10.774,16.049,11,manual_review_low_confidence,below_threshold
,,,,,,,,,,,,,,,,,,,,,,,,,,openaq_live_v3_1,Beddington ERF,Ewell,control,coordinates_lat_lon_radius_capped,lat_lon_columns,223792,Hanworth Road,51.468625,-0.35977,137 london stationary 5 Unknown Research Organization,no µg/m³;no2 ppm;nox µg/m³;pm25 µg/m³,17.863,19.632,11,manual_review_low_confidence,below_threshold
,,,,,,,,,,,,,,,,,,,,,,,,,,openaq_live_v3_1,Beddington ERF,Ewell,control,coordinates_lat_lon_radius_capped,lat_lon_columns,223794,Garrett Lane,51.440399,-0.186775,137 london stationary 5 Unknown Research Organization,no µg/m³;no2 ppm;nox µg/m³;pm25 µg/m³,9.015,14.352,20,manual_review_low_confidence,below_threshold
,,,,,,,,,,,,,,,,,,,,,,,,,,openaq_live_v3_1,Beddington ERF,Ewell,control,coordinates_lat_lon_radius_capped,lat_lon_columns,223796,Tower Bridge Road,51.501965,-0.077592,137 london stationary 5 Unknown Research Organization,no µg/m³;no2 ppm;nox µg/m³;pm25 µg/m³,17.036,23.305,11,manual_review_low_confidence,below_threshold
,,,,,,,,,,,,,,,,,,,,,,,,,,openaq_live_v3_1,Beddington ERF,Ewell,control,coordinates_lat_lon_radius_capped,lat_lon_columns,223797,Cowcross Street,51.52011,-0.103411,137 london stationary 5 Unknown Research Organization,no µg/m³;no2 ppm;nox µg/m³;pm25 µg/m³,18.392,24.463,11,manual_review_low_confidence,below_threshold
,,,,,,,,,,,,,,,,,,,,,,,,,,openaq_live_v3_1,Beddington ERF,Ewell,control,coordinates_lat_lon_radius_capped,lat_lon_columns,223798,Fulham Palace Road,51.486377,-0.220843,137 london stationary 5 Unknown Research Organization,no µg/m³;no2 ppm;nox µg/m³;pm25 µg/m³,14.488,19.224,11,manual_review_low_confidence,below_threshold
,,,,,,,,,,,,,,,,,,,,,,,,,,openaq_live_v3_1,Beddington ERF,Ewell,control,coordinates_lat_lon_radius_capped,lat_lon_columns,223799,Richmond Road,51.447883,-0.326007,137 london stationary 5 Unknown Research Organization,no µg/m³;no2 ppm;nox µg/m³,14.581,16.516,11,manual_review_low_confidence,below_threshold
,,,,,,,,,,,,,,,,,,,,,,,,,,openaq_live_v3_1,Beddington ERF,Ewell,control,coordinates_lat_lon_radius_capped,lat_lon_columns,223803,Robin Hood Health Centre,51.362842,-0.196908,137 london stationary 5 Unknown Research Organization,no µg/m³;no2 ppm;nox µg/m³;pm25 µg/m³,1.895,5.814,28,manual_review_low_confidence,below_threshold
,,,,,,,,,,,,,,,,,,,,,,,,,,openaq_live_v3_1,Beddington ERF,Ewell,control,coordinates_lat_lon_radius_capped,lat_lon_columns,223805,Wetland Centre,51.476168,-0.230427,137 london stationary 5 Unknown Research Organization,no µg/m³;no2 ppm;nox µg/m³,13.580,18.091,11,manual_review_low_confidence,below_threshold
,,,,,,,,,,,,,,,,,,,,,,,,,,openaq_live_v3_1,Beddington ERF,Ewell,control,coordinates_lat_lon_radius_capped,lat_lon_columns,223806,Triangle Adventure Playground,51.481924,-0.115556,137 london stationary 5 Unknown Research Organization,no µg/m³;no2 ppm;nox µg/m³;pm25 µg/m³,14.073,20.198,11,manual_review_low_confidence,below_threshold
,,,,,,,,,,,,,,,,,,,,,,,,,,openaq_live_v3_1,Beddington ERF,Ewell,control,coordinates_lat_lon_radius_capped,lat_lon_columns,223808,Exhibition Road,51.495475,-0.173573,137 london stationary 5 Unknown Research Organization,no µg/m³;no2 ppm;nox µg/m³;pm25 µg/m³,15.066,20.541,11,manual_review_low_confidence,below_threshold
,,,,,,,,,,,,,,,,,,,,,,,,,,openaq_live_v3_1,Beddington ERF,Ewell,control,coordinates_lat_lon_radius_capped,lat_lon_columns,223809,The Broadway,51.511169,-0.375738,137 london stationary 5 Unknown Research Organization,no µg/m³;no2 ppm;nox µg/m³,22.044,24.350,11,manual_review_low_confidence,below_threshold
,,,,,,,,,,,,,,,,,,,,,,,,,,openaq_live_v3_1,Beddington ERF,Ewell,control,coordinates_lat_lon_radius_capped,lat_lon_columns,223810,Great Ormond St Hospital,51.52188,-0.120434,137 london stationary 5 Unknown Research Organization,no µg/m³;no2 ppm;nox µg/m³;pm25 µg/m³,18.325,24.270,11,manual_review_low_confidence,below_threshold
,,,,,,,,,,,,,,,,,,,,,,,,,,openaq_live_v3_1,Beddington ERF,Ewell,control,coordinates_lat_lon_radius_capped,lat_lon_columns,223811,Blackfriars Road,51.505529,-0.104345,137 london stationary 5 Unknown Research Organization,pm25 µg/m³,16.810,22.924,11,manual_review_low_confidence,below_threshold
,,,,,,,,,,,,,,,,,,,,,,,,,,openaq_live_v3_1,Beddington ERF,Ewell,control,coordinates_lat_lon_radius_capped,lat_lon_columns,223813,Haseltine Road,51.42796,-0.036516,137 london stationary 5 Unknown Research Organization,no2 ppm,11.953,18.234,11,manual_review_low_confidence,below_threshold
,,,,,,,,,,,,,,,,,,,,,,,,,,openaq_live_v3_1,Beddington ERF,Ewell,control,coordinates_lat_lon_radius_capped,lat_lon_columns,223814,London Road,51.410714,-0.296626,137 london stationary 5 Unknown Research Organization,no µg/m³;no2 ppm;nox µg/m³;pm25 µg/m³,10.441,11.909,20,manual_review_low_confidence,below_threshold
,,,,,,,,,,,,,,,,,,,,,,,,,,openaq_live_v3_1,Beddington ERF,Ewell,control,coordinates_lat_lon_radius_capped,lat_lon_columns,225709,Croydon - Norbury,51.411349,-0.12311,205 London Air Quality Network 4 Unknown Governmental Organization,no2 ppb;no2 µg/m³,6.572,12.963,42,manual_review_low_confidence,candidate_needs_review
,,,,,,,,,,,,,,,,,,,,,,,,,,openaq_live_v3_1,Beddington ERF,Ewell,control,coordinates_lat_lon_radius_capped,lat_lon_columns,225710,Greenwich - Blackheath,51.472504,-0.012381,205 London Air Quality Network 4 Unknown Governmental Organization,no2 ppb;no2 µg/m³;pm10 µg/m³,16.612,23.009,33,manual_review_low_confidence,below_threshold
,,,,,,,,,,,,,,,,,,,,,,,,,,openaq_live_v3_1,Beddington ERF,Ewell,control,coordinates_lat_lon_radius_capped,lat_lon_columns,225713,Brent - ARK Franklin Primary Academy,51.5324054617809,-0.217718908639377,205 London Air Quality Network 4 Unknown Governmental Organization,no2 ppb;no2 µg/m³;pm10 µg/m³;pm25 µg/m³,19.454,24.345,33,manual_review_low_confidence,below_threshold
,,,,,,,,,,,,,,,,,,,,,,,,,,openaq_live_v3_1,Beddington ERF,Ewell,control,coordinates_lat_lon_radius_capped,lat_lon_columns,225718,Camden - Holborn (Bee Midtown),51.5173675146177,-0.1201947113171,205 London Air Quality Network 4 Unknown Governmental Organization,no2 µg/m³,17.836,23.797,33,manual_review_low_confidence,below_threshold
,,,,,,,,,,,,,,,,,,,,,,,,,,openaq_live_v3_1,Beddington ERF,Ewell,control,coordinates_lat_lon_radius_capped,lat_lon_columns,225721,City of London - Walbrook Wharf,51.510499,-0.091634,205 London Air Quality Network 4 Unknown Governmental Organization,no2 µg/m³,17.594,23.767,33,manual_review_low_confidence,below_threshold
,,,,,,,,,,,,,,,,,,,,,,,,,,openaq_live_v3_1,Beddington ERF,Ewell,control,coordinates_lat_lon_radius_capped,lat_lon_columns,225725,Bromley - Harwood Avenue,51.405545999999994,0.018882,205 London Air Quality Network 4 Unknown Governmental Organization,no2 µg/m³;pm10 µg/m³;pm25 µg/m³,14.052,19.764,33,manual_review_low_confidence,below_threshold
,,,,,,,,,,,,,,,,,,,,,,,,,,openaq_live_v3_1,Beddington ERF,Ewell,control,coordinates_lat_lon_radius_capped,lat_lon_columns,225731,City of London - Beech Street,51.520225273171,-0.0961060474176381,205 London Air Quality Network 4 Unknown Governmental Organization,no2 µg/m³;pm10 µg/m³,18.538,24.653,33,manual_review_low_confidence,below_threshold
,,,,,,,,,,,,,,,,,,,,,,,,,,openaq_live_v3_1,Beddington ERF,Ewell,control,coordinates_lat_lon_radius_capped,lat_lon_columns,225733,Ealing - Hanger Lane Gyratory,51.53085,-0.292488,205 London Air Quality Network 4 Unknown Governmental Organization,no2 µg/m³;pm10 µg/m³,20.808,24.621,33,manual_review_low_confidence,below_threshold
,,,,,,,,,,,,,,,,,,,,,,,,,,openaq_live_v3_1,Beddington ERF,Ewell,control,coordinates_lat_lon_radius_capped,lat_lon_columns,225734,Croydon - Purley Way A23,51.3622305655403,-0.117604507351392,205 London Air Quality Network 4 Unknown Governmental Organization,no2 ppb;no2 µg/m³,3.646,9.199,50,manual_review_low_confidence,candidate_needs_review
,,,,,,,,,,,,,,,,,,,,,,,,,,openaq_live_v3_1,Beddington ERF,Ewell,control,coordinates_lat_lon_radius_capped,lat_lon_columns,225735,City of London - Upper Thames Street,51.5105969158391,-0.0921029031922594,205 London Air Quality Network 4 Unknown Governmental Organization,no2 µg/m³;pm10 µg/m³,17.595,23.764,33,manual_review_low_confidence,below_threshold
,,,,,,,,,,,,,,,,,,,,,,,,,,openaq_live_v3_1,Beddington ERF,Ewell,control,coordinates_lat_lon_radius_capped,lat_lon_columns,225737,City of London - The Aldgate School,51.513847178423,-0.077765681752,205 London Air Quality Network 4 Unknown Governmental Organization,no2 µg/m³;pm10 µg/m³;pm25 µg/m³,18.263,24.495,33,manual_review_low_confidence,below_threshold
,,,,,,,,,,,,,,,,,,,,,,,,,,openaq_live_v3_1,Beddington ERF,Ewell,control,coordinates_lat_lon_radius_capped,lat_lon_columns,225741,Ealing - Acton Vale ,51.5038527919816,-0.254668101620372,205 London Air Quality Network 4 Unknown Governmental Organization,no2 µg/m³;pm10 µg/m³,17.039,21.268,33,manual_review_low_confidence,below_threshold
,,,,,,,,,,,,,,,,,,,,,,,,,,openaq_live_v3_1,Beddington ERF,Ewell,control,coordinates_lat_lon_radius_capped,lat_lon_columns,225742,Crawley - Gatwick Airport,51.158094,-0.150715,205 London Air Quality Network 4 Unknown Governmental Organization,no2 µg/m³;pm10 µg/m³;pm25 µg/m³,22.491,18.031,33,manual_review_low_confidence,below_threshold
,,,,,,,,,,,,,,,,,,,,,,,,,,openaq_live_v3_1,Beddington ERF,Ewell,control,coordinates_lat_lon_radius_10000,lat_lon_columns,225764,Kingston Upon Thames - Tolworth Broadway,51.379312,-0.281259,205 London Air Quality Network 4 Unknown Governmental Organization,no2 µg/m³;pm10 µg/m³;pm25 µg/m³,8.016,8.307,50,manual_review_low_confidence,candidate_needs_review
,,,,,,,,,,,,,,,,,,,,,,,,,,openaq_live_v3_1,Beddington ERF,Ewell,control,coordinates_lat_lon_radius_10000,lat_lon_columns,225785,Reigate and Banstead - A23 Hooley,51.2924706381269,-0.154121454400678,205 London Air Quality Network 4 Unknown Governmental Organization,no2 µg/m³,7.590,5.431,50,manual_review_low_confidence,candidate_needs_review
,,,,,,,,,,,,,,,,,,,,,,,,,,openaq_live_v3_1,Beddington ERF,Ewell,control,coordinates_lat_lon_radius_10000,lat_lon_columns,225792,Sutton - Beddington Village,51.3712010773161,-0.131948824988095,205 London Air Quality Network 4 Unknown Governmental Organization,no2 µg/m³;pm10 µg/m³,2.921,9.088,50,manual_review_low_confidence,candidate_needs_review
,,,,,,,,,,,,,,,,,,,,,,,,,,openaq_live_v3_1,Beddington ERF,Ewell,control,coordinates_lat_lon_radius_10000,lat_lon_columns,225837,Sutton - Worcester Park,51.377923,-0.240414,205 London Air Quality Network 4 Unknown Governmental Organization,no2 µg/m³;pm10 µg/m³,5.279,7.246,50,manual_review_low_confidence,candidate_needs_review
,,,,,,,,,,,,,,,,,,,,,,,,,,openaq_live_v3_1,Beddington ERF,Ewell,control,coordinates_lat_lon_radius_10000,lat_lon_columns,225845,Sutton - Wallington,51.3586596124998,-0.149723946604927,205 London Air Quality Network 4 Unknown Governmental Organization,no2 µg/m³;pm10 µg/m³,1.416,7.231,50,manual_review_low_confidence,candidate_needs_review
,,,,,,,,,,,,,,,,,,,,,,,,,,openaq_live_v3_1,Beddington ERF,Ewell,control,coordinates_lat_lon_radius_10000,lat_lon_columns,3039088,Farthing downs,51.3082,-0.1365,66 AirGradient 11134 Nabu Casa UK,pm1 µg/m³;pm10 µg/m³;pm25 µg/m³;relativehumidity %;temperature c;um003 particles/cm³,6.212,6.154,16,manual_review_low_confidence,below_threshold
,,,,,,,,,,,,,,,,,,,,,,,,,,openaq_live_v3_1,Beddington ERF,Ewell,control,coordinates_lat_lon_radius_10000,lat_lon_columns,3400943,Sutton  Surrey,51.38162747101285,-0.19682565875279487,66 AirGradient 11361 R,pm1 µg/m³;pm25 µg/m³;relativehumidity %;temperature c;um003 particles/cm³,3.042,7.817,16,manual_review_low_confidence,below_threshold
,,,,,,,,,,,,,,,,,,,,,,,,,,openaq_live_v3_1,Beddington ERF,Ewell,control,coordinates_lat_lon_radius_10000,lat_lon_columns,4059746,Surbiton,51.38332914888817,-0.29379390511882864,66 AirGradient 16760 jroncero,pm1 µg/m³;pm25 µg/m³;relativehumidity %;temperature c;um003 particles/cm³,8.976,9.130,16,manual_review_low_confidence,below_threshold
,,,,,,,,,,,,,,,,,,,,,,,,,,openaq_live_v3_1,Beddington ERF,Ewell,control,bbox_25km_lonlat,lat_lon_columns,147,Greenwich - Eltham,51.45258,0.070766,205 London Air Quality Network 4 Unknown Governmental Organization,no2 µg/m³;o3 µg/m³;pm10 µg/m³;pm25 µg/m³,19.618,25.678,15,manual_review_low_confidence,below_threshold
,,,,,,,,,,,,,,,,,,,,,,,,,,openaq_live_v3_1,Beddington ERF,Ewell,control,bbox_25km_lonlat,lat_lon_columns,151,Tower Hamlets - Mile End Road,51.5225294860844,-0.0421550991900347,205 London Air Quality Network 4 Unknown Governmental Organization,no2 µg/m³;pm25 µg/m³,20.128,26.463,15,manual_review_low_confidence,below_threshold
,,,,,,,,,,,,,,,,,,,,,,,,,,openaq_live_v3_1,Beddington ERF,Ewell,control,bbox_25km_lonlat,lat_lon_columns,153,London Hillingdon - UKA00266,51.49632999971629,-0.4608609995824734,70 EEA 4 Unknown Governmental Organization,no2 µg/m³;o3 µg/m³;pm10 µg/m³;pm25 µg/m³,25.228,26.111,15,manual_review_low_confidence,below_threshold
,,,,,,,,,,,,,,,,,,,,,,,,,,openaq_live_v3_1,Beddington ERF,Ewell,control,bbox_25km_lonlat,lat_lon_columns,223697,Commercial Street,51.518123,-0.074271,137 london stationary 5 Unknown Research Organization,no µg/m³;no2 ppm;nox µg/m³,18.793,25.027,-7,manual_review_low_confidence,below_threshold
,,,,,,,,,,,,,,,,,,,,,,,,,,openaq_live_v3_1,Beddington ERF,Ewell,control,bbox_25km_lonlat,lat_lon_columns,223704,Devas Street,51.523099,-0.012704,137 london stationary 5 Unknown Research Organization,no µg/m³;no2 ppm;nox µg/m³;pm25 µg/m³,21.160,27.552,-7,manual_review_low_confidence,below_threshold
,,,,,,,,,,,,,,,,,,,,,,,,,,openaq_live_v3_1,Beddington ERF,Ewell,control,bbox_25km_lonlat,lat_lon_columns,223713,Morpeth Street,51.527588,-0.047295,137 london stationary 5 Unknown Research Organization,no µg/m³;no2 ppm;nox µg/m³;pm25 µg/m³,20.484,26.793,-7,manual_review_low_confidence,below_threshold
,,,,,,,,,,,,,,,,,,,,,,,,,,openaq_live_v3_1,Beddington ERF,Ewell,control,bbox_25km_lonlat,lat_lon_columns,223716,Woolwich Road,51.481228,0.126787,137 london stationary 5 Unknown Research Organization,no µg/m³;no2 ppm;nox µg/m³;pm25 µg/m³,24.601,30.695,-7,manual_review_low_confidence,below_threshold
,,,,,,,,,,,,,,,,,,,,,,,,,,openaq_live_v3_1,Beddington ERF,Ewell,control,bbox_25km_lonlat,lat_lon_columns,223721,Hunslett Street,51.529308,-0.048721,137 london stationary 5 Unknown Research Organization,no µg/m³;no2 ppm;nox µg/m³;pm25 µg/m³,20.617,26.918,-7,manual_review_low_confidence,below_threshold
,,,,,,,,,,,,,,,,,,,,,,,,,,openaq_live_v3_1,Beddington ERF,Ewell,control,bbox_25km_lonlat,lat_lon_columns,223723,Albert Street,51.536271,-0.143525,137 london stationary 5 Unknown Research Organization,no µg/m³;no2 ppm;nox µg/m³;pm25 µg/m³,19.686,25.400,-7,manual_review_low_confidence,below_threshold
,,,,,,,,,,,,,,,,,,,,,,,,,,openaq_live_v3_1,Beddington ERF,Ewell,control,bbox_25km_lonlat,lat_lon_columns,223737,Commercial Street,51.518123,-0.074271,137 london stationary 5 Unknown Research Organization,pm25 µg/m³,18.793,25.027,-7,manual_review_low_confidence,below_threshold
,,,,,,,,,,,,,,,,,,,,,,,,,,openaq_live_v3_1,Beddington ERF,Ewell,control,bbox_25km_lonlat,lat_lon_columns,223738,Columbia Road,51.528491,-0.074268,137 london stationary 5 Unknown Research Organization,no µg/m³;no2 ppm;nox µg/m³;pm25 µg/m³,19.875,26.080,-7,manual_review_low_confidence,below_threshold
,,,,,,,,,,,,,,,,,,,,,,,,,,openaq_live_v3_1,Beddington ERF,Ewell,control,bbox_25km_lonlat,lat_lon_columns,223757,Mansford Street,51.528757,-0.061823,137 london stationary 5 Unknown Research Organization,no µg/m³;no2 ppm;nox µg/m³;pm25 µg/m³,20.207,26.463,-7,manual_review_low_confidence,below_threshold
,,,,,,,,,,,,,,,,,,,,,,,,,,openaq_live_v3_1,Beddington ERF,Ewell,control,bbox_25km_lonlat,lat_lon_columns,223763,The Royal London Hospital,51.518778,-0.058917,137 london stationary 5 Unknown Research Organization,no µg/m³;no2 ppm;nox µg/m³;pm25 µg/m³,19.261,25.554,-7,manual_review_low_confidence,below_threshold
,,,,,,,,,,,,,,,,,,,,,,,,,,openaq_live_v3_1,Beddington ERF,Ewell,control,bbox_25km_lonlat,lat_lon_columns,223765,Woolwich Manor Way,51.515901,0.060587,137 london stationary 5 Unknown Research Organization,no µg/m³;no2 ppm;nox µg/m³,23.579,29.962,-7,manual_review_low_confidence,below_threshold
,,,,,,,,,,,,,,,,,,,,,,,,,,openaq_live_v3_1,Beddington ERF,Ewell,control,bbox_25km_lonlat,lat_lon_columns,223795,Rosebery Avenue,51.52844,-0.10692,137 london stationary 5 Unknown Research Organization,no µg/m³;no2 ppm;nox µg/m³;pm25 µg/m³,19.233,25.254,-7,manual_review_low_confidence,below_threshold
,,,,,,,,,,,,,,,,,,,,,,,,,,openaq_live_v3_1,Beddington ERF,Ewell,control,bbox_25km_lonlat,lat_lon_columns,223802,Newham University Hospital,51.522407,0.037865,137 london stationary 5 Unknown Research Organization,no µg/m³;no2 ppm;nox µg/m³;pm25 µg/m³,23.102,29.511,-7,manual_review_low_confidence,below_threshold
,,,,,,,,,,,,,,,,,,,,,,,,,,openaq_live_v3_1,Beddington ERF,Ewell,control,bbox_25km_lonlat,lat_lon_columns,223807,Beaumont Grove,51.521004,-0.046559,137 london stationary 5 Unknown Research Organization,no µg/m³;no2 ppm;nox µg/m³;pm25 µg/m³,19.842,26.169,-7,manual_review_low_confidence,below_threshold
,,,,,,,,,,,,,,,,,,,,,,,,,,openaq_live_v3_1,Bolton WtE,Horwich,facility,coordinates_lat_lon_radius_capped,lat_lon_columns,718,Salford Eccles,53.48481,-2.334139,169 DEFRA 4 Unknown Governmental Organization,no2 µg/m³;o3 µg/m³;pm10 µg/m³;pm25 µg/m³,12.336,12.336,39,manual_review_low_confidence,candidate_needs_review
,,,,,,,,,,,,,,,,,,,,,,,,,,openaq_live_v3_1,Bolton WtE,Horwich,facility,coordinates_lat_lon_radius_capped,lat_lon_columns,995,Shaw Crompton Way - UKA00579,53.57928299974366,-2.093786000448393,70 EEA 4 Unknown Governmental Organization,no2 µg/m³,22.196,22.196,30,manual_review_low_confidence,below_threshold
,,,,,,,,,,,,,,,,,,,,,,,,,,openaq_live_v3_1,Bolton WtE,Horwich,facility,coordinates_lat_lon_radius_capped,lat_lon_columns,2293,Wigan Centre - UKA00482,53.549139999250514,-2.638138999803485,70 EEA 4 Unknown Governmental Organization,no2 µg/m³;o3 µg/m³;pm10 µg/m³;pm25 µg/m³,14.167,14.167,39,manual_review_low_confidence,candidate_needs_review
,,,,,,,,,,,,,,,,,,,,,,,,,,openaq_live_v3_1,Bolton WtE,Horwich,facility,coordinates_lat_lon_radius_capped,lat_lon_columns,2312,Manchester Piccadilly - UKA00248,53.48151999965718,-2.237881000216118,70 EEA 4 Unknown Governmental Organization,no2 µg/m³;o3 µg/m³;pm10 µg/m³;pm25 µg/m³;so2 µg/m³,16.767,16.767,30,manual_review_low_confidence,below_threshold
,,,,,,,,,,,,,,,,,,,,,,,,,,openaq_live_v3_1,Bolton WtE,Horwich,facility,coordinates_lat_lon_radius_capped,lat_lon_columns,2335,Blackburn Accrington Road - UKA00590,53.7477509993481,-2.452723999672644,70 EEA 4 Unknown Governmental Organization,no2 µg/m³,18.713,18.713,30,manual_review_low_confidence,below_threshold
,,,,,,,,,,,,,,,,,,,,,,,,,,openaq_live_v3_1,Bolton WtE,Horwich,facility,coordinates_lat_lon_radius_capped,lat_lon_columns,2431,Glazebury - UKA00170,53.4600799995706,-2.4720559997084366,70 EEA 4 Unknown Governmental Organization,no2 µg/m³;o3 µg/m³;pm10 µg/m³;pm25 µg/m³,13.621,13.621,39,manual_review_low_confidence,candidate_needs_review
,,,,,,,,,,,,,,,,,,,,,,,,,,openaq_live_v3_1,Bolton WtE,Horwich,facility,coordinates_lat_lon_radius_capped,lat_lon_columns,2444,Bury Whitefield Roadside - UKA00598,53.559028999225056,-2.293771999677786,70 EEA 4 Unknown Governmental Organization,no2 µg/m³;pm10 µg/m³,9.293,9.293,47,manual_review_low_confidence,candidate_needs_review
,,,,,,,,,,,,,,,,,,,,,,,,,,openaq_live_v3_1,Bolton WtE,Horwich,facility,coordinates_lat_lon_radius_capped,lat_lon_columns,2475,Warrington - UKA00538,53.389279999268815,-2.6153579999810064,70 EEA 4 Unknown Governmental Organization,no2 µg/m³;pm10 µg/m³;pm25 µg/m³,24.498,24.498,30,manual_review_low_confidence,below_threshold
,,,,,,,,,,,,,,,,,,,,,,,,,,openaq_live_v3_1,Bolton WtE,Horwich,facility,coordinates_lat_lon_radius_capped,lat_lon_columns,1582067,"Oldham Street, Manchester",53.48161807672774,-2.2370100183219983,66 AirGradient 4 Unknown Governmental Organization,pm25 µg/m³;temperature c,16.804,16.804,-4,manual_review_low_confidence,below_threshold
,,,,,,,,,,,,,,,,,,,,,,,,,,openaq_live_v3_1,Bolton WtE,Horwich,facility,coordinates_lat_lon_radius_capped,lat_lon_columns,1585676,"Oldham Street, Manchester",53.48161807672774,-2.2370100183219983,66 AirGradient 4 Unknown Governmental Organization,pm25 µg/m³;temperature c,16.804,16.804,-4,manual_review_low_confidence,below_threshold
,,,,,,,,,,,,,,,,,,,,,,,,,,openaq_live_v3_1,Bolton WtE,Horwich,facility,coordinates_lat_lon_radius_capped,lat_lon_columns,1585684,"Oldham Street, Manchester",53.48161807672774,-2.2370100183219983,66 AirGradient 4 Unknown Governmental Organization,pm25 µg/m³;temperature c,16.804,16.804,-4,manual_review_low_confidence,below_threshold
,,,,,,,,,,,,,,,,,,,,,,,,,,openaq_live_v3_1,Bolton WtE,Horwich,facility,coordinates_lat_lon_radius_capped,lat_lon_columns,1745855,"Oldham Street, Manchester",53.48185145391406,-2.236798868559406,66 AirGradient 11509 Unknown Person,pm25 µg/m³;temperature c,16.798,16.798,-4,manual_review_low_confidence,below_threshold
,,,,,,,,,,,,,,,,,,,,,,,,,,openaq_live_v3_1,Bolton WtE,Horwich,facility,coordinates_lat_lon_radius_capped,lat_lon_columns,1745856,Adam Gray 01,53.481890622587905,-2.2369927162719048,66 AirGradient 11509 Unknown Person,pm1 µg/m³;pm10 µg/m³;pm25 µg/m³;relativehumidity %;temperature c;um003 particles/cm³,16.785,16.785,-4,manual_review_low_confidence,below_threshold
,,,,,,,,,,,,,,,,,,,,,,,,,,openaq_live_v3_1,Bolton WtE,Horwich,facility,coordinates_lat_lon_radius_capped,lat_lon_columns,1760702,Chorlton,53.43007871995329,-2.278135503675803,66 AirGradient 11509 Unknown Person,pm1 µg/m³;pm10 µg/m³;pm25 µg/m³;relativehumidity %;temperature c;um003 particles/cm³,19.462,19.462,-4,manual_review_low_confidence,below_threshold
,,,,,,,,,,,,,,,,,,,,,,,,,,openaq_live_v3_1,Bolton WtE,Horwich,facility,coordinates_lat_lon_radius_capped,lat_lon_columns,2884480,University of Manchester,53.445,-2.21758,66 AirGradient 11509 Unknown Person,pm1 µg/m³;pm10 µg/m³;pm25 µg/m³;relativehumidity %;temperature c;um003 particles/cm³,20.558,20.558,-4,manual_review_low_confidence,below_threshold
,,,,,,,,,,,,,,,,,,,,,,,,,,openaq_live_v3_1,Bolton WtE,Horwich,facility,coordinates_lat_lon_radius_capped,lat_lon_columns,2884565,University of Manchester,53.4445,-2.21758,66 AirGradient 11509 Unknown Person,pm1 µg/m³;pm10 µg/m³;pm25 µg/m³;relativehumidity %;temperature c;um003 particles/cm³,20.598,20.598,-4,manual_review_low_confidence,below_threshold
,,,,,,,,,,,,,,,,,,,,,,,,,,openaq_live_v3_1,Bolton WtE,Horwich,facility,coordinates_lat_lon_radius_capped,lat_lon_columns,3316776,Fairholme Road,53.4309955,-2.2212486,66 AirGradient 11509 Unknown Person,pm1 µg/m³;pm10 µg/m³;pm25 µg/m³;relativehumidity %;temperature c;um003 particles/cm³,21.566,21.566,-4,manual_review_low_confidence,below_threshold
,,,,,,,,,,,,,,,,,,,,,,,,,,openaq_live_v3_1,Bolton WtE,Horwich,facility,coordinates_lat_lon_radius_capped,lat_lon_columns,3401002,Golborne Dale Cottage,53.46266174151034,-2.6016558943557166,66 AirGradient 11387 Dan Cunliffe,pm1 µg/m³;pm25 µg/m³;relativehumidity %;temperature c;um003 particles/cm³,17.292,17.292,-4,manual_review_low_confidence,below_threshold
,,,,,,,,,,,,,,,,,,,,,,,,,,openaq_live_v3_1,Bolton WtE,Horwich,facility,coordinates_lat_lon_radius_capped,lat_lon_columns,5874723,College road,53.450316,-2.26644,66 AirGradient 12 AirGradient,pm1 µg/m³;pm25 µg/m³;relativehumidity %;temperature c;um003 particles/cm³,18.025,18.025,-4,manual_review_low_confidence,below_threshold
,,,,,,,,,,,,,,,,,,,,,,,,,,openaq_live_v3_1,Bolton WtE,Horwich,facility,coordinates_lat_lon_radius_capped,lat_lon_columns,5956427,West Didsbury,53.427642,-2.246476,66 AirGradient 12 AirGradient,pm1 µg/m³;pm25 µg/m³;relativehumidity %;temperature c;um003 particles/cm³,20.841,20.841,-4,manual_review_low_confidence,below_threshold
,,,,,,,,,,,,,,,,,,,,,,,,,,openaq_live_v3_1,Bolton WtE,Horwich,facility,coordinates_lat_lon_radius_capped,lat_lon_columns,6145550,Manchester Mayfield,53.474361,-2.22278,66 AirGradient 12 AirGradient,pm1 µg/m³;pm25 µg/m³;relativehumidity %;temperature c;um003 particles/cm³,18.044,18.044,-4,manual_review_low_confidence,below_threshold
,,,,,,,,,,,,,,,,,,,,,,,,,,openaq_live_v3_1,Bolton WtE,Horwich,facility,coordinates_lat_lon_radius_capped,lat_lon_columns,6368030,Cambridge Road,53.428418,-2.176583,66 AirGradient 12 AirGradient,pm1 µg/m³;pm25 µg/m³;relativehumidity %;temperature c;um003 particles/cm³,23.769,23.769,-4,manual_review_low_confidence,below_threshold
,,,,,,,,,,,,,,,,,,,,,,,,,,openaq_live_v3_1,Bolton WtE,Horwich,facility,bbox_25km_lonlat,lat_lon_columns,2286,Manchester Sharston - UKA00617,53.37130599925776,-2.2392179996844,70 EEA 4 Unknown Governmental Organization,no2 µg/m³;o3 µg/m³;pm10 µg/m³;pm25 µg/m³,26.418,26.418,12,manual_review_low_confidence,below_threshold
,,,,,,,,,,,,,,,,,,,,,,,,,,openaq_live_v3_1,Bolton WtE,Horwich,facility,bbox_25km_lonlat,lat_lon_columns,2322,Widnes Milton Road - UKA00603,53.36539099942606,-2.7316799999086454,70 EEA 4 Unknown Governmental Organization,no2 µg/m³,31.115,31.115,12,manual_review_low_confidence,below_threshold
,,,,,,,,,,,,,,,,,,,,,,,,,,openaq_live_v3_1,Bolton WtE,Horwich,facility,bbox_25km_lonlat,lat_lon_columns,2517,Preston - UKA00408,53.76558999953783,-2.6803529999440965,70 EEA 4 Unknown Governmental Organization,no2 µg/m³;o3 µg/m³;pm10 µg/m³;pm25 µg/m³,26.416,26.416,12,manual_review_low_confidence,below_threshold
,,,,,,,,,,,,,,,,,,,,,,,,,,openaq_live_v3_1,Bolton WtE,Horwich,facility,bbox_25km_lonlat,lat_lon_columns,3531,St Helens Linkway - UKA00627,53.45182599939756,-2.742134000297141,70 EEA 4 Unknown Governmental Organization,no2 µg/m³;pm10 µg/m³,25.080,25.080,12,manual_review_low_confidence,below_threshold
,,,,,,,,,,,,,,,,,,,,,,,,,,openaq_live_v3_1,Bolton WtE,Horwich,facility,bbox_25km_lonlat,lat_lon_columns,3400994,Romiley,53.417076729082574,-2.085915035436343,66 AirGradient 11509 Unknown Person,pm1 µg/m³;pm25 µg/m³;relativehumidity %;temperature c;um003 particles/cm³,29.089,29.089,-22,manual_review_low_confidence,below_threshold
,,,,,,,,,,,,,,,,,,,,,,,,,,openaq_live_v3_1,Bolton WtE,Horwich,control,coordinates_lat_lon_radius_capped,lat_lon_columns,718,Salford Eccles,53.48481,-2.334139,169 DEFRA 4 Unknown Governmental Organization,no2 µg/m³;o3 µg/m³;pm10 µg/m³;pm25 µg/m³,12.336,10.589,42,manual_review_low_confidence,candidate_needs_review
,,,,,,,,,,,,,,,,,,,,,,,,,,openaq_live_v3_1,Bolton WtE,Horwich,control,coordinates_lat_lon_radius_capped,lat_lon_columns,2286,Manchester Sharston - UKA00617,53.37130599925776,-2.2392179996844,70 EEA 4 Unknown Governmental Organization,no2 µg/m³;o3 µg/m³;pm10 µg/m³;pm25 µg/m³,26.418,23.581,33,manual_review_low_confidence,below_threshold
,,,,,,,,,,,,,,,,,,,,,,,,,,openaq_live_v3_1,Bolton WtE,Horwich,control,coordinates_lat_lon_radius_capped,lat_lon_columns,2293,Wigan Centre - UKA00482,53.549139999250514,-2.638138999803485,70 EEA 4 Unknown Governmental Organization,no2 µg/m³;o3 µg/m³;pm10 µg/m³;pm25 µg/m³,14.167,10.997,42,manual_review_low_confidence,candidate_needs_review
,,,,,,,,,,,,,,,,,,,,,,,,,,openaq_live_v3_1,Bolton WtE,Horwich,control,coordinates_lat_lon_radius_capped,lat_lon_columns,2312,Manchester Piccadilly - UKA00248,53.48151999965718,-2.237881000216118,70 EEA 4 Unknown Governmental Organization,no2 µg/m³;o3 µg/m³;pm10 µg/m³;pm25 µg/m³;so2 µg/m³,16.767,16.579,33,manual_review_low_confidence,below_threshold
,,,,,,,,,,,,,,,,,,,,,,,,,,openaq_live_v3_1,Bolton WtE,Horwich,control,coordinates_lat_lon_radius_capped,lat_lon_columns,2335,Blackburn Accrington Road - UKA00590,53.7477509993481,-2.452723999672644,70 EEA 4 Unknown Governmental Organization,no2 µg/m³,18.713,24.215,33,manual_review_low_confidence,below_threshold
,,,,,,,,,,,,,,,,,,,,,,,,,,openaq_live_v3_1,Bolton WtE,Horwich,control,coordinates_lat_lon_radius_capped,lat_lon_columns,2431,Glazebury - UKA00170,53.4600799995706,-2.4720559997084366,70 EEA 4 Unknown Governmental Organization,no2 µg/m³;o3 µg/m³;pm10 µg/m³;pm25 µg/m³,13.621,7.819,50,manual_review_low_confidence,candidate_needs_review
,,,,,,,,,,,,,,,,,,,,,,,,,,openaq_live_v3_1,Bolton WtE,Horwich,control,coordinates_lat_lon_radius_capped,lat_lon_columns,2444,Bury Whitefield Roadside - UKA00598,53.559028999225056,-2.293771999677786,70 EEA 4 Unknown Governmental Organization,no2 µg/m³;pm10 µg/m³,9.293,12.374,42,manual_review_low_confidence,candidate_needs_review
,,,,,,,,,,,,,,,,,,,,,,,,,,openaq_live_v3_1,Bolton WtE,Horwich,control,coordinates_lat_lon_radius_capped,lat_lon_columns,2475,Warrington - UKA00538,53.389279999268815,-2.6153579999810064,70 EEA 4 Unknown Governmental Organization,no2 µg/m³;pm10 µg/m³;pm25 µg/m³,24.498,18.243,33,manual_review_low_confidence,below_threshold
,,,,,,,,,,,,,,,,,,,,,,,,,,openaq_live_v3_1,Bolton WtE,Horwich,control,coordinates_lat_lon_radius_capped,lat_lon_columns,3531,St Helens Linkway - UKA00627,53.45182599939756,-2.742134000297141,70 EEA 4 Unknown Governmental Organization,no2 µg/m³;pm10 µg/m³,25.080,19.728,33,manual_review_low_confidence,below_threshold
,,,,,,,,,,,,,,,,,,,,,,,,,,openaq_live_v3_1,Bolton WtE,Horwich,control,coordinates_lat_lon_radius_capped,lat_lon_columns,1582067,"Oldham Street, Manchester",53.48161807672774,-2.2370100183219983,66 AirGradient 4 Unknown Governmental Organization,pm25 µg/m³;temperature c,16.804,16.630,-1,manual_review_low_confidence,below_threshold
,,,,,,,,,,,,,,,,,,,,,,,,,,openaq_live_v3_1,Bolton WtE,Horwich,control,coordinates_lat_lon_radius_capped,lat_lon_columns,1585676,"Oldham Street, Manchester",53.48161807672774,-2.2370100183219983,66 AirGradient 4 Unknown Governmental Organization,pm25 µg/m³;temperature c,16.804,16.630,-1,manual_review_low_confidence,below_threshold
,,,,,,,,,,,,,,,,,,,,,,,,,,openaq_live_v3_1,Bolton WtE,Horwich,control,coordinates_lat_lon_radius_capped,lat_lon_columns,1585684,"Oldham Street, Manchester",53.48161807672774,-2.2370100183219983,66 AirGradient 4 Unknown Governmental Organization,pm25 µg/m³;temperature c,16.804,16.630,-1,manual_review_low_confidence,below_threshold
,,,,,,,,,,,,,,,,,,,,,,,,,,openaq_live_v3_1,Bolton WtE,Horwich,control,coordinates_lat_lon_radius_capped,lat_lon_columns,1745855,"Oldham Street, Manchester",53.48185145391406,-2.236798868559406,66 AirGradient 11509 Unknown Person,pm25 µg/m³;temperature c,16.798,16.635,-1,manual_review_low_confidence,below_threshold
,,,,,,,,,,,,,,,,,,,,,,,,,,openaq_live_v3_1,Bolton WtE,Horwich,control,coordinates_lat_lon_radius_capped,lat_lon_columns,1745856,Adam Gray 01,53.481890622587905,-2.2369927162719048,66 AirGradient 11509 Unknown Person,pm1 µg/m³;pm10 µg/m³;pm25 µg/m³;relativehumidity %;temperature c;um003 particles/cm³,16.785,16.621,-1,manual_review_low_confidence,below_threshold
,,,,,,,,,,,,,,,,,,,,,,,,,,openaq_live_v3_1,Bolton WtE,Horwich,control,coordinates_lat_lon_radius_capped,lat_lon_columns,1760702,Chorlton,53.43007871995329,-2.278135503675803,66 AirGradient 11509 Unknown Person,pm1 µg/m³;pm10 µg/m³;pm25 µg/m³;relativehumidity %;temperature c;um003 particles/cm³,19.462,17.136,-1,manual_review_low_confidence,below_threshold
,,,,,,,,,,,,,,,,,,,,,,,,,,openaq_live_v3_1,Bolton WtE,Horwich,control,coordinates_lat_lon_radius_capped,lat_lon_columns,2884480,University of Manchester,53.445,-2.21758,66 AirGradient 11509 Unknown Person,pm1 µg/m³;pm10 µg/m³;pm25 µg/m³;relativehumidity %;temperature c;um003 particles/cm³,20.558,19.483,-1,manual_review_low_confidence,below_threshold
,,,,,,,,,,,,,,,,,,,,,,,,,,openaq_live_v3_1,Bolton WtE,Horwich,control,coordinates_lat_lon_radius_capped,lat_lon_columns,2884565,University of Manchester,53.4445,-2.21758,66 AirGradient 11509 Unknown Person,pm1 µg/m³;pm10 µg/m³;pm25 µg/m³;relativehumidity %;temperature c;um003 particles/cm³,20.598,19.510,-1,manual_review_low_confidence,below_threshold
,,,,,,,,,,,,,,,,,,,,,,,,,,openaq_live_v3_1,Bolton WtE,Horwich,control,coordinates_lat_lon_radius_capped,lat_lon_columns,3316776,Fairholme Road,53.4309955,-2.2212486,66 AirGradient 11509 Unknown Person,pm1 µg/m³;pm10 µg/m³;pm25 µg/m³;relativehumidity %;temperature c;um003 particles/cm³,21.566,20.087,-1,manual_review_low_confidence,below_threshold
,,,,,,,,,,,,,,,,,,,,,,,,,,openaq_live_v3_1,Bolton WtE,Horwich,control,coordinates_lat_lon_radius_capped,lat_lon_columns,3401002,Golborne Dale Cottage,53.46266174151034,-2.6016558943557166,66 AirGradient 11387 Dan Cunliffe,pm1 µg/m³;pm25 µg/m³;relativehumidity %;temperature c;um003 particles/cm³,17.292,11.277,8,manual_review_low_confidence,below_threshold
,,,,,,,,,,,,,,,,,,,,,,,,,,openaq_live_v3_1,Bolton WtE,Horwich,control,coordinates_lat_lon_radius_capped,lat_lon_columns,5874723,College road,53.450316,-2.26644,66 AirGradient 12 AirGradient,pm1 µg/m³;pm25 µg/m³;relativehumidity %;temperature c;um003 particles/cm³,18.025,16.406,-1,manual_review_low_confidence,below_threshold
,,,,,,,,,,,,,,,,,,,,,,,,,,openaq_live_v3_1,Bolton WtE,Horwich,control,coordinates_lat_lon_radius_capped,lat_lon_columns,5956427,West Didsbury,53.427642,-2.246476,66 AirGradient 12 AirGradient,pm1 µg/m³;pm25 µg/m³;relativehumidity %;temperature c;um003 particles/cm³,20.841,18.938,-1,manual_review_low_confidence,below_threshold
,,,,,,,,,,,,,,,,,,,,,,,,,,openaq_live_v3_1,Bolton WtE,Horwich,control,coordinates_lat_lon_radius_capped,lat_lon_columns,6145550,Manchester Mayfield,53.474361,-2.22278,66 AirGradient 12 AirGradient,pm1 µg/m³;pm25 µg/m³;relativehumidity %;temperature c;um003 particles/cm³,18.044,17.790,-1,manual_review_low_confidence,below_threshold
,,,,,,,,,,,,,,,,,,,,,,,,,,openaq_live_v3_1,Bolton WtE,Horwich,control,coordinates_lat_lon_radius_capped,lat_lon_columns,6368030,Cambridge Road,53.428418,-2.176583,66 AirGradient 12 AirGradient,pm1 µg/m³;pm25 µg/m³;relativehumidity %;temperature c;um003 particles/cm³,23.769,22.755,-1,manual_review_low_confidence,below_threshold
,,,,,,,,,,,,,,,,,,,,,,,,,,openaq_live_v3_1,Bolton WtE,Horwich,control,bbox_25km_lonlat,lat_lon_columns,2322,Widnes Milton Road - UKA00603,53.36539099942606,-2.7316799999086454,70 EEA 4 Unknown Governmental Organization,no2 µg/m³,31.115,25.022,15,manual_review_low_confidence,below_threshold
,,,,,,,,,,,,,,,,,,,,,,,,,,openaq_live_v3_1,Bolton WtE,Horwich,control,bbox_25km_lonlat,lat_lon_columns,2507,Liverpool Speke - UKA00247,53.346329999453125,-2.8443329999415723,70 EEA 4 Unknown Governmental Organization,no2 µg/m³;o3 µg/m³;pm10 µg/m³;pm25 µg/m³;so2 µg/m³,37.781,31.908,15,manual_review_low_confidence,below_threshold
,,,,,,,,,,,,,,,,,,,,,,,,,,openaq_live_v3_1,Chineham EfW,Oakley,facility,coordinates_lat_lon_radius_capped,lat_lon_columns,2410,Reading London Road - UKA00620,51.454895999704384,-0.9403820000794095,70 EEA 4 Unknown Governmental Organization,no2 µg/m³;pm10 µg/m³,21.729,21.729,30,manual_review_low_confidence,below_threshold
,,,,,,,,,,,,,,,,,,,,,,,,,,openaq_live_v3_1,Chineham EfW,Oakley,facility,coordinates_lat_lon_radius_capped,lat_lon_columns,2479,Reading New Town - UKA00462,51.453089999530995,-0.9440669998676476,70 EEA 4 Unknown Governmental Organization,no2 µg/m³;o3 µg/m³;pm10 µg/m³;pm25 µg/m³,21.436,21.436,30,manual_review_low_confidence,below_threshold
,,,,,,,,,,,,,,,,,,,,,,,,,,openaq_live_v3_1,Chineham EfW,Oakley,facility,coordinates_lat_lon_radius_capped,lat_lon_columns,225778,Reading - New Town,51.4529847075166,-0.944461432664066,205 London Air Quality Network 4 Unknown Governmental Organization,no2 ppb;no2 µg/m³;o3 µg/m³;pm10 µg/m³;pm25 µg/m³,21.413,21.413,30,manual_review_low_confidence,below_threshold
,,,,,,,,,,,,,,,,,,,,,,,,,,openaq_live_v3_1,Chineham EfW,Oakley,facility,coordinates_lat_lon_radius_capped,lat_lon_columns,1793796,DN1 Outdoor,51.38626172761953,-0.9034570773981544,66 AirGradient 11015 Ggg,pm1 µg/m³;pm10 µg/m³;pm25 µg/m³;relativehumidity %;temperature c;um003 particles/cm³,17.031,17.031,-4,manual_review_low_confidence,below_threshold
,,,,,,,,,,,,,,,,,,,,,,,,,,openaq_live_v3_1,Chineham EfW,Oakley,facility,coordinates_lat_lon_radius_capped,lat_lon_columns,1813439,Design Nature 2 ,51.439696,-0.949368,66 AirGradient 11509 Unknown Person,pm1 µg/m³;pm10 µg/m³;pm25 µg/m³;relativehumidity %;temperature c;um003 particles/cm³,19.940,19.940,-4,manual_review_low_confidence,below_threshold
,,,,,,,,,,,,,,,,,,,,,,,,,,openaq_live_v3_1,Chineham EfW,Oakley,facility,coordinates_lat_lon_radius_capped,lat_lon_columns,2165655,Reading School Outdoor,51.44775300627921,-0.9554175470538501,66 AirGradient 11509 Unknown Person,pm25 µg/m³;temperature c,20.561,20.561,-4,manual_review_low_confidence,below_threshold
,,,,,,,,,,,,,,,,,,,,,,,,,,openaq_live_v3_1,Chineham EfW,Oakley,facility,coordinates_lat_lon_radius_capped,lat_lon_columns,2834801,Northumberland Avenue ,51.4356282,-0.9624044,66 AirGradient 11509 Unknown Person,pm1 µg/m³;pm10 µg/m³;pm25 µg/m³;relativehumidity %;temperature c;um003 particles/cm³,19.135,19.135,-4,manual_review_low_confidence,below_threshold
,,,,,,,,,,,,,,,,,,,,,,,,,,openaq_live_v3_1,Chineham EfW,Oakley,facility,coordinates_lat_lon_radius_capped,lat_lon_columns,2858887,Northumberland Avenue,51.4357082,-0.962382,66 AirGradient 11047 RBC,pm1 µg/m³;pm10 µg/m³;pm25 µg/m³;relativehumidity %;temperature c;um003 particles/cm³,19.143,19.143,-4,manual_review_low_confidence,below_threshold
,,,,,,,,,,,,,,,,,,,,,,,,,,openaq_live_v3_1,Chineham EfW,Oakley,facility,coordinates_lat_lon_radius_capped,lat_lon_columns,2882018,SJCR Car Park,51.446046,-0.94838,66 AirGradient 11509 Unknown Person,pm1 µg/m³;pm10 µg/m³;pm25 µg/m³;relativehumidity %;temperature c;um003 particles/cm³,20.601,20.601,-4,manual_review_low_confidence,below_threshold
,,,,,,,,,,,,,,,,,,,,,,,,,,openaq_live_v3_1,Chineham EfW,Oakley,facility,coordinates_lat_lon_radius_capped,lat_lon_columns,3246956,Alton,51.14188,-0.97438,66 AirGradient 11509 Unknown Person,pm1 µg/m³;pm10 µg/m³;pm25 µg/m³;relativehumidity %;temperature c;um003 particles/cm³,17.030,17.030,-4,manual_review_low_confidence,below_threshold
,,,,,,,,,,,,,,,,,,,,,,,,,,openaq_live_v3_1,Chineham EfW,Oakley,facility,coordinates_lat_lon_radius_capped,lat_lon_columns,3279895,Main Office,51.466087119689576,-0.9714073322705774,66 AirGradient 11259 Thameside Primary School,pm1 µg/m³;pm10 µg/m³;pm25 µg/m³;relativehumidity %;temperature c;um003 particles/cm³,22.022,22.022,-4,manual_review_low_confidence,below_threshold
,,,,,,,,,,,,,,,,,,,,,,,,,,openaq_live_v3_1,Chineham EfW,Oakley,facility,coordinates_lat_lon_radius_capped,lat_lon_columns,3329389,Newbury,51.4115819,-1.2942061,66 AirGradient 11479 Critical Tinkerer,pm1 µg/m³;pm10 µg/m³;pm25 µg/m³;relativehumidity %;temperature c;um003 particles/cm³,20.867,20.867,-4,manual_review_low_confidence,below_threshold
,,,,,,,,,,,,,,,,,,,,,,,,,,openaq_live_v3_1,Chineham EfW,Oakley,facility,coordinates_lat_lon_radius_capped,lat_lon_columns,3431596,"OXFORD ROAD COMMUNITY SCHOOL 146 OXFORD ROAD,READING,RG1 7PJ",51.45567209377554,-0.9862261406158451,66 AirGradient 11509 Unknown Person,pm1 µg/m³;pm25 µg/m³;relativehumidity %;temperature c;um003 particles/cm³,20.590,20.590,-4,manual_review_low_confidence,below_threshold
,,,,,,,,,,,,,,,,,,,,,,,,,,openaq_live_v3_1,Chineham EfW,Oakley,facility,coordinates_lat_lon_radius_capped,lat_lon_columns,3735753,"RUAO, University of Reading",51.44143714556161,-0.9377832970101964,"66 AirGradient 11457 Department of Meteorology, University of Reading",pm1 µg/m³;pm25 µg/m³;relativehumidity %;temperature c;um003 particles/cm³,20.488,20.488,-4,manual_review_low_confidence,below_threshold
,,,,,,,,,,,,,,,,,,,,,,,,,,openaq_live_v3_1,Chineham EfW,Oakley,facility,coordinates_lat_lon_radius_capped,lat_lon_columns,3847750,DN2 Outdoor,51.386159620946344,-0.9034061154305075,66 AirGradient 11015 Ggg,pm1 µg/m³;pm25 µg/m³;relativehumidity %;temperature c;um003 particles/cm³,17.025,17.025,-4,manual_review_low_confidence,below_threshold
,,,,,,,,,,,,,,,,,,,,,,,,,,openaq_live_v3_1,Chineham EfW,Oakley,facility,coordinates_lat_lon_radius_capped,lat_lon_columns,3939296,3939296,51.42580064599009,-0.9952652098159263,66 AirGradient 11500 Green Park Village Primary Academy,pm1 µg/m³;pm25 µg/m³;relativehumidity %;temperature c;um003 particles/cm³,17.247,17.247,-4,manual_review_low_confidence,below_threshold
,,,,,,,,,,,,,,,,,,,,,,,,,,openaq_live_v3_1,Chineham EfW,Oakley,facility,coordinates_lat_lon_radius_capped,lat_lon_columns,4492080,Elvetham Heath ,51.293387,-0.84337,66 AirGradient 16809 Mark T,pm1 µg/m³;pm25 µg/m³;relativehumidity %;temperature c;um003 particles/cm³,16.523,16.523,-4,manual_review_low_confidence,below_threshold
,,,,,,,,,,,,,,,,,,,,,,,,,,openaq_live_v3_1,Chineham EfW,Oakley,facility,coordinates_lat_lon_radius_capped,lat_lon_columns,4898483,Emmbrook,51.4213346,-0.8493279,66 AirGradient 9122 Marco,pm1 µg/m³;pm25 µg/m³;relativehumidity %;temperature c;um003 particles/cm³,22.441,22.441,-4,manual_review_low_confidence,below_threshold
,,,,,,,,,,,,,,,,,,,,,,,,,,openaq_live_v3_1,Chineham EfW,Oakley,facility,coordinates_lat_lon_radius_capped,lat_lon_columns,5981280,Sherborne St John,51.2963503,-1.1093352,66 AirGradient 12 AirGradient,pm1 µg/m³;pm25 µg/m³;relativehumidity %;temperature c;um003 particles/cm³,2.733,2.733,28,manual_review_low_confidence,below_threshold
,,,,,,,,,,,,,,,,,,,,,,,,,,openaq_live_v3_1,Chineham EfW,Oakley,facility,coordinates_lat_lon_radius_capped,lat_lon_columns,6133924,Orch cl,51.398192,-1.176112,66 AirGradient 12 AirGradient,pm1 µg/m³;pm25 µg/m³;relativehumidity %;temperature c;um003 particles/cm³,14.741,14.741,5,manual_review_low_confidence,below_threshold
,,,,,,,,,,,,,,,,,,,,,,,,,,openaq_live_v3_1,Chineham EfW,Oakley,facility,coordinates_lat_lon_radius_capped,lat_lon_columns,6134751,Beecham Rd,51.4560303,-1.0076382,66 AirGradient 12 AirGradient,pm1 µg/m³;pm25 µg/m³;relativehumidity %;temperature c;um003 particles/cm³,20.208,20.208,-4,manual_review_low_confidence,below_threshold
,,,,,,,,,,,,,,,,,,,,,,,,,,openaq_live_v3_1,Chineham EfW,Oakley,facility,bbox_25km_lonlat,lat_lon_columns,2424,Chilbolton Observatory - UKA00614,51.149616999677995,-1.4382279999584238,70 EEA 4 Unknown Governmental Organization,no2 µg/m³;o3 µg/m³;pm10 µg/m³;pm25 µg/m³;so2 µg/m³,28.858,28.858,12,manual_review_low_confidence,below_threshold
,,,,,,,,,,,,,,,,,,,,,,,,,,openaq_live_v3_1,Chineham EfW,Oakley,facility,bbox_25km_lonlat,lat_lon_columns,3069359,Hankley Common North,51.1808289,-0.7260056,66 AirGradient 11163 GavinS,pm1 µg/m³;pm10 µg/m³;pm25 µg/m³;relativehumidity %;temperature c;um003 particles/cm³,27.003,27.003,-22,manual_review_low_confidence,below_threshold
,,,,,,,,,,,,,,,,,,,,,,,,,,openaq_live_v3_1,Chineham EfW,Oakley,facility,bbox_25km_lonlat,lat_lon_columns,3080800,Walworth Road,51.2223611,-1.438124,66 AirGradient 11177 Mint,pm1 µg/m³;pm10 µg/m³;pm25 µg/m³;relativehumidity %;temperature c;um003 particles/cm³,25.735,25.735,-22,manual_review_low_confidence,below_threshold
,,,,,,,,,,,,,,,,,,,,,,,,,,openaq_live_v3_1,Chineham EfW,Oakley,facility,bbox_25km_lonlat,lat_lon_columns,3272014,Warfield CE Primary School,51.431533,-0.751285,66 AirGradient 11509 Unknown Person,pm1 µg/m³;pm10 µg/m³;pm25 µg/m³;relativehumidity %;temperature c;um003 particles/cm³,28.371,28.371,-22,manual_review_low_confidence,below_threshold
,,,,,,,,,,,,,,,,,,,,,,,,,,openaq_live_v3_1,Chineham EfW,Oakley,control,coordinates_lat_lon_radius_capped,lat_lon_columns,2424,Chilbolton Observatory - UKA00614,51.149616999677995,-1.4382279999584238,70 EEA 4 Unknown Governmental Organization,no2 µg/m³;o3 µg/m³;pm10 µg/m³;pm25 µg/m³;so2 µg/m³,28.858,23.656,33,manual_review_low_confidence,below_threshold
,,,,,,,,,,,,,,,,,,,,,,,,,,openaq_live_v3_1,Chineham EfW,Oakley,control,coordinates_lat_lon_radius_capped,lat_lon_columns,1793796,DN1 Outdoor,51.38626172761953,-0.9034570773981544,66 AirGradient 11015 Ggg,pm1 µg/m³;pm10 µg/m³;pm25 µg/m³;relativehumidity %;temperature c;um003 particles/cm³,17.031,22.746,-1,manual_review_low_confidence,below_threshold
,,,,,,,,,,,,,,,,,,,,,,,,,,openaq_live_v3_1,Chineham EfW,Oakley,control,coordinates_lat_lon_radius_capped,lat_lon_columns,2834801,Northumberland Avenue ,51.4356282,-0.9624044,66 AirGradient 11509 Unknown Person,pm1 µg/m³;pm10 µg/m³;pm25 µg/m³;relativehumidity %;temperature c;um003 particles/cm³,19.135,24.810,-1,manual_review_low_confidence,below_threshold
,,,,,,,,,,,,,,,,,,,,,,,,,,openaq_live_v3_1,Chineham EfW,Oakley,control,coordinates_lat_lon_radius_capped,lat_lon_columns,2858887,Northumberland Avenue,51.4357082,-0.962382,66 AirGradient 11047 RBC,pm1 µg/m³;pm10 µg/m³;pm25 µg/m³;relativehumidity %;temperature c;um003 particles/cm³,19.143,24.819,-1,manual_review_low_confidence,below_threshold
,,,,,,,,,,,,,,,,,,,,,,,,,,openaq_live_v3_1,Chineham EfW,Oakley,control,coordinates_lat_lon_radius_capped,lat_lon_columns,3080800,Walworth Road,51.2223611,-1.438124,66 AirGradient 11177 Mint,pm1 µg/m³;pm10 µg/m³;pm25 µg/m³;relativehumidity %;temperature c;um003 particles/cm³,25.735,21.541,-1,manual_review_low_confidence,below_threshold
,,,,,,,,,,,,,,,,,,,,,,,,,,openaq_live_v3_1,Chineham EfW,Oakley,control,coordinates_lat_lon_radius_capped,lat_lon_columns,3246956,Alton,51.14188,-0.97438,66 AirGradient 11509 Unknown Person,pm1 µg/m³;pm10 µg/m³;pm25 µg/m³;relativehumidity %;temperature c;um003 particles/cm³,17.030,15.261,-1,manual_review_low_confidence,below_threshold
,,,,,,,,,,,,,,,,,,,,,,,,,,openaq_live_v3_1,Chineham EfW,Oakley,control,coordinates_lat_lon_radius_capped,lat_lon_columns,3329389,Newbury,51.4115819,-1.2942061,66 AirGradient 11479 Critical Tinkerer,pm1 µg/m³;pm10 µg/m³;pm25 µg/m³;relativehumidity %;temperature c;um003 particles/cm³,20.867,22.376,-1,manual_review_low_confidence,below_threshold
,,,,,,,,,,,,,,,,,,,,,,,,,,openaq_live_v3_1,Chineham EfW,Oakley,control,coordinates_lat_lon_radius_capped,lat_lon_columns,3847750,DN2 Outdoor,51.386159620946344,-0.9034061154305075,66 AirGradient 11015 Ggg,pm1 µg/m³;pm25 µg/m³;relativehumidity %;temperature c;um003 particles/cm³,17.025,22.740,-1,manual_review_low_confidence,below_threshold
,,,,,,,,,,,,,,,,,,,,,,,,,,openaq_live_v3_1,Chineham EfW,Oakley,control,coordinates_lat_lon_radius_capped,lat_lon_columns,3939296,3939296,51.42580064599009,-0.9952652098159263,66 AirGradient 11500 Green Park Village Primary Academy,pm1 µg/m³;pm25 µg/m³;relativehumidity %;temperature c;um003 particles/cm³,17.247,22.825,-1,manual_review_low_confidence,below_threshold
,,,,,,,,,,,,,,,,,,,,,,,,,,openaq_live_v3_1,Chineham EfW,Oakley,control,coordinates_lat_lon_radius_capped,lat_lon_columns,4492080,Elvetham Heath ,51.293387,-0.84337,66 AirGradient 16809 Mark T,pm1 µg/m³;pm25 µg/m³;relativehumidity %;temperature c;um003 particles/cm³,16.523,20.843,-1,manual_review_low_confidence,below_threshold
,,,,,,,,,,,,,,,,,,,,,,,,,,openaq_live_v3_1,Chineham EfW,Oakley,control,coordinates_lat_lon_radius_capped,lat_lon_columns,5981280,Sherborne St John,51.2963503,-1.1093352,66 AirGradient 12 AirGradient,pm1 µg/m³;pm25 µg/m³;relativehumidity %;temperature c;um003 particles/cm³,2.733,6.584,16,manual_review_low_confidence,below_threshold
,,,,,,,,,,,,,,,,,,,,,,,,,,openaq_live_v3_1,Chineham EfW,Oakley,control,coordinates_lat_lon_radius_capped,lat_lon_columns,6133924,Orch cl,51.398192,-1.176112,66 AirGradient 12 AirGradient,pm1 µg/m³;pm25 µg/m³;relativehumidity %;temperature c;um003 particles/cm³,14.741,18.041,-1,manual_review_low_confidence,below_threshold
,,,,,,,,,,,,,,,,,,,,,,,,,,openaq_live_v3_1,Chineham EfW,Oakley,control,bbox_25km_lonlat,lat_lon_columns,2410,Reading London Road - UKA00620,51.454895999704384,-0.9403820000794095,70 EEA 4 Unknown Governmental Organization,no2 µg/m³;pm10 µg/m³,21.729,27.421,15,manual_review_low_confidence,below_threshold
,,,,,,,,,,,,,,,,,,,,,,,,,,openaq_live_v3_1,Chineham EfW,Oakley,control,bbox_25km_lonlat,lat_lon_columns,2479,Reading New Town - UKA00462,51.453089999530995,-0.9440669998676476,70 EEA 4 Unknown Governmental Organization,no2 µg/m³;o3 µg/m³;pm10 µg/m³;pm25 µg/m³,21.436,27.122,15,manual_review_low_confidence,below_threshold
,,,,,,,,,,,,,,,,,,,,,,,,,,openaq_live_v3_1,Chineham EfW,Oakley,control,bbox_25km_lonlat,lat_lon_columns,225778,Reading - New Town,51.4529847075166,-0.944461432664066,205 London Air Quality Network 4 Unknown Governmental Organization,no2 ppb;no2 µg/m³;o3 µg/m³;pm10 µg/m³;pm25 µg/m³,21.413,27.099,15,manual_review_low_confidence,below_threshold
,,,,,,,,,,,,,,,,,,,,,,,,,,openaq_live_v3_1,Chineham EfW,Oakley,control,bbox_25km_lonlat,lat_lon_columns,1813439,Design Nature 2 ,51.439696,-0.949368,66 AirGradient 11509 Unknown Person,pm1 µg/m³;pm10 µg/m³;pm25 µg/m³;relativehumidity %;temperature c;um003 particles/cm³,19.940,25.641,-19,manual_review_low_confidence,below_threshold
,,,,,,,,,,,,,,,,,,,,,,,,,,openaq_live_v3_1,Chineham EfW,Oakley,control,bbox_25km_lonlat,lat_lon_columns,2165655,Reading School Outdoor,51.44775300627921,-0.9554175470538501,66 AirGradient 11509 Unknown Person,pm25 µg/m³;temperature c,20.561,26.228,-19,manual_review_low_confidence,below_threshold
,,,,,,,,,,,,,,,,,,,,,,,,,,openaq_live_v3_1,Chineham EfW,Oakley,control,bbox_25km_lonlat,lat_lon_columns,2882018,SJCR Car Park,51.446046,-0.94838,66 AirGradient 11509 Unknown Person,pm1 µg/m³;pm10 µg/m³;pm25 µg/m³;relativehumidity %;temperature c;um003 particles/cm³,20.601,26.291,-19,manual_review_low_confidence,below_threshold
,,,,,,,,,,,,,,,,,,,,,,,,,,openaq_live_v3_1,Chineham EfW,Oakley,control,bbox_25km_lonlat,lat_lon_columns,3431596,"OXFORD ROAD COMMUNITY SCHOOL 146 OXFORD ROAD,READING,RG1 7PJ",51.45567209377554,-0.9862261406158451,66 AirGradient 11509 Unknown Person,pm1 µg/m³;pm25 µg/m³;relativehumidity %;temperature c;um003 particles/cm³,20.590,26.123,-19,manual_review_low_confidence,below_threshold
,,,,,,,,,,,,,,,,,,,,,,,,,,openaq_live_v3_1,Chineham EfW,Oakley,control,bbox_25km_lonlat,lat_lon_columns,3735753,"RUAO, University of Reading",51.44143714556161,-0.9377832970101964,"66 AirGradient 11457 Department of Meteorology, University of Reading",pm1 µg/m³;pm25 µg/m³;relativehumidity %;temperature c;um003 particles/cm³,20.488,26.210,-19,manual_review_low_confidence,below_threshold
,,,,,,,,,,,,,,,,,,,,,,,,,,openaq_live_v3_1,Chineham EfW,Oakley,control,bbox_25km_lonlat,lat_lon_columns,4898483,Emmbrook,51.4213346,-0.8493279,66 AirGradient 9122 Marco,pm1 µg/m³;pm25 µg/m³;relativehumidity %;temperature c;um003 particles/cm³,22.441,28.159,-19,manual_review_low_confidence,below_threshold
,,,,,,,,,,,,,,,,,,,,,,,,,,openaq_live_v3_1,Chineham EfW,Oakley,control,bbox_25km_lonlat,lat_lon_columns,6134751,Beecham Rd,51.4560303,-1.0076382,66 AirGradient 12 AirGradient,pm1 µg/m³;pm25 µg/m³;relativehumidity %;temperature c;um003 particles/cm³,20.208,25.629,-19,manual_review_low_confidence,below_threshold
,,,,,,,,,,,,,,,,,,,,,,,,,,openaq_live_v3_1,Crossness Sludge Plant,Crayford,facility,coordinates_lat_lon_radius_capped,lat_lon_columns,60,Haringey - Haringey Town Hall,51.599302,-0.068218,205 London Air Quality Network 4 Unknown Governmental Organization,no2 µg/m³;pm25 µg/m³,20.472,20.472,30,manual_review_low_confidence,below_threshold
,,,,,,,,,,,,,,,,,,,,,,,,,,openaq_live_v3_1,Crossness Sludge Plant,Crayford,facility,coordinates_lat_lon_radius_capped,lat_lon_columns,146,Southwark - A2 Old Kent Road,51.4804994936467,-0.0595528932573422,205 London Air Quality Network 4 Unknown Governmental Organization,no2 µg/m³;pm10 µg/m³;pm25 µg/m³,15.930,15.930,30,manual_review_low_confidence,below_threshold
,,,,,,,,,,,,,,,,,,,,,,,,,,openaq_live_v3_1,Crossness Sludge Plant,Crayford,facility,coordinates_lat_lon_radius_capped,lat_lon_columns,147,Greenwich - Eltham,51.45258,0.070766,205 London Air Quality Network 4 Unknown Governmental Organization,no2 µg/m³;o3 µg/m³;pm10 µg/m³;pm25 µg/m³,8.035,8.035,47,manual_review_low_confidence,candidate_needs_review
,,,,,,,,,,,,,,,,,,,,,,,,,,openaq_live_v3_1,Crossness Sludge Plant,Crayford,facility,coordinates_lat_lon_radius_capped,lat_lon_columns,148,Camden - Bloomsbury,51.52228699999999,-0.125848,205 London Air Quality Network 4 Unknown Governmental Organization,no2 µg/m³;o3 µg/m³;pm10 µg/m³;pm25 µg/m³;so2 µg/m³,20.788,20.788,30,manual_review_low_confidence,below_threshold
,,,,,,,,,,,,,,,,,,,,,,,,,,openaq_live_v3_1,Crossness Sludge Plant,Crayford,facility,coordinates_lat_lon_radius_capped,lat_lon_columns,150,London Haringey Priory Park South - UKA00568,51.58412799971813,-0.1252540000016108,70 EEA 4 Unknown Governmental Organization,no2 µg/m³;o3 µg/m³;pm10 µg/m³;pm25 µg/m³,22.947,22.947,30,manual_review_low_confidence,below_threshold
,,,,,,,,,,,,,,,,,,,,,,,,,,openaq_live_v3_1,Crossness Sludge Plant,Crayford,facility,coordinates_lat_lon_radius_capped,lat_lon_columns,151,Tower Hamlets - Mile End Road,51.5225294860844,-0.0421550991900347,205 London Air Quality Network 4 Unknown Governmental Organization,no2 µg/m³;pm25 µg/m³,15.122,15.122,30,manual_review_low_confidence,below_threshold
,,,,,,,,,,,,,,,,,,,,,,,,,,openaq_live_v3_1,Crossness Sludge Plant,Crayford,facility,coordinates_lat_lon_radius_capped,lat_lon_columns,152,Camden - Swiss Cottage,51.544219,-0.175284,205 London Air Quality Network 4 Unknown Governmental Organization,no2 µg/m³;pm10 µg/m³;pm25 µg/m³,24.641,24.641,30,manual_review_low_confidence,below_threshold
,,,,,,,,,,,,,,,,,,,,,,,,,,openaq_live_v3_1,Crossness Sludge Plant,Crayford,facility,coordinates_lat_lon_radius_capped,lat_lon_columns,154,Westminster - Marylebone Road,51.52254,-0.15459,205 London Air Quality Network 4 Unknown Governmental Organization,co µg/m³;no2 µg/m³;o3 µg/m³;pm10 µg/m³;pm25 µg/m³;so2 µg/m³,22.755,22.755,30,manual_review_low_confidence,below_threshold
,,,,,,,,,,,,,,,,,,,,,,,,,,openaq_live_v3_1,Crossness Sludge Plant,Crayford,facility,coordinates_lat_lon_radius_capped,lat_lon_columns,157,Bexley - Slade Green,51.4659832746662,0.184877126994369,205 London Air Quality Network 4 Unknown Governmental Organization,no2 µg/m³;o3 µg/m³;pm10 µg/m³;pm25 µg/m³;so2 µg/m³,2.862,2.862,62,plausible_candidate_needs_review,candidate_needs_review
,,,,,,,,,,,,,,,,,,,,,,,,,,openaq_live_v3_1,Crossness Sludge Plant,Crayford,facility,coordinates_lat_lon_radius_capped,lat_lon_columns,159,London Westminster - UKA00435,51.4946699996591,-0.13193099964204494,70 EEA 4 Unknown Governmental Organization,no2 µg/m³;o3 µg/m³;pm25 µg/m³,20.910,20.910,30,manual_review_low_confidence,below_threshold
,,,,,,,,,,,,,,,,,,,,,,,,,,openaq_live_v3_1,Crossness Sludge Plant,Crayford,facility,coordinates_lat_lon_radius_capped,lat_lon_columns,2395,Thurrock - UKA00272,51.47706999922149,0.31796900028704406,70 EEA 4 Unknown Governmental Organization,no2 µg/m³;o3 µg/m³;pm10 µg/m³;pm25 µg/m³;so2 µg/m³,10.347,10.347,39,manual_review_low_confidence,candidate_needs_review
,,,,,,,,,,,,,,,,,,,,,,,,,,openaq_live_v3_1,Crossness Sludge Plant,Crayford,facility,coordinates_lat_lon_radius_capped,lat_lon_columns,2489,Thurrock - Stanford-le-Hope,51.518162,0.439548,205 London Air Quality Network 4 Unknown Governmental Organization,no2 µg/m³;pm10 µg/m³;pm25 µg/m³,18.918,18.918,30,manual_review_low_confidence,below_threshold
,,,,,,,,,,,,,,,,,,,,,,,,,,openaq_live_v3_1,Crossness Sludge Plant,Crayford,facility,coordinates_lat_lon_radius_capped,lat_lon_columns,61486,Google Street View Car,51.503634709156785,-0.15036661820359595,135 london mobile 5 Unknown Research Organization,co2 ppm;no ppm;no2 ppm;nox µg/m³;pm25 µg/m³,22.229,22.229,8,manual_review_low_confidence,below_threshold
,,,,,,,,,,,,,,,,,,,,,,,,,,openaq_live_v3_1,Crossness Sludge Plant,Crayford,facility,coordinates_lat_lon_radius_capped,lat_lon_columns,61487,Google Street View Car,51.50225232682155,-0.16491291569562416,135 london mobile 5 Unknown Research Organization,co2 ppm;no ppm;no2 ppm;nox µg/m³;pm25 µg/m³,23.225,23.225,8,manual_review_low_confidence,below_threshold
,,,,,,,,,,,,,,,,,,,,,,,,,,openaq_live_v3_1,Crossness Sludge Plant,Crayford,facility,coordinates_lat_lon_radius_capped,lat_lon_columns,223686,Brook Drive,51.493213,-0.101559,137 london stationary 5 Unknown Research Organization,no2 ppm,18.804,18.804,8,manual_review_low_confidence,below_threshold
,,,,,,,,,,,,,,,,,,,,,,,,,,openaq_live_v3_1,Crossness Sludge Plant,Crayford,facility,coordinates_lat_lon_radius_capped,lat_lon_columns,223687,Black Horse Court,51.496482,-0.088226,137 london stationary 5 Unknown Research Organization,no2 ppm;pm25 µg/m³,17.892,17.892,8,manual_review_low_confidence,below_threshold
,,,,,,,,,,,,,,,,,,,,,,,,,,openaq_live_v3_1,Crossness Sludge Plant,Crayford,facility,coordinates_lat_lon_radius_capped,lat_lon_columns,223689,Holloway Bus Garage,51.561917,-0.132947,137 london stationary 5 Unknown Research Organization,no µg/m³;no2 ppm;nox µg/m³;pm25 µg/m³,22.432,22.432,8,manual_review_low_confidence,below_threshold
,,,,,,,,,,,,,,,,,,,,,,,,,,openaq_live_v3_1,Crossness Sludge Plant,Crayford,facility,coordinates_lat_lon_radius_capped,lat_lon_columns,223691,West Smithsfield,51.518921,-0.100905,137 london stationary 5 Unknown Research Organization,no µg/m³;no2 ppm;nox µg/m³;pm25 µg/m³,19.024,19.024,8,manual_review_low_confidence,below_threshold
,,,,,,,,,,,,,,,,,,,,,,,,,,openaq_live_v3_1,Crossness Sludge Plant,Crayford,facility,coordinates_lat_lon_radius_capped,lat_lon_columns,223692,Brook Drive,51.493213,-0.101559,137 london stationary 5 Unknown Research Organization,no µg/m³;no2 ppm;nox µg/m³;pm25 µg/m³,18.804,18.804,8,manual_review_low_confidence,below_threshold
,,,,,,,,,,,,,,,,,,,,,,,,,,openaq_live_v3_1,Crossness Sludge Plant,Crayford,facility,coordinates_lat_lon_radius_capped,lat_lon_columns,223694,Cecilia Road,51.54989,-0.06836,137 london stationary 5 Unknown Research Organization,no µg/m³;no2 ppm;nox µg/m³;pm25 µg/m³,17.786,17.786,8,manual_review_low_confidence,below_threshold
,,,,,,,,,,,,,,,,,,,,,,,,,,openaq_live_v3_1,Crossness Sludge Plant,Crayford,facility,coordinates_lat_lon_radius_capped,lat_lon_columns,223695,Chigwell Road,51.595229,0.038207,137 london stationary 5 Unknown Research Organization,no µg/m³;no2 ppm;nox µg/m³;pm25 µg/m³,14.832,14.832,17,manual_review_low_confidence,below_threshold
,,,,,,,,,,,,,,,,,,,,,,,,,,openaq_live_v3_1,Crossness Sludge Plant,Crayford,facility,coordinates_lat_lon_radius_capped,lat_lon_columns,223696,St John's Upper Holloway CE Primary School,51.5625154,-0.132866,137 london stationary 5 Unknown Research Organization,no µg/m³;no2 ppm;nox µg/m³;pm25 µg/m³,22.450,22.450,8,manual_review_low_confidence,below_threshold
,,,,,,,,,,,,,,,,,,,,,,,,,,openaq_live_v3_1,Crossness Sludge Plant,Crayford,facility,coordinates_lat_lon_radius_capped,lat_lon_columns,223697,Commercial Street,51.518123,-0.074271,137 london stationary 5 Unknown Research Organization,no µg/m³;no2 ppm;nox µg/m³,17.194,17.194,8,manual_review_low_confidence,below_threshold
,,,,,,,,,,,,,,,,,,,,,,,,,,openaq_live_v3_1,Crossness Sludge Plant,Crayford,facility,coordinates_lat_lon_radius_capped,lat_lon_columns,223699,Stockwell Road,51.466706,-0.117473,137 london stationary 5 Unknown Research Organization,no µg/m³;no2 ppm;nox µg/m³;pm25 µg/m³,20.076,20.076,8,manual_review_low_confidence,below_threshold
,,,,,,,,,,,,,,,,,,,,,,,,,,openaq_live_v3_1,Crossness Sludge Plant,Crayford,facility,coordinates_lat_lon_radius_capped,lat_lon_columns,223702,Durham Street,51.485597,-0.11909,137 london stationary 5 Unknown Research Organization,no µg/m³;no2 ppm;nox µg/m³;pm25 µg/m³,20.022,20.022,8,manual_review_low_confidence,below_threshold
,,,,,,,,,,,,,,,,,,,,,,,,,,openaq_live_v3_1,Crossness Sludge Plant,Crayford,facility,coordinates_lat_lon_radius_capped,lat_lon_columns,223703,Caledonian Road,51.550067,-0.117987,137 london stationary 5 Unknown Research Organization,no µg/m³;no2 ppm;nox µg/m³;pm25 µg/m³,21.015,21.015,8,manual_review_low_confidence,below_threshold
,,,,,,,,,,,,,,,,,,,,,,,,,,openaq_live_v3_1,Crossness Sludge Plant,Crayford,facility,coordinates_lat_lon_radius_capped,lat_lon_columns,223704,Devas Street,51.523099,-0.012704,137 london stationary 5 Unknown Research Organization,no µg/m³;no2 ppm;nox µg/m³;pm25 µg/m³,13.170,13.170,17,manual_review_low_confidence,below_threshold
,,,,,,,,,,,,,,,,,,,,,,,,,,openaq_live_v3_1,Crossness Sludge Plant,Crayford,facility,coordinates_lat_lon_radius_capped,lat_lon_columns,223705,Churchill Gardens Road,51.486223,-0.14503,137 london stationary 5 Unknown Research Organization,no µg/m³;no2 ppm;nox µg/m³;pm25 µg/m³,21.816,21.816,8,manual_review_low_confidence,below_threshold
,,,,,,,,,,,,,,,,,,,,,,,,,,openaq_live_v3_1,Crossness Sludge Plant,Crayford,facility,coordinates_lat_lon_radius_capped,lat_lon_columns,223706,Clifford Street,51.51092,-0.141896,137 london stationary 5 Unknown Research Organization,no µg/m³;no2 ppm;nox µg/m³,21.714,21.714,8,manual_review_low_confidence,below_threshold
,,,,,,,,,,,,,,,,,,,,,,,,,,openaq_live_v3_1,Crossness Sludge Plant,Crayford,facility,coordinates_lat_lon_radius_capped,lat_lon_columns,223708,Glaisher Street,51.4831,-0.0188,137 london stationary 5 Unknown Research Organization,no2 ppm,13.095,13.095,17,manual_review_low_confidence,below_threshold
,,,,,,,,,,,,,,,,,,,,,,,,,,openaq_live_v3_1,Crossness Sludge Plant,Crayford,facility,coordinates_lat_lon_radius_capped,lat_lon_columns,223709,London Wall,51.516749,-0.085342,137 london stationary 5 Unknown Research Organization,no µg/m³;no2 ppm;nox µg/m³;pm25 µg/m³,17.922,17.922,8,manual_review_low_confidence,below_threshold
,,,,,,,,,,,,,,,,,,,,,,,,,,openaq_live_v3_1,Crossness Sludge Plant,Crayford,facility,coordinates_lat_lon_radius_capped,lat_lon_columns,223710,Savernake Road,51.5554849,-0.1523385,137 london stationary 5 Unknown Research Organization,no µg/m³;no2 ppm;nox µg/m³;pm25 µg/m³,23.460,23.460,8,manual_review_low_confidence,below_threshold
,,,,,,,,,,,,,,,,,,,,,,,,,,openaq_live_v3_1,Crossness Sludge Plant,Crayford,facility,coordinates_lat_lon_radius_capped,lat_lon_columns,223711,Fitzjohn Avenue,51.551247,-0.175939,137 london stationary 5 Unknown Research Organization,no2 ppm,24.885,24.885,8,manual_review_low_confidence,below_threshold
,,,,,,,,,,,,,,,,,,,,,,,,,,openaq_live_v3_1,Crossness Sludge Plant,Crayford,facility,coordinates_lat_lon_radius_capped,lat_lon_columns,223712,Holloway Road,51.555387,-0.116092,137 london stationary 5 Unknown Research Organization,no µg/m³;no2 ppm;nox µg/m³,21.087,21.087,8,manual_review_low_confidence,below_threshold
,,,,,,,,,,,,,,,,,,,,,,,,,,openaq_live_v3_1,Crossness Sludge Plant,Crayford,facility,coordinates_lat_lon_radius_capped,lat_lon_columns,223713,Morpeth Street,51.527588,-0.047295,137 london stationary 5 Unknown Research Organization,no µg/m³;no2 ppm;nox µg/m³;pm25 µg/m³,15.608,15.608,8,manual_review_low_confidence,below_threshold
,,,,,,,,,,,,,,,,,,,,,,,,,,openaq_live_v3_1,Crossness Sludge Plant,Crayford,facility,coordinates_lat_lon_radius_capped,lat_lon_columns,223714,Haimo Road,51.455253,0.040655,137 london stationary 5 Unknown Research Organization,no µg/m³;no2 ppm;nox µg/m³;pm25 µg/m³,9.756,9.756,25,manual_review_low_confidence,below_threshold
,,,,,,,,,,,,,,,,,,,,,,,,,,openaq_live_v3_1,Crossness Sludge Plant,Crayford,facility,coordinates_lat_lon_radius_capped,lat_lon_columns,223715,Broomhill Road,51.379382,0.100759,137 london stationary 5 Unknown Research Organization,no µg/m³;no2 ppm;nox µg/m³,13.203,13.203,17,manual_review_low_confidence,below_threshold
,,,,,,,,,,,,,,,,,,,,,,,,,,openaq_live_v3_1,Crossness Sludge Plant,Crayford,facility,coordinates_lat_lon_radius_capped,lat_lon_columns,223716,Woolwich Road,51.481228,0.126787,137 london stationary 5 Unknown Research Organization,no µg/m³;no2 ppm;nox µg/m³;pm25 µg/m³,3.147,3.147,34,manual_review_low_confidence,below_threshold
,,,,,,,,,,,,,,,,,,,,,,,,,,openaq_live_v3_1,Crossness Sludge Plant,Crayford,facility,coordinates_lat_lon_radius_capped,lat_lon_columns,223717,Dagnall Street,51.4738,-0.157493,137 london stationary 5 Unknown Research Organization,no µg/m³;no2 ppm;nox µg/m³;pm25 µg/m³,22.750,22.750,8,manual_review_low_confidence,below_threshold
,,,,,,,,,,,,,,,,,,,,,,,,,,openaq_live_v3_1,Crossness Sludge Plant,Crayford,facility,coordinates_lat_lon_radius_capped,lat_lon_columns,223718,Queen Margarets Grove,51.549215,-0.079761,137 london stationary 5 Unknown Research Organization,no µg/m³;no2 ppm;nox µg/m³;pm25 µg/m³,18.493,18.493,8,manual_review_low_confidence,below_threshold
,,,,,,,,,,,,,,,,,,,,,,,,,,openaq_live_v3_1,Crossness Sludge Plant,Crayford,facility,coordinates_lat_lon_radius_capped,lat_lon_columns,223719,Black Horse Court,51.496482,-0.088226,137 london stationary 5 Unknown Research Organization,no µg/m³,17.892,17.892,8,manual_review_low_confidence,below_threshold
,,,,,,,,,,,,,,,,,,,,,,,,,,openaq_live_v3_1,Crossness Sludge Plant,Crayford,facility,coordinates_lat_lon_radius_capped,lat_lon_columns,223721,Hunslett Street,51.529308,-0.048721,137 london stationary 5 Unknown Research Organization,no µg/m³;no2 ppm;nox µg/m³;pm25 µg/m³,15.755,15.755,8,manual_review_low_confidence,below_threshold
,,,,,,,,,,,,,,,,,,,,,,,,,,openaq_live_v3_1,Crossness Sludge Plant,Crayford,facility,coordinates_lat_lon_radius_capped,lat_lon_columns,223722,High Road,51.39905,-0.075379,137 london stationary 5 Unknown Research Organization,no µg/m³;no2 ppm;nox µg/m³,19.786,19.786,8,manual_review_low_confidence,below_threshold
,,,,,,,,,,,,,,,,,,,,,,,,,,openaq_live_v3_1,Crossness Sludge Plant,Crayford,facility,coordinates_lat_lon_radius_capped,lat_lon_columns,223723,Albert Street,51.536271,-0.143525,137 london stationary 5 Unknown Research Organization,no µg/m³;no2 ppm;nox µg/m³;pm25 µg/m³,22.298,22.298,8,manual_review_low_confidence,below_threshold
,,,,,,,,,,,,,,,,,,,,,,,,,,openaq_live_v3_1,Crossness Sludge Plant,Crayford,facility,coordinates_lat_lon_radius_capped,lat_lon_columns,223724,Cannon Street,51.511403,-0.089336,137 london stationary 5 Unknown Research Organization,no µg/m³;no2 ppm;nox µg/m³;pm25 µg/m³,18.108,18.108,8,manual_review_low_confidence,below_threshold
,,,,,,,,,,,,,,,,,,,,,,,,,,openaq_live_v3_1,Crossness Sludge Plant,Crayford,facility,coordinates_lat_lon_radius_capped,lat_lon_columns,223725,Peckham Road,51.474326,-0.078151,137 london stationary 5 Unknown Research Organization,no µg/m³;no2 ppm;nox µg/m³;pm25 µg/m³,17.272,17.272,8,manual_review_low_confidence,below_threshold
,,,,,,,,,,,,,,,,,,,,,,,,,,openaq_live_v3_1,Crossness Sludge Plant,Crayford,facility,coordinates_lat_lon_radius_capped,lat_lon_columns,223726,King William Walk,51.481858,-0.008609,137 london stationary 5 Unknown Research Organization,no µg/m³;no2 ppm;nox µg/m³,12.400,12.400,17,manual_review_low_confidence,below_threshold
,,,,,,,,,,,,,,,,,,,,,,,,,,openaq_live_v3_1,Crossness Sludge Plant,Crayford,facility,coordinates_lat_lon_radius_capped,lat_lon_columns,223727,Ballance Road,51.5456,-0.03614,137 london stationary 5 Unknown Research Organization,no µg/m³;no2 ppm;nox µg/m³;pm25 µg/m³,15.546,15.546,8,manual_review_low_confidence,below_threshold
,,,,,,,,,,,,,,,,,,,,,,,,,,openaq_live_v3_1,Crossness Sludge Plant,Crayford,facility,coordinates_lat_lon_radius_capped,lat_lon_columns,223728,Haverstock Hill,51.549012,-0.162351,137 london stationary 5 Unknown Research Organization,no µg/m³;no2 ppm;nox µg/m³;pm25 µg/m³,23.914,23.914,8,manual_review_low_confidence,below_threshold
,,,,,,,,,,,,,,,,,,,,,,,,,,openaq_live_v3_1,Crossness Sludge Plant,Crayford,facility,coordinates_lat_lon_radius_capped,lat_lon_columns,223729,Oakdale Road,51.592485,0.033284,137 london stationary 5 Unknown Research Organization,no µg/m³;no2 ppm;nox µg/m³;pm25 µg/m³,14.807,14.807,17,manual_review_low_confidence,below_threshold
,,,,,,,,,,,,,,,,,,,,,,,,,,openaq_live_v3_1,Crossness Sludge Plant,Crayford,facility,coordinates_lat_lon_radius_capped,lat_lon_columns,223732,Richmond Road,51.54337,-0.057899,137 london stationary 5 Unknown Research Organization,no2 ppm,16.849,16.849,8,manual_review_low_confidence,below_threshold
,,,,,,,,,,,,,,,,,,,,,,,,,,openaq_live_v3_1,Crossness Sludge Plant,Crayford,facility,coordinates_lat_lon_radius_capped,lat_lon_columns,223733,Whitehall,51.504566,-0.126167,137 london stationary 5 Unknown Research Organization,no µg/m³;no2 ppm;nox µg/m³;pm25 µg/m³,20.566,20.566,8,manual_review_low_confidence,below_threshold
,,,,,,,,,,,,,,,,,,,,,,,,,,openaq_live_v3_1,Crossness Sludge Plant,Crayford,facility,coordinates_lat_lon_radius_capped,lat_lon_columns,223736,Romford Road,51.554615,0.058982,137 london stationary 5 Unknown Research Organization,no µg/m³,10.518,10.518,17,manual_review_low_confidence,below_threshold
,,,,,,,,,,,,,,,,,,,,,,,,,,openaq_live_v3_1,Crossness Sludge Plant,Crayford,facility,coordinates_lat_lon_radius_capped,lat_lon_columns,223737,Commercial Street,51.518123,-0.074271,137 london stationary 5 Unknown Research Organization,pm25 µg/m³,17.194,17.194,8,manual_review_low_confidence,below_threshold
,,,,,,,,,,,,,,,,,,,,,,,,,,openaq_live_v3_1,Crossness Sludge Plant,Crayford,facility,coordinates_lat_lon_radius_capped,lat_lon_columns,223738,Columbia Road,51.528491,-0.074268,137 london stationary 5 Unknown Research Organization,no µg/m³;no2 ppm;nox µg/m³;pm25 µg/m³,17.438,17.438,8,manual_review_low_confidence,below_threshold
,,,,,,,,,,,,,,,,,,,,,,,,,,openaq_live_v3_1,Crossness Sludge Plant,Crayford,facility,coordinates_lat_lon_radius_capped,lat_lon_columns,223739,Edgware Road,51.51419,-0.161979,137 london stationary 5 Unknown Research Organization,no µg/m³;no2 ppm;nox µg/m³;pm25 µg/m³,23.136,23.136,8,manual_review_low_confidence,below_threshold
,,,,,,,,,,,,,,,,,,,,,,,,,,openaq_live_v3_1,Crossness Sludge Plant,Crayford,facility,coordinates_lat_lon_radius_capped,lat_lon_columns,223740,Shaftsbury Avenue,51.51207,-0.131959,137 london stationary 5 Unknown Research Organization,no µg/m³;no2 ppm;nox µg/m³;pm25 µg/m³,21.045,21.045,8,manual_review_low_confidence,below_threshold
,,,,,,,,,,,,,,,,,,,,,,,,,,openaq_live_v3_1,Crossness Sludge Plant,Crayford,facility,coordinates_lat_lon_radius_capped,lat_lon_columns,223741,Park Lane,51.507988,-0.153446,137 london stationary 5 Unknown Research Organization,no µg/m³;no2 ppm;nox µg/m³;pm25 µg/m³,22.479,22.479,8,manual_review_low_confidence,below_threshold
,,,,,,,,,,,,,,,,,,,,,,,,,,openaq_live_v3_1,Crossness Sludge Plant,Crayford,facility,coordinates_lat_lon_radius_capped,lat_lon_columns,223742,Farringdon Street,51.514743,-0.104526,137 london stationary 5 Unknown Research Organization,no µg/m³,19.200,19.200,8,manual_review_low_confidence,below_threshold
,,,,,,,,,,,,,,,,,,,,,,,,,,openaq_live_v3_1,Crossness Sludge Plant,Crayford,facility,coordinates_lat_lon_radius_capped,lat_lon_columns,223743,Southbury Road,51.649088,-0.054961,137 london stationary 5 Unknown Research Organization,no µg/m³;no2 ppm;nox µg/m³;pm25 µg/m³,23.551,23.551,8,manual_review_low_confidence,below_threshold
,,,,,,,,,,,,,,,,,,,,,,,,,,openaq_live_v3_1,Crossness Sludge Plant,Crayford,facility,coordinates_lat_lon_radius_capped,lat_lon_columns,223744,St James,51.474143,-0.038547,137 london stationary 5 Unknown Research Organization,no µg/m³;no2 ppm;nox µg/m³;pm25 µg/m³,14.549,14.549,17,manual_review_low_confidence,below_threshold
,,,,,,,,,,,,,,,,,,,,,,,,,,openaq_live_v3_1,Crossness Sludge Plant,Crayford,facility,coordinates_lat_lon_radius_capped,lat_lon_columns,223748,Cadogan Gardens,51.493217,-0.158772,137 london stationary 5 Unknown Research Organization,no µg/m³;no2 ppm;nox µg/m³;pm25 µg/m³,22.765,22.765,8,manual_review_low_confidence,below_threshold
,,,,,,,,,,,,,,,,,,,,,,,,,,openaq_live_v3_1,Crossness Sludge Plant,Crayford,facility,coordinates_lat_lon_radius_capped,lat_lon_columns,223749,Beckenham Lane,51.4073728,0.0057789,137 london stationary 5 Unknown Research Organization,no µg/m³;no2 ppm;nox µg/m³,14.626,14.626,17,manual_review_low_confidence,below_threshold
,,,,,,,,,,,,,,,,,,,,,,,,,,openaq_live_v3_1,Crossness Sludge Plant,Crayford,facility,coordinates_lat_lon_radius_capped,lat_lon_columns,223750,Geraldine Street,51.49562,-0.105412,137 london stationary 5 Unknown Research Organization,no µg/m³;no2 ppm;nox µg/m³;pm25 µg/m³,19.077,19.077,8,manual_review_low_confidence,below_threshold
,,,,,,,,,,,,,,,,,,,,,,,,,,openaq_live_v3_1,Crossness Sludge Plant,Crayford,facility,coordinates_lat_lon_radius_capped,lat_lon_columns,223751,Church Street,51.4813,-0.00986,137 london stationary 5 Unknown Research Organization,no µg/m³;no2 ppm;nox µg/m³,12.491,12.491,17,manual_review_low_confidence,below_threshold
,,,,,,,,,,,,,,,,,,,,,,,,,,openaq_live_v3_1,Crossness Sludge Plant,Crayford,facility,coordinates_lat_lon_radius_capped,lat_lon_columns,223752,Station Parade,51.539063,0.080874,137 london stationary 5 Unknown Research Organization,no µg/m³;no2 ppm;nox µg/m³;pm25 µg/m³,8.234,8.234,25,manual_review_low_confidence,below_threshold
,,,,,,,,,,,,,,,,,,,,,,,,,,openaq_live_v3_1,Crossness Sludge Plant,Crayford,facility,coordinates_lat_lon_radius_capped,lat_lon_columns,223753,Whipps Cross University Hospital,51.577305,0.00283,137 london stationary 5 Unknown Research Organization,no2 ppm;pm25 µg/m³,15.098,15.098,8,manual_review_low_confidence,below_threshold
,,,,,,,,,,,,,,,,,,,,,,,,,,openaq_live_v3_1,Crossness Sludge Plant,Crayford,facility,coordinates_lat_lon_radius_capped,lat_lon_columns,223754,Marylebone,51.52304,-0.174732,137 london stationary 5 Unknown Research Organization,no µg/m³;no2 ppm;nox µg/m³;pm25 µg/m³,24.140,24.140,8,manual_review_low_confidence,below_threshold
,,,,,,,,,,,,,,,,,,,,,,,,,,openaq_live_v3_1,Crossness Sludge Plant,Crayford,facility,coordinates_lat_lon_radius_capped,lat_lon_columns,223755,St Thomas's Hospital,51.499104,-0.11705,137 london stationary 5 Unknown Research Organization,no2 ppm;pm25 µg/m³,19.898,19.898,8,manual_review_low_confidence,below_threshold
,,,,,,,,,,,,,,,,,,,,,,,,,,openaq_live_v3_1,Crossness Sludge Plant,Crayford,facility,coordinates_lat_lon_radius_capped,lat_lon_columns,223756,Blackfriars Road,51.505529,-0.104345,137 london stationary 5 Unknown Research Organization,no µg/m³;no2 ppm;nox µg/m³,19.070,19.070,8,manual_review_low_confidence,below_threshold
,,,,,,,,,,,,,,,,,,,,,,,,,,openaq_live_v3_1,Crossness Sludge Plant,Crayford,facility,coordinates_lat_lon_radius_capped,lat_lon_columns,223757,Mansford Street,51.528757,-0.061823,137 london stationary 5 Unknown Research Organization,no µg/m³;no2 ppm;nox µg/m³;pm25 µg/m³,16.612,16.612,8,manual_review_low_confidence,below_threshold
,,,,,,,,,,,,,,,,,,,,,,,,,,openaq_live_v3_1,Crossness Sludge Plant,Crayford,facility,coordinates_lat_lon_radius_capped,lat_lon_columns,223758,Bonington Road,51.544414,0.21182,137 london stationary 5 Unknown Research Organization,no µg/m³;no2 ppm;nox µg/m³;pm25 µg/m³,6.707,6.707,25,manual_review_low_confidence,below_threshold
,,,,,,,,,,,,,,,,,,,,,,,,,,openaq_live_v3_1,Crossness Sludge Plant,Crayford,facility,coordinates_lat_lon_radius_capped,lat_lon_columns,223759,North Middlesex University Hospital,51.6130738,-0.075493,137 london stationary 5 Unknown Research Organization,no µg/m³;no2 ppm;nox µg/m³,21.804,21.804,8,manual_review_low_confidence,below_threshold
,,,,,,,,,,,,,,,,,,,,,,,,,,openaq_live_v3_1,Crossness Sludge Plant,Crayford,facility,coordinates_lat_lon_radius_capped,lat_lon_columns,223761,Camberwell Road,51.475739,-0.093557,137 london stationary 5 Unknown Research Organization,no µg/m³;no2 ppm;nox µg/m³;pm25 µg/m³,18.319,18.319,8,manual_review_low_confidence,below_threshold
,,,,,,,,,,,,,,,,,,,,,,,,,,openaq_live_v3_1,Crossness Sludge Plant,Crayford,facility,coordinates_lat_lon_radius_capped,lat_lon_columns,223763,The Royal London Hospital,51.518778,-0.058917,137 london stationary 5 Unknown Research Organization,no µg/m³;no2 ppm;nox µg/m³;pm25 µg/m³,16.164,16.164,8,manual_review_low_confidence,below_threshold
,,,,,,,,,,,,,,,,,,,,,,,,,,openaq_live_v3_1,Crossness Sludge Plant,Crayford,facility,coordinates_lat_lon_radius_capped,lat_lon_columns,223765,Woolwich Manor Way,51.515901,0.060587,137 london stationary 5 Unknown Research Organization,no µg/m³;no2 ppm;nox µg/m³,8.102,8.102,25,manual_review_low_confidence,below_threshold
,,,,,,,,,,,,,,,,,,,,,,,,,,openaq_live_v3_1,Crossness Sludge Plant,Crayford,facility,coordinates_lat_lon_radius_capped,lat_lon_columns,223766,Pemberton Gardens,51.562469,-0.132545,137 london stationary 5 Unknown Research Organization,no µg/m³;no2 ppm;nox µg/m³;pm25 µg/m³,22.428,22.428,8,manual_review_low_confidence,below_threshold
,,,,,,,,,,,,,,,,,,,,,,,,,,openaq_live_v3_1,Crossness Sludge Plant,Crayford,facility,coordinates_lat_lon_radius_capped,lat_lon_columns,223767,Bank Junction,51.513206,-0.088786,137 london stationary 5 Unknown Research Organization,no µg/m³;no2 ppm;nox µg/m³;pm25 µg/m³,18.098,18.098,8,manual_review_low_confidence,below_threshold
,,,,,,,,,,,,,,,,,,,,,,,,,,openaq_live_v3_1,Crossness Sludge Plant,Crayford,facility,coordinates_lat_lon_radius_capped,lat_lon_columns,223768,Whitecross,51.521451,-0.092771,137 london stationary 5 Unknown Research Organization,no µg/m³;no2 ppm;nox µg/m³;pm25 µg/m³,18.520,18.520,8,manual_review_low_confidence,below_threshold
,,,,,,,,,,,,,,,,,,,,,,,,,,openaq_live_v3_1,Crossness Sludge Plant,Crayford,facility,coordinates_lat_lon_radius_capped,lat_lon_columns,223769,Cornwall Road,51.506643,-0.112107,137 london stationary 5 Unknown Research Organization,no µg/m³;no2 ppm;nox µg/m³;pm25 µg/m³,19.616,19.616,8,manual_review_low_confidence,below_threshold
,,,,,,,,,,,,,,,,,,,,,,,,,,openaq_live_v3_1,Crossness Sludge Plant,Crayford,facility,coordinates_lat_lon_radius_capped,lat_lon_columns,223771,Holloway Road,51.555387,-0.116092,137 london stationary 5 Unknown Research Organization,no µg/m³;no2 ppm;nox µg/m³;pm25 µg/m³,21.087,21.087,8,manual_review_low_confidence,below_threshold
,,,,,,,,,,,,,,,,,,,,,,,,,,openaq_live_v3_1,Crossness Sludge Plant,Crayford,facility,coordinates_lat_lon_radius_capped,lat_lon_columns,223772,Drury Lane,51.513472,-0.119223,137 london stationary 5 Unknown Research Organization,no µg/m³;no2 ppm;nox µg/m³;pm25 µg/m³,20.189,20.189,8,manual_review_low_confidence,below_threshold
,,,,,,,,,,,,,,,,,,,,,,,,,,openaq_live_v3_1,Crossness Sludge Plant,Crayford,facility,coordinates_lat_lon_radius_capped,lat_lon_columns,223774,Wood Lane,51.561372,0.148582,137 london stationary 5 Unknown Research Organization,no µg/m³;no2 ppm;nox µg/m³;pm25 µg/m³,8.073,8.073,25,manual_review_low_confidence,below_threshold
,,,,,,,,,,,,,,,,,,,,,,,,,,openaq_live_v3_1,Crossness Sludge Plant,Crayford,facility,coordinates_lat_lon_radius_capped,lat_lon_columns,223775,Laystall St,51.522514,-0.112014,137 london stationary 5 Unknown Research Organization,no µg/m³;no2 ppm;nox µg/m³;pm25 µg/m³,19.850,19.850,8,manual_review_low_confidence,below_threshold
,,,,,,,,,,,,,,,,,,,,,,,,,,openaq_live_v3_1,Crossness Sludge Plant,Crayford,facility,coordinates_lat_lon_radius_capped,lat_lon_columns,223777,Lollard Street,51.492714,-0.114098,137 london stationary 5 Unknown Research Organization,no µg/m³;no2 ppm;nox µg/m³;pm25 µg/m³,19.671,19.671,8,manual_review_low_confidence,below_threshold
,,,,,,,,,,,,,,,,,,,,,,,,,,openaq_live_v3_1,Crossness Sludge Plant,Crayford,facility,coordinates_lat_lon_radius_capped,lat_lon_columns,223778,Farringdon Street,51.514743,-0.104526,137 london stationary 5 Unknown Research Organization,no2 ppm;pm25 µg/m³,19.200,19.200,8,manual_review_low_confidence,below_threshold
,,,,,,,,,,,,,,,,,,,,,,,,,,openaq_live_v3_1,Crossness Sludge Plant,Crayford,facility,coordinates_lat_lon_radius_capped,lat_lon_columns,223779,Broomhill Road,51.379382,0.100759,137 london stationary 5 Unknown Research Organization,no µg/m³;no2 ppm;nox µg/m³,13.203,13.203,17,manual_review_low_confidence,below_threshold
,,,,,,,,,,,,,,,,,,,,,,,,,,openaq_live_v3_1,Crossness Sludge Plant,Crayford,facility,coordinates_lat_lon_radius_capped,lat_lon_columns,223780,Monnery Road,51.560567,-0.135615,137 london stationary 5 Unknown Research Organization,no µg/m³;no2 ppm;nox µg/m³;pm25 µg/m³,22.552,22.552,8,manual_review_low_confidence,below_threshold
,,,,,,,,,,,,,,,,,,,,,,,,,,openaq_live_v3_1,Crossness Sludge Plant,Crayford,facility,coordinates_lat_lon_radius_capped,lat_lon_columns,223781,Romford Road,51.554615,0.058982,137 london stationary 5 Unknown Research Organization,no µg/m³;no2 ppm;nox µg/m³;pm25 µg/m³,10.518,10.518,17,manual_review_low_confidence,below_threshold
,,,,,,,,,,,,,,,,,,,,,,,,,,openaq_live_v3_1,Crossness Sludge Plant,Crayford,facility,coordinates_lat_lon_radius_capped,lat_lon_columns,223782,Wandsworth Road,51.475735,-0.131209,137 london stationary 5 Unknown Research Organization,no µg/m³;no2 ppm;nox µg/m³;pm25 µg/m³,20.918,20.918,8,manual_review_low_confidence,below_threshold
,,,,,,,,,,,,,,,,,,,,,,,,,,openaq_live_v3_1,Crossness Sludge Plant,Crayford,facility,coordinates_lat_lon_radius_capped,lat_lon_columns,223783,Ellenborough Road,51.59906,-0.095201,137 london stationary 5 Unknown Research Organization,no µg/m³;no2 ppm;nox µg/m³;pm25 µg/m³,21.986,21.986,8,manual_review_low_confidence,below_threshold
,,,,,,,,,,,,,,,,,,,,,,,,,,openaq_live_v3_1,Crossness Sludge Plant,Crayford,facility,coordinates_lat_lon_radius_capped,lat_lon_columns,223785,Lancell Street,51.5618,-0.07587,137 london stationary 5 Unknown Research Organization,no µg/m³;no2 ppm;nox µg/m³;pm25 µg/m³,18.790,18.790,8,manual_review_low_confidence,below_threshold
,,,,,,,,,,,,,,,,,,,,,,,,,,openaq_live_v3_1,Crossness Sludge Plant,Crayford,facility,coordinates_lat_lon_radius_capped,lat_lon_columns,223786,Royal Marsden Hospital,51.49081,-0.173236,137 london stationary 5 Unknown Research Organization,no µg/m³;no2 ppm;nox µg/m³,23.764,23.764,8,manual_review_low_confidence,below_threshold
,,,,,,,,,,,,,,,,,,,,,,,,,,openaq_live_v3_1,Crossness Sludge Plant,Crayford,facility,coordinates_lat_lon_radius_capped,lat_lon_columns,223787,Borough High Street,51.506131,-0.088654,137 london stationary 5 Unknown Research Organization,no µg/m³;no2 ppm;nox µg/m³;pm25 µg/m³,17.995,17.995,8,manual_review_low_confidence,below_threshold
,,,,,,,,,,,,,,,,,,,,,,,,,,openaq_live_v3_1,Crossness Sludge Plant,Crayford,facility,coordinates_lat_lon_radius_capped,lat_lon_columns,223790,Finchley Road,51.544237,-0.17523,137 london stationary 5 Unknown Research Organization,no µg/m³;no2 ppm;nox µg/m³,24.638,24.638,8,manual_review_low_confidence,below_threshold
,,,,,,,,,,,,,,,,,,,,,,,,,,openaq_live_v3_1,Crossness Sludge Plant,Crayford,facility,coordinates_lat_lon_radius_capped,lat_lon_columns,223791,Royal Free Hospital,51.553606,-0.16701,137 london stationary 5 Unknown Research Organization,no µg/m³;no2 ppm;nox µg/m³;pm25 µg/m³,24.366,24.366,8,manual_review_low_confidence,below_threshold
,,,,,,,,,,,,,,,,,,,,,,,,,,openaq_live_v3_1,Crossness Sludge Plant,Crayford,facility,coordinates_lat_lon_radius_capped,lat_lon_columns,223793,Markfield Road,51.583916,-0.064269,137 london stationary 5 Unknown Research Organization,no µg/m³;no2 ppm;nox µg/m³;pm25 µg/m³,19.277,19.277,8,manual_review_low_confidence,below_threshold
,,,,,,,,,,,,,,,,,,,,,,,,,,openaq_live_v3_1,Crossness Sludge Plant,Crayford,facility,coordinates_lat_lon_radius_capped,lat_lon_columns,223795,Rosebery Avenue,51.52844,-0.10692,137 london stationary 5 Unknown Research Organization,no µg/m³;no2 ppm;nox µg/m³;pm25 µg/m³,19.636,19.636,8,manual_review_low_confidence,below_threshold
,,,,,,,,,,,,,,,,,,,,,,,,,,openaq_live_v3_1,Crossness Sludge Plant,Crayford,facility,coordinates_lat_lon_radius_capped,lat_lon_columns,223796,Tower Bridge Road,51.501965,-0.077592,137 london stationary 5 Unknown Research Organization,no µg/m³;no2 ppm;nox µg/m³;pm25 µg/m³,17.192,17.192,8,manual_review_low_confidence,below_threshold
,,,,,,,,,,,,,,,,,,,,,,,,,,openaq_live_v3_1,Crossness Sludge Plant,Crayford,facility,coordinates_lat_lon_radius_capped,lat_lon_columns,223797,Cowcross Street,51.52011,-0.103411,137 london stationary 5 Unknown Research Organization,no µg/m³;no2 ppm;nox µg/m³;pm25 µg/m³,19.217,19.217,8,manual_review_low_confidence,below_threshold
,,,,,,,,,,,,,,,,,,,,,,,,,,openaq_live_v3_1,Crossness Sludge Plant,Crayford,facility,coordinates_lat_lon_radius_10000,lat_lon_columns,223802,Newham University Hospital,51.522407,0.037865,137 london stationary 5 Unknown Research Organization,no µg/m³;no2 ppm;nox µg/m³;pm25 µg/m³,9.830,9.830,25,manual_review_low_confidence,below_threshold
,,,,,,,,,,,,,,,,,,,,,,,,,,openaq_live_v3_1,Crossness Sludge Plant,Crayford,facility,coordinates_lat_lon_radius_10000,lat_lon_columns,223804,Broadway Street,51.45788,0.135353,137 london stationary 5 Unknown Research Organization,no µg/m³;no2 ppm;nox µg/m³;pm25 µg/m³,4.303,4.303,34,manual_review_low_confidence,below_threshold
,,,,,,,,,,,,,,,,,,,,,,,,,,openaq_live_v3_1,Crossness Sludge Plant,Crayford,facility,coordinates_lat_lon_radius_10000,lat_lon_columns,225705,Bexley - Belvedere West,51.4946486813055,0.137279111232178,205 London Air Quality Network 4 Unknown Governmental Organization,no2 µg/m³;o3 µg/m³;pm10 µg/m³;pm25 µg/m³,2.324,2.324,62,plausible_candidate_needs_review,candidate_needs_review
,,,,,,,,,,,,,,,,,,,,,,,,,,openaq_live_v3_1,Crossness Sludge Plant,Crayford,facility,coordinates_lat_lon_radius_10000,lat_lon_columns,225708,Barking and Dagenham - Rush Green,51.563752,0.177891,205 London Air Quality Network 4 Unknown Governmental Organization,no2 µg/m³;so2 µg/m³,8.219,8.219,47,manual_review_low_confidence,candidate_needs_review
,,,,,,,,,,,,,,,,,,,,,,,,,,openaq_live_v3_1,Crossness Sludge Plant,Crayford,facility,coordinates_lat_lon_radius_10000,lat_lon_columns,225714,Bexley - Belvedere,51.4906102082147,0.158914493927518,205 London Air Quality Network 4 Unknown Governmental Organization,no2 ppb;no2 µg/m³;pm10 µg/m³;pm25 µg/m³,0.771,0.771,67,plausible_candidate_needs_review,candidate_needs_review
,,,,,,,,,,,,,,,,,,,,,,,,,,openaq_live_v3_1,Crossness Sludge Plant,Crayford,facility,coordinates_lat_lon_radius_10000,lat_lon_columns,225727,Barking and Dagenham - Scrattons Farm,51.529389,0.132857,205 London Air Quality Network 4 Unknown Governmental Organization,no2 µg/m³;pm10 µg/m³,5.078,5.078,47,manual_review_low_confidence,candidate_needs_review
,,,,,,,,,,,,,,,,,,,,,,,,,,openaq_live_v3_1,Crossness Sludge Plant,Crayford,facility,coordinates_lat_lon_radius_10000,lat_lon_columns,225740,Dartford - St Clements 2,51.448823581151,0.279379130223739,205 London Air Quality Network 4 Unknown Governmental Organization,no2 ppb;no2 µg/m³;pm10 µg/m³,8.852,8.852,47,manual_review_low_confidence,candidate_needs_review
,,,,,,,,,,,,,,,,,,,,,,,,,,openaq_live_v3_1,Crossness Sludge Plant,Crayford,facility,coordinates_lat_lon_radius_10000,lat_lon_columns,225746,Dartford Roadside 2 - Town Centre,51.4426702340503,0.216185856662181,205 London Air Quality Network 4 Unknown Governmental Organization,no2 µg/m³;pm10 µg/m³,6.159,6.159,47,manual_review_low_confidence,candidate_needs_review
,,,,,,,,,,,,,,,,,,,,,,,,,,openaq_live_v3_1,Crossness Sludge Plant,Crayford,facility,coordinates_lat_lon_radius_10000,lat_lon_columns,225747,Greenwich - A206 Burrage Grove,51.490532,0.074003,205 London Air Quality Network 4 Unknown Governmental Organization,no2 ppb;no2 µg/m³;pm10 µg/m³;pm25 µg/m³,6.647,6.647,47,manual_review_low_confidence,candidate_needs_review
,,,,,,,,,,,,,,,,,,,,,,,,,,openaq_live_v3_1,Crossness Sludge Plant,Crayford,facility,coordinates_lat_lon_radius_10000,lat_lon_columns,225751,Greenwich - Plumstead High Street,51.486957,0.095111,205 London Air Quality Network 4 Unknown Governmental Organization,no2 ppb;no2 µg/m³;o3 µg/m³;pm10 µg/m³;pm25 µg/m³,5.196,5.196,47,manual_review_low_confidence,candidate_needs_review
,,,,,,,,,,,,,,,,,,,,,,,,,,openaq_live_v3_1,Crossness Sludge Plant,Crayford,facility,coordinates_lat_lon_radius_10000,lat_lon_columns,225763,Havering - Rainham,51.520787459334,0.20546070569404398,205 London Air Quality Network 4 Unknown Governmental Organization,no2 ppb;no2 µg/m³;pm10 µg/m³;pm25 µg/m³,4.212,4.212,56,plausible_candidate_needs_review,candidate_needs_review
,,,,,,,,,,,,,,,,,,,,,,,,,,openaq_live_v3_1,Crossness Sludge Plant,Crayford,facility,coordinates_lat_lon_radius_10000,lat_lon_columns,225769,Greenwich - Fiveways Sidcup Rd A20,51.4346627060562,0.0642224671704697,205 London Air Quality Network 4 Unknown Governmental Organization,no2 ppb;no2 µg/m³;pm10 µg/m³,9.569,9.569,47,manual_review_low_confidence,candidate_needs_review
,,,,,,,,,,,,,,,,,,,,,,,,,,openaq_live_v3_1,Crossness Sludge Plant,Crayford,facility,coordinates_lat_lon_radius_10000,lat_lon_columns,225789,Havering - Romford,51.572976,0.179079,205 London Air Quality Network 4 Unknown Governmental Organization,no2 ppb;no2 µg/m³;pm10 µg/m³,9.248,9.248,47,manual_review_low_confidence,candidate_needs_review
,,,,,,,,,,,,,,,,,,,,,,,,,,openaq_live_v3_1,Crossness Sludge Plant,Crayford,facility,coordinates_lat_lon_radius_10000,lat_lon_columns,225796,Greenwich - Falconwood,51.4563,0.085606,205 London Air Quality Network 4 Unknown Governmental Organization,no2 µg/m³;o3 µg/m³;pm10 µg/m³;pm25 µg/m³,6.943,6.943,47,manual_review_low_confidence,candidate_needs_review
,,,,,,,,,,,,,,,,,,,,,,,,,,openaq_live_v3_1,Crossness Sludge Plant,Crayford,facility,coordinates_lat_lon_radius_10000,lat_lon_columns,225797,Greenwich - Westhorne Avenue,51.456357,0.040725,205 London Air Quality Network 4 Unknown Governmental Organization,no2 µg/m³;o3 µg/m³;pm10 µg/m³;pm25 µg/m³,9.704,9.704,47,manual_review_low_confidence,candidate_needs_review
,,,,,,,,,,,,,,,,,,,,,,,,,,openaq_live_v3_1,Crossness Sludge Plant,Crayford,facility,coordinates_lat_lon_radius_10000,lat_lon_columns,225836,Thurrock - London Road (Purfleet),51.478697,0.255133,205 London Air Quality Network 4 Unknown Governmental Organization,no2 µg/m³;pm10 µg/m³,6.027,6.027,47,manual_review_low_confidence,candidate_needs_review
,,,,,,,,,,,,,,,,,,,,,,,,,,openaq_live_v3_1,Crossness Sludge Plant,Crayford,facility,coordinates_lat_lon_radius_10000,lat_lon_columns,426753,Newham - East Ham Town Hall,51.5330166040173,0.0550002064487128,205 London Air Quality Network 4 Unknown Governmental Organization,no2 µg/m³;pm25 µg/m³,9.285,9.285,47,manual_review_low_confidence,candidate_needs_review
,,,,,,,,,,,,,,,,,,,,,,,,,,openaq_live_v3_1,Crossness Sludge Plant,Crayford,facility,coordinates_lat_lon_radius_10000,lat_lon_columns,4242608,Ealing,51.5133,0.3043,66 AirGradient 16780 Home Oli & Manu,pm1 µg/m³;pm25 µg/m³;relativehumidity %;temperature c;um003 particles/cm³,9.650,9.650,13,manual_review_low_confidence,below_threshold
,,,,,,,,,,,,,,,,,,,,,,,,,,openaq_live_v3_1,Crossness Sludge Plant,Crayford,facility,coordinates_lat_lon_radius_10000,lat_lon_columns,4990521,Dartford - Town Centre,51.442557781389,0.215950164318913,205 London Air Quality Network 4 Unknown Governmental Organization,no2 µg/m³;pm10 µg/m³,6.161,6.161,47,manual_review_low_confidence,candidate_needs_review
,,,,,,,,,,,,,,,,,,,,,,,,,,openaq_live_v3_1,Crossness Sludge Plant,Crayford,facility,bbox_25km_lonlat,lat_lon_columns,223700,Garrett Lane,51.440399,-0.186775,137 london stationary 5 Unknown Research Organization,no µg/m³,25.323,25.323,-10,manual_review_low_confidence,below_threshold
,,,,,,,,,,,,,,,,,,,,,,,,,,openaq_live_v3_1,Crossness Sludge Plant,Crayford,facility,bbox_25km_lonlat,lat_lon_columns,223745,Hertford Road,51.673753,-0.038301,137 london stationary 5 Unknown Research Organization,no µg/m³;no2 ppm;nox µg/m³;pm25 µg/m³,24.993,24.993,8,manual_review_low_confidence,below_threshold
,,,,,,,,,,,,,,,,,,,,,,,,,,openaq_live_v3_1,Crossness Sludge Plant,Crayford,facility,bbox_25km_lonlat,lat_lon_columns,223776,Steerforth Street,51.438489,-0.187703,137 london stationary 5 Unknown Research Organization,no2 ppm,25.433,25.433,-10,manual_review_low_confidence,below_threshold
,,,,,,,,,,,,,,,,,,,,,,,,,,openaq_live_v3_1,Crossness Sludge Plant,Crayford,facility,bbox_25km_lonlat,lat_lon_columns,223789,St Anns Hill,51.456143,-0.18927,137 london stationary 5 Unknown Research Organization,no µg/m³;no2 ppm;nox µg/m³;pm25 µg/m³,25.167,25.167,-10,manual_review_low_confidence,below_threshold
,,,,,,,,,,,,,,,,,,,,,,,,,,openaq_live_v3_1,Crossness Sludge Plant,Crayford,control,coordinates_lat_lon_radius_capped,lat_lon_columns,60,Haringey - Haringey Town Hall,51.599302,-0.068218,205 London Air Quality Network 4 Unknown Governmental Organization,no2 µg/m³;pm25 µg/m³,20.472,20.951,33,manual_review_low_confidence,below_threshold
,,,,,,,,,,,,,,,,,,,,,,,,,,openaq_live_v3_1,Crossness Sludge Plant,Crayford,control,coordinates_lat_lon_radius_capped,lat_lon_columns,146,Southwark - A2 Old Kent Road,51.4804994936467,-0.0595528932573422,205 London Air Quality Network 4 Unknown Governmental Organization,no2 µg/m³;pm10 µg/m³;pm25 µg/m³,15.930,12.410,42,manual_review_low_confidence,candidate_needs_review
,,,,,,,,,,,,,,,,,,,,,,,,,,openaq_live_v3_1,Crossness Sludge Plant,Crayford,control,coordinates_lat_lon_radius_capped,lat_lon_columns,147,Greenwich - Eltham,51.45258,0.070766,205 London Air Quality Network 4 Unknown Governmental Organization,no2 µg/m³;o3 µg/m³;pm10 µg/m³;pm25 µg/m³,8.035,2.887,65,plausible_candidate_needs_review,candidate_needs_review
,,,,,,,,,,,,,,,,,,,,,,,,,,openaq_live_v3_1,Crossness Sludge Plant,Crayford,control,coordinates_lat_lon_radius_capped,lat_lon_columns,148,Camden - Bloomsbury,51.52228699999999,-0.125848,205 London Air Quality Network 4 Unknown Governmental Organization,no2 µg/m³;o3 µg/m³;pm10 µg/m³;pm25 µg/m³;so2 µg/m³,20.788,18.419,33,manual_review_low_confidence,below_threshold
,,,,,,,,,,,,,,,,,,,,,,,,,,openaq_live_v3_1,Crossness Sludge Plant,Crayford,control,coordinates_lat_lon_radius_capped,lat_lon_columns,150,London Haringey Priory Park South - UKA00568,51.58412799971813,-0.1252540000016108,70 EEA 4 Unknown Governmental Organization,no2 µg/m³;o3 µg/m³;pm10 µg/m³;pm25 µg/m³,22.947,22.334,33,manual_review_low_confidence,below_threshold
,,,,,,,,,,,,,,,,,,,,,,,,,,openaq_live_v3_1,Crossness Sludge Plant,Crayford,control,coordinates_lat_lon_radius_capped,lat_lon_columns,151,Tower Hamlets - Mile End Road,51.5225294860844,-0.0421550991900347,205 London Air Quality Network 4 Unknown Governmental Organization,no2 µg/m³;pm25 µg/m³,15.122,13.515,42,manual_review_low_confidence,candidate_needs_review
,,,,,,,,,,,,,,,,,,,,,,,,,,openaq_live_v3_1,Crossness Sludge Plant,Crayford,control,coordinates_lat_lon_radius_capped,lat_lon_columns,152,Camden - Swiss Cottage,51.544219,-0.175284,205 London Air Quality Network 4 Unknown Governmental Organization,no2 µg/m³;pm10 µg/m³;pm25 µg/m³,24.641,22.578,33,manual_review_low_confidence,below_threshold
,,,,,,,,,,,,,,,,,,,,,,,,,,openaq_live_v3_1,Crossness Sludge Plant,Crayford,control,coordinates_lat_lon_radius_capped,lat_lon_columns,154,Westminster - Marylebone Road,51.52254,-0.15459,205 London Air Quality Network 4 Unknown Governmental Organization,co µg/m³;no2 µg/m³;o3 µg/m³;pm10 µg/m³;pm25 µg/m³;so2 µg/m³,22.755,20.227,33,manual_review_low_confidence,below_threshold
,,,,,,,,,,,,,,,,,,,,,,,,,,openaq_live_v3_1,Crossness Sludge Plant,Crayford,control,coordinates_lat_lon_radius_capped,lat_lon_columns,155,Kensington and Chelsea - North Ken,51.5210467476039,-0.213492139585065,205 London Air Quality Network 4 Unknown Governmental Organization,co µg/m³;no2 µg/m³;o3 µg/m³;pm10 µg/m³;pm25 µg/m³;so2 µg/m³,26.766,23.947,33,manual_review_low_confidence,below_threshold
,,,,,,,,,,,,,,,,,,,,,,,,,,openaq_live_v3_1,Crossness Sludge Plant,Crayford,control,coordinates_lat_lon_radius_capped,lat_lon_columns,157,Bexley - Slade Green,51.4659832746662,0.184877126994369,205 London Air Quality Network 4 Unknown Governmental Organization,no2 µg/m³;o3 µg/m³;pm10 µg/m³;pm25 µg/m³;so2 µg/m³,2.862,5.461,50,manual_review_low_confidence,candidate_needs_review
,,,,,,,,,,,,,,,,,,,,,,,,,,openaq_live_v3_1,Crossness Sludge Plant,Crayford,control,coordinates_lat_lon_radius_capped,lat_lon_columns,159,London Westminster - UKA00435,51.4946699996591,-0.13193099964204494,70 EEA 4 Unknown Governmental Organization,no2 µg/m³;o3 µg/m³;pm25 µg/m³,20.910,17.663,33,manual_review_low_confidence,below_threshold
,,,,,,,,,,,,,,,,,,,,,,,,,,openaq_live_v3_1,Crossness Sludge Plant,Crayford,control,coordinates_lat_lon_radius_capped,lat_lon_columns,2395,Thurrock - UKA00272,51.47706999922149,0.31796900028704406,70 EEA 4 Unknown Governmental Organization,no2 µg/m³;o3 µg/m³;pm10 µg/m³;pm25 µg/m³;so2 µg/m³,10.347,14.658,42,manual_review_low_confidence,candidate_needs_review
,,,,,,,,,,,,,,,,,,,,,,,,,,openaq_live_v3_1,Crossness Sludge Plant,Crayford,control,coordinates_lat_lon_radius_capped,lat_lon_columns,2489,Thurrock - Stanford-le-Hope,51.518162,0.439548,205 London Air Quality Network 4 Unknown Governmental Organization,no2 µg/m³;pm10 µg/m³;pm25 µg/m³,18.918,24.015,33,manual_review_low_confidence,below_threshold
,,,,,,,,,,,,,,,,,,,,,,,,,,openaq_live_v3_1,Crossness Sludge Plant,Crayford,control,coordinates_lat_lon_radius_capped,lat_lon_columns,61486,Google Street View Car,51.503634709156785,-0.15036661820359595,135 london mobile 5 Unknown Research Organization,co2 ppm;no ppm;no2 ppm;nox µg/m³;pm25 µg/m³,22.229,19.184,11,manual_review_low_confidence,below_threshold
,,,,,,,,,,,,,,,,,,,,,,,,,,openaq_live_v3_1,Crossness Sludge Plant,Crayford,control,coordinates_lat_lon_radius_capped,lat_lon_columns,61487,Google Street View Car,51.50225232682155,-0.16491291569562416,135 london mobile 5 Unknown Research Organization,co2 ppm;no ppm;no2 ppm;nox µg/m³;pm25 µg/m³,23.225,20.093,11,manual_review_low_confidence,below_threshold
,,,,,,,,,,,,,,,,,,,,,,,,,,openaq_live_v3_1,Crossness Sludge Plant,Crayford,control,coordinates_lat_lon_radius_capped,lat_lon_columns,223686,Brook Drive,51.493213,-0.101559,137 london stationary 5 Unknown Research Organization,no2 ppm,18.804,15.613,11,manual_review_low_confidence,below_threshold
,,,,,,,,,,,,,,,,,,,,,,,,,,openaq_live_v3_1,Crossness Sludge Plant,Crayford,control,coordinates_lat_lon_radius_capped,lat_lon_columns,223687,Black Horse Court,51.496482,-0.088226,137 london stationary 5 Unknown Research Organization,no2 ppm;pm25 µg/m³,17.892,14.870,20,manual_review_low_confidence,below_threshold
,,,,,,,,,,,,,,,,,,,,,,,,,,openaq_live_v3_1,Crossness Sludge Plant,Crayford,control,coordinates_lat_lon_radius_capped,lat_lon_columns,223689,Holloway Bus Garage,51.561917,-0.132947,137 london stationary 5 Unknown Research Organization,no µg/m³;no2 ppm;nox µg/m³;pm25 µg/m³,22.432,21.163,11,manual_review_low_confidence,below_threshold
,,,,,,,,,,,,,,,,,,,,,,,,,,openaq_live_v3_1,Crossness Sludge Plant,Crayford,control,coordinates_lat_lon_radius_capped,lat_lon_columns,223690,Parkside,51.426126,-0.222013,137 london stationary 5 Unknown Research Organization,no µg/m³;no2 ppm;nox µg/m³;pm25 µg/m³,28.074,23.256,11,manual_review_low_confidence,below_threshold
,,,,,,,,,,,,,,,,,,,,,,,,,,openaq_live_v3_1,Crossness Sludge Plant,Crayford,control,coordinates_lat_lon_radius_capped,lat_lon_columns,223691,West Smithsfield,51.518921,-0.100905,137 london stationary 5 Unknown Research Organization,no µg/m³;no2 ppm;nox µg/m³;pm25 µg/m³,19.024,16.714,11,manual_review_low_confidence,below_threshold
,,,,,,,,,,,,,,,,,,,,,,,,,,openaq_live_v3_1,Crossness Sludge Plant,Crayford,control,coordinates_lat_lon_radius_capped,lat_lon_columns,223692,Brook Drive,51.493213,-0.101559,137 london stationary 5 Unknown Research Organization,no µg/m³;no2 ppm;nox µg/m³;pm25 µg/m³,18.804,15.613,11,manual_review_low_confidence,below_threshold
,,,,,,,,,,,,,,,,,,,,,,,,,,openaq_live_v3_1,Crossness Sludge Plant,Crayford,control,coordinates_lat_lon_radius_capped,lat_lon_columns,223694,Cecilia Road,51.54989,-0.06836,137 london stationary 5 Unknown Research Organization,no µg/m³;no2 ppm;nox µg/m³;pm25 µg/m³,17.786,16.863,11,manual_review_low_confidence,below_threshold
,,,,,,,,,,,,,,,,,,,,,,,,,,openaq_live_v3_1,Crossness Sludge Plant,Crayford,control,coordinates_lat_lon_radius_capped,lat_lon_columns,223695,Chigwell Road,51.595229,0.038207,137 london stationary 5 Unknown Research Organization,no µg/m³;no2 ppm;nox µg/m³;pm25 µg/m³,14.832,17.170,11,manual_review_low_confidence,below_threshold
,,,,,,,,,,,,,,,,,,,,,,,,,,openaq_live_v3_1,Crossness Sludge Plant,Crayford,control,coordinates_lat_lon_radius_capped,lat_lon_columns,223696,St John's Upper Holloway CE Primary School,51.5625154,-0.132866,137 london stationary 5 Unknown Research Organization,no µg/m³;no2 ppm;nox µg/m³;pm25 µg/m³,22.450,21.199,11,manual_review_low_confidence,below_threshold
,,,,,,,,,,,,,,,,,,,,,,,,,,openaq_live_v3_1,Crossness Sludge Plant,Crayford,control,coordinates_lat_lon_radius_capped,lat_lon_columns,223697,Commercial Street,51.518123,-0.074271,137 london stationary 5 Unknown Research Organization,no µg/m³;no2 ppm;nox µg/m³,17.194,15.069,11,manual_review_low_confidence,below_threshold
,,,,,,,,,,,,,,,,,,,,,,,,,,openaq_live_v3_1,Crossness Sludge Plant,Crayford,control,coordinates_lat_lon_radius_capped,lat_lon_columns,223698,Charing Cross Hospital,51.487354,-0.221561,137 london stationary 5 Unknown Research Organization,no µg/m³;no2 ppm;nox µg/m³;pm25 µg/m³,27.112,23.501,11,manual_review_low_confidence,below_threshold
,,,,,,,,,,,,,,,,,,,,,,,,,,openaq_live_v3_1,Crossness Sludge Plant,Crayford,control,coordinates_lat_lon_radius_capped,lat_lon_columns,223699,Stockwell Road,51.466706,-0.117473,137 london stationary 5 Unknown Research Organization,no µg/m³;no2 ppm;nox µg/m³;pm25 µg/m³,20.076,16.017,11,manual_review_low_confidence,below_threshold
,,,,,,,,,,,,,,,,,,,,,,,,,,openaq_live_v3_1,Crossness Sludge Plant,Crayford,control,coordinates_lat_lon_radius_capped,lat_lon_columns,223700,Garrett Lane,51.440399,-0.186775,137 london stationary 5 Unknown Research Organization,no µg/m³,25.323,20.702,11,manual_review_low_confidence,below_threshold
,,,,,,,,,,,,,,,,,,,,,,,,,,openaq_live_v3_1,Crossness Sludge Plant,Crayford,control,coordinates_lat_lon_radius_capped,lat_lon_columns,223702,Durham Street,51.485597,-0.11909,137 london stationary 5 Unknown Research Organization,no µg/m³;no2 ppm;nox µg/m³;pm25 µg/m³,20.022,16.532,11,manual_review_low_confidence,below_threshold
,,,,,,,,,,,,,,,,,,,,,,,,,,openaq_live_v3_1,Crossness Sludge Plant,Crayford,control,coordinates_lat_lon_radius_capped,lat_lon_columns,223703,Caledonian Road,51.550067,-0.117987,137 london stationary 5 Unknown Research Organization,no µg/m³;no2 ppm;nox µg/m³;pm25 µg/m³,21.015,19.551,11,manual_review_low_confidence,below_threshold
,,,,,,,,,,,,,,,,,,,,,,,,,,openaq_live_v3_1,Crossness Sludge Plant,Crayford,control,coordinates_lat_lon_radius_capped,lat_lon_columns,223704,Devas Street,51.523099,-0.012704,137 london stationary 5 Unknown Research Organization,no µg/m³;no2 ppm;nox µg/m³;pm25 µg/m³,13.170,12.017,20,manual_review_low_confidence,below_threshold
,,,,,,,,,,,,,,,,,,,,,,,,,,openaq_live_v3_1,Crossness Sludge Plant,Crayford,control,coordinates_lat_lon_radius_capped,lat_lon_columns,223705,Churchill Gardens Road,51.486223,-0.14503,137 london stationary 5 Unknown Research Organization,no µg/m³;no2 ppm;nox µg/m³;pm25 µg/m³,21.816,18.291,11,manual_review_low_confidence,below_threshold
,,,,,,,,,,,,,,,,,,,,,,,,,,openaq_live_v3_1,Crossness Sludge Plant,Crayford,control,coordinates_lat_lon_radius_capped,lat_lon_columns,223706,Clifford Street,51.51092,-0.141896,137 london stationary 5 Unknown Research Organization,no µg/m³;no2 ppm;nox µg/m³,21.714,18.915,11,manual_review_low_confidence,below_threshold
,,,,,,,,,,,,,,,,,,,,,,,,,,openaq_live_v3_1,Crossness Sludge Plant,Crayford,control,coordinates_lat_lon_radius_capped,lat_lon_columns,223708,Glaisher Street,51.4831,-0.0188,137 london stationary 5 Unknown Research Organization,no2 ppm,13.095,9.858,28,manual_review_low_confidence,below_threshold
,,,,,,,,,,,,,,,,,,,,,,,,,,openaq_live_v3_1,Crossness Sludge Plant,Crayford,control,coordinates_lat_lon_radius_capped,lat_lon_columns,223709,London Wall,51.516749,-0.085342,137 london stationary 5 Unknown Research Organization,no µg/m³;no2 ppm;nox µg/m³;pm25 µg/m³,17.922,15.654,11,manual_review_low_confidence,below_threshold
,,,,,,,,,,,,,,,,,,,,,,,,,,openaq_live_v3_1,Crossness Sludge Plant,Crayford,control,coordinates_lat_lon_radius_capped,lat_lon_columns,223710,Savernake Road,51.5554849,-0.1523385,137 london stationary 5 Unknown Research Organization,no µg/m³;no2 ppm;nox µg/m³;pm25 µg/m³,23.460,21.853,11,manual_review_low_confidence,below_threshold
,,,,,,,,,,,,,,,,,,,,,,,,,,openaq_live_v3_1,Crossness Sludge Plant,Crayford,control,coordinates_lat_lon_radius_capped,lat_lon_columns,223711,Fitzjohn Avenue,51.551247,-0.175939,137 london stationary 5 Unknown Research Organization,no2 ppm,24.885,22.998,11,manual_review_low_confidence,below_threshold
,,,,,,,,,,,,,,,,,,,,,,,,,,openaq_live_v3_1,Crossness Sludge Plant,Crayford,control,coordinates_lat_lon_radius_capped,lat_lon_columns,223712,Holloway Road,51.555387,-0.116092,137 london stationary 5 Unknown Research Organization,no µg/m³;no2 ppm;nox µg/m³,21.087,19.796,11,manual_review_low_confidence,below_threshold
,,,,,,,,,,,,,,,,,,,,,,,,,,openaq_live_v3_1,Crossness Sludge Plant,Crayford,control,coordinates_lat_lon_radius_capped,lat_lon_columns,223713,Morpeth Street,51.527588,-0.047295,137 london stationary 5 Unknown Research Organization,no µg/m³;no2 ppm;nox µg/m³;pm25 µg/m³,15.608,14.143,20,manual_review_low_confidence,below_threshold
,,,,,,,,,,,,,,,,,,,,,,,,,,openaq_live_v3_1,Crossness Sludge Plant,Crayford,control,coordinates_lat_lon_radius_capped,lat_lon_columns,223714,Haimo Road,51.455253,0.040655,137 london stationary 5 Unknown Research Organization,no µg/m³;no2 ppm;nox µg/m³;pm25 µg/m³,9.756,4.993,37,manual_review_low_confidence,candidate_needs_review
,,,,,,,,,,,,,,,,,,,,,,,,,,openaq_live_v3_1,Crossness Sludge Plant,Crayford,control,coordinates_lat_lon_radius_capped,lat_lon_columns,223715,Broomhill Road,51.379382,0.100759,137 london stationary 5 Unknown Research Organization,no µg/m³;no2 ppm;nox µg/m³,13.203,7.639,28,manual_review_low_confidence,below_threshold
,,,,,,,,,,,,,,,,,,,,,,,,,,openaq_live_v3_1,Crossness Sludge Plant,Crayford,control,coordinates_lat_lon_radius_capped,lat_lon_columns,223716,Woolwich Road,51.481228,0.126787,137 london stationary 5 Unknown Research Organization,no µg/m³;no2 ppm;nox µg/m³;pm25 µg/m³,3.147,3.867,37,manual_review_low_confidence,candidate_needs_review
,,,,,,,,,,,,,,,,,,,,,,,,,,openaq_live_v3_1,Crossness Sludge Plant,Crayford,control,coordinates_lat_lon_radius_capped,lat_lon_columns,223717,Dagnall Street,51.4738,-0.157493,137 london stationary 5 Unknown Research Organization,no µg/m³;no2 ppm;nox µg/m³;pm25 µg/m³,22.750,18.873,11,manual_review_low_confidence,below_threshold
,,,,,,,,,,,,,,,,,,,,,,,,,,openaq_live_v3_1,Crossness Sludge Plant,Crayford,control,coordinates_lat_lon_radius_capped,lat_lon_columns,223718,Queen Margarets Grove,51.549215,-0.079761,137 london stationary 5 Unknown Research Organization,no µg/m³;no2 ppm;nox µg/m³;pm25 µg/m³,18.493,17.406,11,manual_review_low_confidence,below_threshold
,,,,,,,,,,,,,,,,,,,,,,,,,,openaq_live_v3_1,Crossness Sludge Plant,Crayford,control,coordinates_lat_lon_radius_capped,lat_lon_columns,223719,Black Horse Court,51.496482,-0.088226,137 london stationary 5 Unknown Research Organization,no µg/m³,17.892,14.870,20,manual_review_low_confidence,below_threshold
,,,,,,,,,,,,,,,,,,,,,,,,,,openaq_live_v3_1,Crossness Sludge Plant,Crayford,control,coordinates_lat_lon_radius_capped,lat_lon_columns,223720,Kensington Church Walk,51.501862,-0.19241,137 london stationary 5 Unknown Research Organization,no µg/m³;no2 ppm;nox µg/m³;pm25 µg/m³,25.123,21.905,11,manual_review_low_confidence,below_threshold
,,,,,,,,,,,,,,,,,,,,,,,,,,openaq_live_v3_1,Crossness Sludge Plant,Crayford,control,coordinates_lat_lon_radius_capped,lat_lon_columns,223721,Hunslett Street,51.529308,-0.048721,137 london stationary 5 Unknown Research Organization,no µg/m³;no2 ppm;nox µg/m³;pm25 µg/m³,15.755,14.340,20,manual_review_low_confidence,below_threshold
,,,,,,,,,,,,,,,,,,,,,,,,,,openaq_live_v3_1,Crossness Sludge Plant,Crayford,control,coordinates_lat_lon_radius_capped,lat_lon_columns,223722,High Road,51.39905,-0.075379,137 london stationary 5 Unknown Research Organization,no µg/m³;no2 ppm;nox µg/m³,19.786,14.056,20,manual_review_low_confidence,below_threshold
,,,,,,,,,,,,,,,,,,,,,,,,,,openaq_live_v3_1,Crossness Sludge Plant,Crayford,control,coordinates_lat_lon_radius_capped,lat_lon_columns,223723,Albert Street,51.536271,-0.143525,137 london stationary 5 Unknown Research Organization,no µg/m³;no2 ppm;nox µg/m³;pm25 µg/m³,22.298,20.227,11,manual_review_low_confidence,below_threshold
,,,,,,,,,,,,,,,,,,,,,,,,,,openaq_live_v3_1,Crossness Sludge Plant,Crayford,control,coordinates_lat_lon_radius_capped,lat_lon_columns,223724,Cannon Street,51.511403,-0.089336,137 london stationary 5 Unknown Research Organization,no µg/m³;no2 ppm;nox µg/m³;pm25 µg/m³,18.108,15.618,11,manual_review_low_confidence,below_threshold
,,,,,,,,,,,,,,,,,,,,,,,,,,openaq_live_v3_1,Crossness Sludge Plant,Crayford,control,coordinates_lat_lon_radius_capped,lat_lon_columns,223725,Peckham Road,51.474326,-0.078151,137 london stationary 5 Unknown Research Organization,no µg/m³;no2 ppm;nox µg/m³;pm25 µg/m³,17.272,13.481,20,manual_review_low_confidence,below_threshold
,,,,,,,,,,,,,,,,,,,,,,,,,,openaq_live_v3_1,Crossness Sludge Plant,Crayford,control,coordinates_lat_lon_radius_capped,lat_lon_columns,223726,King William Walk,51.481858,-0.008609,137 london stationary 5 Unknown Research Organization,no µg/m³;no2 ppm;nox µg/m³,12.400,9.157,28,manual_review_low_confidence,below_threshold
,,,,,,,,,,,,,,,,,,,,,,,,,,openaq_live_v3_1,Crossness Sludge Plant,Crayford,control,coordinates_lat_lon_radius_capped,lat_lon_columns,223727,Ballance Road,51.5456,-0.03614,137 london stationary 5 Unknown Research Organization,no µg/m³;no2 ppm;nox µg/m³;pm25 µg/m³,15.546,14.938,20,manual_review_low_confidence,below_threshold
,,,,,,,,,,,,,,,,,,,,,,,,,,openaq_live_v3_1,Crossness Sludge Plant,Crayford,control,coordinates_lat_lon_radius_capped,lat_lon_columns,223728,Haverstock Hill,51.549012,-0.162351,137 london stationary 5 Unknown Research Organization,no µg/m³;no2 ppm;nox µg/m³;pm25 µg/m³,23.914,22.061,11,manual_review_low_confidence,below_threshold
,,,,,,,,,,,,,,,,,,,,,,,,,,openaq_live_v3_1,Crossness Sludge Plant,Crayford,control,coordinates_lat_lon_radius_capped,lat_lon_columns,223729,Oakdale Road,51.592485,0.033284,137 london stationary 5 Unknown Research Organization,no µg/m³;no2 ppm;nox µg/m³;pm25 µg/m³,14.807,16.985,11,manual_review_low_confidence,below_threshold
,,,,,,,,,,,,,,,,,,,,,,,,,,openaq_live_v3_1,Crossness Sludge Plant,Crayford,control,coordinates_lat_lon_radius_capped,lat_lon_columns,223730,Ladbroke Grove,51.510768,-0.20529,137 london stationary 5 Unknown Research Organization,no µg/m³;no2 ppm;nox µg/m³;pm25 µg/m³,26.080,23.043,11,manual_review_low_confidence,below_threshold
,,,,,,,,,,,,,,,,,,,,,,,,,,openaq_live_v3_1,Crossness Sludge Plant,Crayford,control,coordinates_lat_lon_radius_capped,lat_lon_columns,223732,Richmond Road,51.54337,-0.057899,137 london stationary 5 Unknown Research Organization,no2 ppm,16.849,15.840,11,manual_review_low_confidence,below_threshold
,,,,,,,,,,,,,,,,,,,,,,,,,,openaq_live_v3_1,Crossness Sludge Plant,Crayford,control,coordinates_lat_lon_radius_capped,lat_lon_columns,223733,Whitehall,51.504566,-0.126167,137 london stationary 5 Unknown Research Organization,no µg/m³;no2 ppm;nox µg/m³;pm25 µg/m³,20.566,17.644,11,manual_review_low_confidence,below_threshold
,,,,,,,,,,,,,,,,,,,,,,,,,,openaq_live_v3_1,Crossness Sludge Plant,Crayford,control,coordinates_lat_lon_radius_capped,lat_lon_columns,223736,Romford Road,51.554615,0.058982,137 london stationary 5 Unknown Research Organization,no µg/m³,10.518,12.431,20,manual_review_low_confidence,below_threshold
,,,,,,,,,,,,,,,,,,,,,,,,,,openaq_live_v3_1,Crossness Sludge Plant,Crayford,control,coordinates_lat_lon_radius_capped,lat_lon_columns,223737,Commercial Street,51.518123,-0.074271,137 london stationary 5 Unknown Research Organization,pm25 µg/m³,17.194,15.069,11,manual_review_low_confidence,below_threshold
,,,,,,,,,,,,,,,,,,,,,,,,,,openaq_live_v3_1,Crossness Sludge Plant,Crayford,control,coordinates_lat_lon_radius_capped,lat_lon_columns,223738,Columbia Road,51.528491,-0.074268,137 london stationary 5 Unknown Research Organization,no µg/m³;no2 ppm;nox µg/m³;pm25 µg/m³,17.438,15.697,11,manual_review_low_confidence,below_threshold
,,,,,,,,,,,,,,,,,,,,,,,,,,openaq_live_v3_1,Crossness Sludge Plant,Crayford,control,coordinates_lat_lon_radius_capped,lat_lon_columns,223739,Edgware Road,51.51419,-0.161979,137 london stationary 5 Unknown Research Organization,no µg/m³;no2 ppm;nox µg/m³;pm25 µg/m³,23.136,20.341,11,manual_review_low_confidence,below_threshold
,,,,,,,,,,,,,,,,,,,,,,,,,,openaq_live_v3_1,Crossness Sludge Plant,Crayford,control,coordinates_lat_lon_radius_capped,lat_lon_columns,223740,Shaftsbury Avenue,51.51207,-0.131959,137 london stationary 5 Unknown Research Organization,no µg/m³;no2 ppm;nox µg/m³;pm25 µg/m³,21.045,18.327,11,manual_review_low_confidence,below_threshold
,,,,,,,,,,,,,,,,,,,,,,,,,,openaq_live_v3_1,Crossness Sludge Plant,Crayford,control,coordinates_lat_lon_radius_capped,lat_lon_columns,223741,Park Lane,51.507988,-0.153446,137 london stationary 5 Unknown Research Organization,no µg/m³;no2 ppm;nox µg/m³;pm25 µg/m³,22.479,19.546,11,manual_review_low_confidence,below_threshold
,,,,,,,,,,,,,,,,,,,,,,,,,,openaq_live_v3_1,Crossness Sludge Plant,Crayford,control,coordinates_lat_lon_radius_capped,lat_lon_columns,223742,Farringdon Street,51.514743,-0.104526,137 london stationary 5 Unknown Research Organization,no µg/m³,19.200,16.724,11,manual_review_low_confidence,below_threshold
,,,,,,,,,,,,,,,,,,,,,,,,,,openaq_live_v3_1,Crossness Sludge Plant,Crayford,control,coordinates_lat_lon_radius_capped,lat_lon_columns,223744,St James,51.474143,-0.038547,137 london stationary 5 Unknown Research Organization,no µg/m³;no2 ppm;nox µg/m³;pm25 µg/m³,14.549,10.815,20,manual_review_low_confidence,below_threshold
,,,,,,,,,,,,,,,,,,,,,,,,,,openaq_live_v3_1,Crossness Sludge Plant,Crayford,control,coordinates_lat_lon_radius_capped,lat_lon_columns,223747,Crowthorne Road,51.516554,-0.218503,137 london stationary 5 Unknown Research Organization,no µg/m³;no2 ppm;nox µg/m³;pm25 µg/m³,27.052,24.112,11,manual_review_low_confidence,below_threshold
,,,,,,,,,,,,,,,,,,,,,,,,,,openaq_live_v3_1,Crossness Sludge Plant,Crayford,control,coordinates_lat_lon_radius_capped,lat_lon_columns,223748,Cadogan Gardens,51.493217,-0.158772,137 london stationary 5 Unknown Research Organization,no µg/m³;no2 ppm;nox µg/m³;pm25 µg/m³,22.765,19.404,11,manual_review_low_confidence,below_threshold
,,,,,,,,,,,,,,,,,,,,,,,,,,openaq_live_v3_1,Crossness Sludge Plant,Crayford,control,coordinates_lat_lon_radius_capped,lat_lon_columns,223749,Beckenham Lane,51.4073728,0.0057789,137 london stationary 5 Unknown Research Organization,no µg/m³;no2 ppm;nox µg/m³,14.626,8.607,28,manual_review_low_confidence,below_threshold
,,,,,,,,,,,,,,,,,,,,,,,,,,openaq_live_v3_1,Crossness Sludge Plant,Crayford,control,coordinates_lat_lon_radius_capped,lat_lon_columns,223750,Geraldine Street,51.49562,-0.105412,137 london stationary 5 Unknown Research Organization,no µg/m³;no2 ppm;nox µg/m³;pm25 µg/m³,19.077,15.952,11,manual_review_low_confidence,below_threshold
,,,,,,,,,,,,,,,,,,,,,,,,,,openaq_live_v3_1,Crossness Sludge Plant,Crayford,control,coordinates_lat_lon_radius_capped,lat_lon_columns,223751,Church Street,51.4813,-0.00986,137 london stationary 5 Unknown Research Organization,no µg/m³;no2 ppm;nox µg/m³,12.491,9.210,28,manual_review_low_confidence,below_threshold
,,,,,,,,,,,,,,,,,,,,,,,,,,openaq_live_v3_1,Crossness Sludge Plant,Crayford,control,coordinates_lat_lon_radius_capped,lat_lon_columns,223752,Station Parade,51.539063,0.080874,137 london stationary 5 Unknown Research Organization,no µg/m³;no2 ppm;nox µg/m³;pm25 µg/m³,8.234,10.376,20,manual_review_low_confidence,below_threshold
,,,,,,,,,,,,,,,,,,,,,,,,,,openaq_live_v3_1,Crossness Sludge Plant,Crayford,control,coordinates_lat_lon_radius_capped,lat_lon_columns,223753,Whipps Cross University Hospital,51.577305,0.00283,137 london stationary 5 Unknown Research Organization,no2 ppm;pm25 µg/m³,15.098,16.258,11,manual_review_low_confidence,below_threshold
,,,,,,,,,,,,,,,,,,,,,,,,,,openaq_live_v3_1,Crossness Sludge Plant,Crayford,control,coordinates_lat_lon_radius_capped,lat_lon_columns,223754,Marylebone,51.52304,-0.174732,137 london stationary 5 Unknown Research Organization,no µg/m³;no2 ppm;nox µg/m³;pm25 µg/m³,24.140,21.528,11,manual_review_low_confidence,below_threshold
,,,,,,,,,,,,,,,,,,,,,,,,,,openaq_live_v3_1,Crossness Sludge Plant,Crayford,control,coordinates_lat_lon_radius_capped,lat_lon_columns,223755,St Thomas's Hospital,51.499104,-0.11705,137 london stationary 5 Unknown Research Organization,no2 ppm;pm25 µg/m³,19.898,16.841,11,manual_review_low_confidence,below_threshold
,,,,,,,,,,,,,,,,,,,,,,,,,,openaq_live_v3_1,Crossness Sludge Plant,Crayford,control,coordinates_lat_lon_radius_capped,lat_lon_columns,223756,Blackfriars Road,51.505529,-0.104345,137 london stationary 5 Unknown Research Organization,no µg/m³;no2 ppm;nox µg/m³,19.070,16.283,11,manual_review_low_confidence,below_threshold
,,,,,,,,,,,,,,,,,,,,,,,,,,openaq_live_v3_1,Crossness Sludge Plant,Crayford,control,coordinates_lat_lon_radius_capped,lat_lon_columns,223757,Mansford Street,51.528757,-0.061823,137 london stationary 5 Unknown Research Organization,no µg/m³;no2 ppm;nox µg/m³;pm25 µg/m³,16.612,15.016,11,manual_review_low_confidence,below_threshold
,,,,,,,,,,,,,,,,,,,,,,,,,,openaq_live_v3_1,Crossness Sludge Plant,Crayford,control,coordinates_lat_lon_radius_capped,lat_lon_columns,223758,Bonington Road,51.544414,0.21182,137 london stationary 5 Unknown Research Organization,no µg/m³;no2 ppm;nox µg/m³;pm25 µg/m³,6.707,12.790,20,manual_review_low_confidence,below_threshold
,,,,,,,,,,,,,,,,,,,,,,,,,,openaq_live_v3_1,Crossness Sludge Plant,Crayford,control,coordinates_lat_lon_radius_capped,lat_lon_columns,223759,North Middlesex University Hospital,51.6130738,-0.075493,137 london stationary 5 Unknown Research Organization,no µg/m³;no2 ppm;nox µg/m³,21.804,22.486,11,manual_review_low_confidence,below_threshold
,,,,,,,,,,,,,,,,,,,,,,,,,,openaq_live_v3_1,Crossness Sludge Plant,Crayford,control,coordinates_lat_lon_radius_capped,lat_lon_columns,223760,Parkside,51.426126,-0.222013,137 london stationary 5 Unknown Research Organization,no µg/m³;no2 ppm;nox µg/m³,28.074,23.256,11,manual_review_low_confidence,below_threshold
,,,,,,,,,,,,,,,,,,,,,,,,,,openaq_live_v3_1,Crossness Sludge Plant,Crayford,control,coordinates_lat_lon_radius_capped,lat_lon_columns,223761,Camberwell Road,51.475739,-0.093557,137 london stationary 5 Unknown Research Organization,no µg/m³;no2 ppm;nox µg/m³;pm25 µg/m³,18.319,14.556,20,manual_review_low_confidence,below_threshold
,,,,,,,,,,,,,,,,,,,,,,,,,,openaq_live_v3_1,Crossness Sludge Plant,Crayford,control,coordinates_lat_lon_radius_capped,lat_lon_columns,223763,The Royal London Hospital,51.518778,-0.058917,137 london stationary 5 Unknown Research Organization,no µg/m³;no2 ppm;nox µg/m³;pm25 µg/m³,16.164,14.212,20,manual_review_low_confidence,below_threshold
,,,,,,,,,,,,,,,,,,,,,,,,,,openaq_live_v3_1,Crossness Sludge Plant,Crayford,control,coordinates_lat_lon_radius_capped,lat_lon_columns,223765,Woolwich Manor Way,51.515901,0.060587,137 london stationary 5 Unknown Research Organization,no µg/m³;no2 ppm;nox µg/m³,8.102,8.365,28,manual_review_low_confidence,below_threshold
,,,,,,,,,,,,,,,,,,,,,,,,,,openaq_live_v3_1,Crossness Sludge Plant,Crayford,control,coordinates_lat_lon_radius_capped,lat_lon_columns,223766,Pemberton Gardens,51.562469,-0.132545,137 london stationary 5 Unknown Research Organization,no µg/m³;no2 ppm;nox µg/m³;pm25 µg/m³,22.428,21.178,11,manual_review_low_confidence,below_threshold
,,,,,,,,,,,,,,,,,,,,,,,,,,openaq_live_v3_1,Crossness Sludge Plant,Crayford,control,coordinates_lat_lon_radius_capped,lat_lon_columns,223767,Bank Junction,51.513206,-0.088786,137 london stationary 5 Unknown Research Organization,no µg/m³;no2 ppm;nox µg/m³;pm25 µg/m³,18.098,15.676,11,manual_review_low_confidence,below_threshold
,,,,,,,,,,,,,,,,,,,,,,,,,,openaq_live_v3_1,Crossness Sludge Plant,Crayford,control,coordinates_lat_lon_radius_capped,lat_lon_columns,223768,Whitecross,51.521451,-0.092771,137 london stationary 5 Unknown Research Organization,no µg/m³;no2 ppm;nox µg/m³;pm25 µg/m³,18.520,16.359,11,manual_review_low_confidence,below_threshold
,,,,,,,,,,,,,,,,,,,,,,,,,,openaq_live_v3_1,Crossness Sludge Plant,Crayford,control,coordinates_lat_lon_radius_capped,lat_lon_columns,223769,Cornwall Road,51.506643,-0.112107,137 london stationary 5 Unknown Research Organization,no µg/m³;no2 ppm;nox µg/m³;pm25 µg/m³,19.616,16.826,11,manual_review_low_confidence,below_threshold
,,,,,,,,,,,,,,,,,,,,,,,,,,openaq_live_v3_1,Crossness Sludge Plant,Crayford,control,coordinates_lat_lon_radius_capped,lat_lon_columns,223770,Roehampton Lane,51.455096,-0.243402,137 london stationary 5 Unknown Research Organization,no µg/m³;no2 ppm;nox µg/m³;pm25 µg/m³,28.895,24.620,11,manual_review_low_confidence,below_threshold
,,,,,,,,,,,,,,,,,,,,,,,,,,openaq_live_v3_1,Crossness Sludge Plant,Crayford,control,coordinates_lat_lon_radius_capped,lat_lon_columns,223771,Holloway Road,51.555387,-0.116092,137 london stationary 5 Unknown Research Organization,no µg/m³;no2 ppm;nox µg/m³;pm25 µg/m³,21.087,19.796,11,manual_review_low_confidence,below_threshold
,,,,,,,,,,,,,,,,,,,,,,,,,,openaq_live_v3_1,Crossness Sludge Plant,Crayford,control,coordinates_lat_lon_radius_capped,lat_lon_columns,223772,Drury Lane,51.513472,-0.119223,137 london stationary 5 Unknown Research Organization,no µg/m³;no2 ppm;nox µg/m³;pm25 µg/m³,20.189,17.582,11,manual_review_low_confidence,below_threshold
,,,,,,,,,,,,,,,,,,,,,,,,,,openaq_live_v3_1,Crossness Sludge Plant,Crayford,control,coordinates_lat_lon_radius_capped,lat_lon_columns,223773,Pattison Road,51.560877,-0.195749,137 london stationary 5 Unknown Research Organization,no µg/m³;no2 ppm;nox µg/m³;pm25 µg/m³,26.502,24.720,11,manual_review_low_confidence,below_threshold
,,,,,,,,,,,,,,,,,,,,,,,,,,openaq_live_v3_1,Crossness Sludge Plant,Crayford,control,coordinates_lat_lon_radius_capped,lat_lon_columns,223774,Wood Lane,51.561372,0.148582,137 london stationary 5 Unknown Research Organization,no µg/m³;no2 ppm;nox µg/m³;pm25 µg/m³,8.073,12.890,20,manual_review_low_confidence,below_threshold
,,,,,,,,,,,,,,,,,,,,,,,,,,openaq_live_v3_1,Crossness Sludge Plant,Crayford,control,coordinates_lat_lon_radius_capped,lat_lon_columns,223775,Laystall St,51.522514,-0.112014,137 london stationary 5 Unknown Research Organization,no µg/m³;no2 ppm;nox µg/m³;pm25 µg/m³,19.850,17.581,11,manual_review_low_confidence,below_threshold
,,,,,,,,,,,,,,,,,,,,,,,,,,openaq_live_v3_1,Crossness Sludge Plant,Crayford,control,coordinates_lat_lon_radius_capped,lat_lon_columns,223776,Steerforth Street,51.438489,-0.187703,137 london stationary 5 Unknown Research Organization,no2 ppm,25.433,20.776,11,manual_review_low_confidence,below_threshold
,,,,,,,,,,,,,,,,,,,,,,,,,,openaq_live_v3_1,Crossness Sludge Plant,Crayford,control,coordinates_lat_lon_radius_capped,lat_lon_columns,223777,Lollard Street,51.492714,-0.114098,137 london stationary 5 Unknown Research Organization,no µg/m³;no2 ppm;nox µg/m³;pm25 µg/m³,19.671,16.420,11,manual_review_low_confidence,below_threshold
,,,,,,,,,,,,,,,,,,,,,,,,,,openaq_live_v3_1,Crossness Sludge Plant,Crayford,control,coordinates_lat_lon_radius_capped,lat_lon_columns,223778,Farringdon Street,51.514743,-0.104526,137 london stationary 5 Unknown Research Organization,no2 ppm;pm25 µg/m³,19.200,16.724,11,manual_review_low_confidence,below_threshold
,,,,,,,,,,,,,,,,,,,,,,,,,,openaq_live_v3_1,Crossness Sludge Plant,Crayford,control,coordinates_lat_lon_radius_capped,lat_lon_columns,223779,Broomhill Road,51.379382,0.100759,137 london stationary 5 Unknown Research Organization,no µg/m³;no2 ppm;nox µg/m³,13.203,7.639,28,manual_review_low_confidence,below_threshold
,,,,,,,,,,,,,,,,,,,,,,,,,,openaq_live_v3_1,Crossness Sludge Plant,Crayford,control,coordinates_lat_lon_radius_capped,lat_lon_columns,223780,Monnery Road,51.560567,-0.135615,137 london stationary 5 Unknown Research Organization,no µg/m³;no2 ppm;nox µg/m³;pm25 µg/m³,22.552,21.223,11,manual_review_low_confidence,below_threshold
,,,,,,,,,,,,,,,,,,,,,,,,,,openaq_live_v3_1,Crossness Sludge Plant,Crayford,control,coordinates_lat_lon_radius_capped,lat_lon_columns,223781,Romford Road,51.554615,0.058982,137 london stationary 5 Unknown Research Organization,no µg/m³;no2 ppm;nox µg/m³;pm25 µg/m³,10.518,12.431,20,manual_review_low_confidence,below_threshold
,,,,,,,,,,,,,,,,,,,,,,,,,,openaq_live_v3_1,Crossness Sludge Plant,Crayford,control,coordinates_lat_lon_radius_capped,lat_lon_columns,223782,Wandsworth Road,51.475735,-0.131209,137 london stationary 5 Unknown Research Organization,no µg/m³;no2 ppm;nox µg/m³;pm25 µg/m³,20.918,17.114,11,manual_review_low_confidence,below_threshold
,,,,,,,,,,,,,,,,,,,,,,,,,,openaq_live_v3_1,Crossness Sludge Plant,Crayford,control,coordinates_lat_lon_radius_10000,lat_lon_columns,223802,Newham University Hospital,51.522407,0.037865,137 london stationary 5 Unknown Research Organization,no µg/m³;no2 ppm;nox µg/m³;pm25 µg/m³,9.830,9.750,28,manual_review_low_confidence,below_threshold
,,,,,,,,,,,,,,,,,,,,,,,,,,openaq_live_v3_1,Crossness Sludge Plant,Crayford,control,coordinates_lat_lon_radius_10000,lat_lon_columns,223804,Broadway Street,51.45788,0.135353,137 london stationary 5 Unknown Research Organization,no µg/m³;no2 ppm;nox µg/m³;pm25 µg/m³,4.303,1.990,43,manual_review_low_confidence,candidate_needs_review
,,,,,,,,,,,,,,,,,,,,,,,,,,openaq_live_v3_1,Crossness Sludge Plant,Crayford,control,coordinates_lat_lon_radius_10000,lat_lon_columns,223815,Hendon Street,51.495027,0.010292,137 london stationary 5 Unknown Research Organization,no µg/m³;no2 ppm;nox µg/m³;pm25 µg/m³,11.071,8.774,28,manual_review_low_confidence,below_threshold
,,,,,,,,,,,,,,,,,,,,,,,,,,openaq_live_v3_1,Crossness Sludge Plant,Crayford,control,coordinates_lat_lon_radius_10000,lat_lon_columns,225705,Bexley - Belvedere West,51.4946486813055,0.137279111232178,205 London Air Quality Network 4 Unknown Governmental Organization,no2 µg/m³;o3 µg/m³;pm10 µg/m³;pm25 µg/m³,2.324,5.509,50,manual_review_low_confidence,candidate_needs_review
,,,,,,,,,,,,,,,,,,,,,,,,,,openaq_live_v3_1,Crossness Sludge Plant,Crayford,control,coordinates_lat_lon_radius_10000,lat_lon_columns,225710,Greenwich - Blackheath,51.472504,-0.012381,205 London Air Quality Network 4 Unknown Governmental Organization,no2 ppb;no2 µg/m³;pm10 µg/m³,12.779,9.026,50,manual_review_low_confidence,candidate_needs_review
,,,,,,,,,,,,,,,,,,,,,,,,,,openaq_live_v3_1,Crossness Sludge Plant,Crayford,control,coordinates_lat_lon_radius_10000,lat_lon_columns,225714,Bexley - Belvedere,51.4906102082147,0.158914493927518,205 London Air Quality Network 4 Unknown Governmental Organization,no2 ppb;no2 µg/m³;pm10 µg/m³;pm25 µg/m³,0.771,5.781,50,manual_review_low_confidence,candidate_needs_review
,,,,,,,,,,,,,,,,,,,,,,,,,,openaq_live_v3_1,Crossness Sludge Plant,Crayford,control,coordinates_lat_lon_radius_10000,lat_lon_columns,225725,Bromley - Harwood Avenue,51.405545999999994,0.018882,205 London Air Quality Network 4 Unknown Governmental Organization,no2 µg/m³;pm10 µg/m³;pm25 µg/m³,14.066,7.964,50,manual_review_low_confidence,candidate_needs_review
,,,,,,,,,,,,,,,,,,,,,,,,,,openaq_live_v3_1,Crossness Sludge Plant,Crayford,control,coordinates_lat_lon_radius_10000,lat_lon_columns,225727,Barking and Dagenham - Scrattons Farm,51.529389,0.132857,205 London Air Quality Network 4 Unknown Governmental Organization,no2 µg/m³;pm10 µg/m³,5.078,9.196,50,manual_review_low_confidence,candidate_needs_review
,,,,,,,,,,,,,,,,,,,,,,,,,,openaq_live_v3_1,Crossness Sludge Plant,Crayford,control,coordinates_lat_lon_radius_10000,lat_lon_columns,225746,Dartford Roadside 2 - Town Centre,51.4426702340503,0.216185856662181,205 London Air Quality Network 4 Unknown Governmental Organization,no2 µg/m³;pm10 µg/m³,6.159,7.264,50,manual_review_low_confidence,candidate_needs_review
,,,,,,,,,,,,,,,,,,,,,,,,,,openaq_live_v3_1,Crossness Sludge Plant,Crayford,control,coordinates_lat_lon_radius_10000,lat_lon_columns,225747,Greenwich - A206 Burrage Grove,51.490532,0.074003,205 London Air Quality Network 4 Unknown Governmental Organization,no2 ppb;no2 µg/m³;pm10 µg/m³;pm25 µg/m³,6.647,5.427,50,manual_review_low_confidence,candidate_needs_review
,,,,,,,,,,,,,,,,,,,,,,,,,,openaq_live_v3_1,Crossness Sludge Plant,Crayford,control,coordinates_lat_lon_radius_10000,lat_lon_columns,225751,Greenwich - Plumstead High Street,51.486957,0.095111,205 London Air Quality Network 4 Unknown Governmental Organization,no2 ppb;no2 µg/m³;o3 µg/m³;pm10 µg/m³;pm25 µg/m³,5.196,4.509,59,plausible_candidate_needs_review,candidate_needs_review
,,,,,,,,,,,,,,,,,,,,,,,,,,openaq_live_v3_1,Crossness Sludge Plant,Crayford,control,coordinates_lat_lon_radius_10000,lat_lon_columns,225755,Greenwich - John Harrison Way,51.4937746695818,0.0107796237032558,205 London Air Quality Network 4 Unknown Governmental Organization,no2 ppb;no2 µg/m³;pm10 µg/m³;pm25 µg/m³,11.031,8.664,50,manual_review_low_confidence,candidate_needs_review
,,,,,,,,,,,,,,,,,,,,,,,,,,openaq_live_v3_1,Crossness Sludge Plant,Crayford,control,coordinates_lat_lon_radius_10000,lat_lon_columns,225761,Greenwich - Woolwich Flyover,51.486884,0.017901,205 London Air Quality Network 4 Unknown Governmental Organization,no2 ppb;no2 µg/m³;o3 µg/m³;pm10 µg/m³;pm25 µg/m³,10.537,7.820,50,manual_review_low_confidence,candidate_needs_review
,,,,,,,,,,,,,,,,,,,,,,,,,,openaq_live_v3_1,Crossness Sludge Plant,Crayford,control,coordinates_lat_lon_radius_10000,lat_lon_columns,225769,Greenwich - Fiveways Sidcup Rd A20,51.4346627060562,0.0642224671704697,205 London Air Quality Network 4 Unknown Governmental Organization,no2 ppb;no2 µg/m³;pm10 µg/m³,9.569,3.597,59,plausible_candidate_needs_review,candidate_needs_review
,,,,,,,,,,,,,,,,,,,,,,,,,,openaq_live_v3_1,Crossness Sludge Plant,Crayford,control,coordinates_lat_lon_radius_10000,lat_lon_columns,225776,Lewisham - Loampit Vale,51.4646910611736,-0.0160682432041527,205 London Air Quality Network 4 Unknown Governmental Organization,no2 µg/m³;pm10 µg/m³,13.190,9.051,50,manual_review_low_confidence,candidate_needs_review
,,,,,,,,,,,,,,,,,,,,,,,,,,openaq_live_v3_1,Crossness Sludge Plant,Crayford,control,coordinates_lat_lon_radius_10000,lat_lon_columns,225796,Greenwich - Falconwood,51.4563,0.085606,205 London Air Quality Network 4 Unknown Governmental Organization,no2 µg/m³;o3 µg/m³;pm10 µg/m³;pm25 µg/m³,6.943,2.043,65,plausible_candidate_needs_review,candidate_needs_review
,,,,,,,,,,,,,,,,,,,,,,,,,,openaq_live_v3_1,Crossness Sludge Plant,Crayford,control,coordinates_lat_lon_radius_10000,lat_lon_columns,225797,Greenwich - Westhorne Avenue,51.456357,0.040725,205 London Air Quality Network 4 Unknown Governmental Organization,no2 µg/m³;o3 µg/m³;pm10 µg/m³;pm25 µg/m³,9.704,5.010,50,manual_review_low_confidence,candidate_needs_review
,,,,,,,,,,,,,,,,,,,,,,,,,,openaq_live_v3_1,Crossness Sludge Plant,Crayford,control,coordinates_lat_lon_radius_10000,lat_lon_columns,225800,Greenwich - Trafalgar Road (Hoskins St),51.4839072533485,0.000407396935849736,205 London Air Quality Network 4 Unknown Governmental Organization,no2 ppb;no2 µg/m³;pm10 µg/m³,11.762,8.695,50,manual_review_low_confidence,candidate_needs_review
,,,,,,,,,,,,,,,,,,,,,,,,,,openaq_live_v3_1,Crossness Sludge Plant,Crayford,control,coordinates_lat_lon_radius_10000,lat_lon_columns,225804,Lewisham - Catford,51.445468,-0.020266,205 London Air Quality Network 4 Unknown Governmental Organization,no2 µg/m³,14.079,9.149,50,manual_review_low_confidence,candidate_needs_review
,,,,,,,,,,,,,,,,,,,,,,,,,,openaq_live_v3_1,Crossness Sludge Plant,Crayford,control,coordinates_lat_lon_radius_10000,lat_lon_columns,227058,Newham - Britannia Gate,51.503858,0.020574415,205 London Air Quality Network 4 Unknown Governmental Organization,no2 ppb;no2 µg/m³;pm25 µg/m³,10.458,8.875,50,manual_review_low_confidence,candidate_needs_review
,,,,,,,,,,,,,,,,,,,,,,,,,,openaq_live_v3_1,Crossness Sludge Plant,Crayford,control,coordinates_lat_lon_radius_10000,lat_lon_columns,227059,Greenwich - Tunnel Avenue,51.495057,0.0041074676,205 London Air Quality Network 4 Unknown Governmental Organization,no2 µg/m³,11.499,9.122,50,manual_review_low_confidence,candidate_needs_review
,,,,,,,,,,,,,,,,,,,,,,,,,,openaq_live_v3_1,Crossness Sludge Plant,Crayford,control,coordinates_lat_lon_radius_10000,lat_lon_columns,227060,Newham - Hoola Tower,51.508198,0.015002152,205 London Air Quality Network 4 Unknown Governmental Organization,no2 µg/m³,10.918,9.489,50,manual_review_low_confidence,candidate_needs_review
,,,,,,,,,,,,,,,,,,,,,,,,,,openaq_live_v3_1,Crossness Sludge Plant,Crayford,control,coordinates_lat_lon_radius_10000,lat_lon_columns,270712,Lewisham - Laurence House Catford,51.4447808,-0.0221832,205 London Air Quality Network 4 Unknown Governmental Organization,no2 µg/m³,14.230,9.284,50,manual_review_low_confidence,candidate_needs_review
,,,,,,,,,,,,,,,,,,,,,,,,,,openaq_live_v3_1,Crossness Sludge Plant,Crayford,control,coordinates_lat_lon_radius_10000,lat_lon_columns,4619882,Tower Hamlets - Millwall Park,51.4891342634,-0.0129769309432,205 London Air Quality Network 4 Unknown Governmental Organization,no2 µg/m³;o3 µg/m³;pm10 µg/m³,12.669,9.786,50,manual_review_low_confidence,candidate_needs_review
,,,,,,,,,,,,,,,,,,,,,,,,,,openaq_live_v3_1,Crossness Sludge Plant,Crayford,control,coordinates_lat_lon_radius_10000,lat_lon_columns,4990521,Dartford - Town Centre,51.442557781389,0.215950164318913,205 London Air Quality Network 4 Unknown Governmental Organization,no2 µg/m³;pm10 µg/m³,6.161,7.248,50,manual_review_low_confidence,candidate_needs_review
,,,,,,,,,,,,,,,,,,,,,,,,,,openaq_live_v3_1,Crossness Sludge Plant,Crayford,control,bbox_25km_lonlat,lat_lon_columns,223693,Grahame Park Way,51.608918,-0.246172,137 london stationary 5 Unknown Research Organization,no2 ppm;pm25 µg/m³,31.669,30.563,-7,manual_review_low_confidence,below_threshold
,,,,,,,,,,,,,,,,,,,,,,,,,,openaq_live_v3_1,Crossness Sludge Plant,Crayford,control,bbox_25km_lonlat,lat_lon_columns,223707,Hendon Way,51.571687,-0.210037,137 london stationary 5 Unknown Research Organization,no µg/m³;no2 ppm;nox µg/m³;pm25 µg/m³,27.814,26.186,-7,manual_review_low_confidence,below_threshold
,,,,,,,,,,,,,,,,,,,,,,,,,,openaq_live_v3_1,Crossness Sludge Plant,Crayford,control,bbox_25km_lonlat,lat_lon_columns,223743,Southbury Road,51.649088,-0.054961,137 london stationary 5 Unknown Research Organization,no µg/m³;no2 ppm;nox µg/m³;pm25 µg/m³,23.551,25.180,-7,manual_review_low_confidence,below_threshold
,,,,,,,,,,,,,,,,,,,,,,,,,,openaq_live_v3_1,Crossness Sludge Plant,Crayford,control,bbox_25km_lonlat,lat_lon_columns,223762,Blomfontein Road,51.514071,-0.235418,137 london stationary 5 Unknown Research Organization,no µg/m³;no2 ppm;nox µg/m³;pm25 µg/m³,28.189,25.143,-7,manual_review_low_confidence,below_threshold
,,,,,,,,,,,,,,,,,,,,,,,,,,openaq_live_v3_1,CSWDC Coventry,Meriden,facility,coordinates_lat_lon_radius_capped,lat_lon_columns,2494,Coventry Allesley - UKA00592,52.411562999499345,-1.560228000167018,70 EEA 4 Unknown Governmental Organization,no2 µg/m³;o3 µg/m³;pm10 µg/m³;pm25 µg/m³,4.089,4.089,56,plausible_candidate_needs_review,candidate_needs_review
,,,,,,,,,,,,,,,,,,,,,,,,,,openaq_live_v3_1,CSWDC Coventry,Meriden,facility,coordinates_lat_lon_radius_capped,lat_lon_columns,2513,Birmingham Acocks Green,52.437165,-1.829999,169 DEFRA 4 Unknown Governmental Organization,no2 µg/m³;o3 µg/m³;pm10 µg/m³;pm25 µg/m³,22.580,22.580,30,manual_review_low_confidence,below_threshold
,,,,,,,,,,,,,,,,,,,,,,,,,,openaq_live_v3_1,CSWDC Coventry,Meriden,facility,coordinates_lat_lon_radius_capped,lat_lon_columns,2534,Leamington Spa Rugby Road - UKA00564,52.29488399961476,-1.5429110003652504,70 EEA 4 Unknown Governmental Organization,no2 µg/m³;pm10 µg/m³;pm25 µg/m³,13.128,13.128,39,manual_review_low_confidence,candidate_needs_review
,,,,,,,,,,,,,,,,,,,,,,,,,,openaq_live_v3_1,CSWDC Coventry,Meriden,facility,coordinates_lat_lon_radius_capped,lat_lon_columns,2535,Leamington Spa,52.28881,-1.533119,169 DEFRA 4 Unknown Governmental Organization,no2 µg/m³;o3 µg/m³;pm10 µg/m³;pm25 µg/m³,13.662,13.662,39,manual_review_low_confidence,candidate_needs_review
,,,,,,,,,,,,,,,,,,,,,,,,,,openaq_live_v3_1,CSWDC Coventry,Meriden,facility,coordinates_lat_lon_radius_capped,lat_lon_columns,2659918,Coventry Binley Road - UKA00634,52.407707999735656,-1.4900820001776627,70 EEA 4 Unknown Governmental Organization,no2 µg/m³,0.719,0.719,67,plausible_candidate_needs_review,candidate_needs_review
,,,,,,,,,,,,,,,,,,,,,,,,,,openaq_live_v3_1,CSWDC Coventry,Meriden,facility,coordinates_lat_lon_radius_capped,lat_lon_columns,6096484,"Rugby, UK",52.3728,-1.2716,66 AirGradient 12 AirGradient,pm1 µg/m³;pm25 µg/m³;relativehumidity %;temperature c;um003 particles/cm³,16.041,16.041,-4,manual_review_low_confidence,below_threshold
,,,,,,,,,,,,,,,,,,,,,,,,,,openaq_live_v3_1,CSWDC Coventry,Meriden,facility,bbox_25km_lonlat,lat_lon_columns,337,Birmingham Tyburn,52.511722,-1.830583,169 DEFRA 4 Unknown Governmental Organization,no2 µg/m³;o3 µg/m³;pm10 µg/m³;pm25 µg/m³;so2 µg/m³,25.092,25.092,12,manual_review_low_confidence,below_threshold
,,,,,,,,,,,,,,,,,,,,,,,,,,openaq_live_v3_1,CSWDC Coventry,Meriden,facility,bbox_25km_lonlat,lat_lon_columns,2514,Birmingham Tyburn Roadside,52.512194,-1.830861,169 DEFRA 4 Unknown Governmental Organization,no2 µg/m³;o3 µg/m³;pm10 µg/m³;pm25 µg/m³,25.132,25.132,12,manual_review_low_confidence,below_threshold
,,,,,,,,,,,,,,,,,,,,,,,,,,openaq_live_v3_1,CSWDC Coventry,Meriden,facility,bbox_25km_lonlat,lat_lon_columns,6127197,Wasteland,52.607037,-1.6793,66 AirGradient 12 AirGradient,pm1 µg/m³;pm25 µg/m³;relativehumidity %;temperature c;um003 particles/cm³,25.046,25.046,-22,manual_review_low_confidence,below_threshold
,,,,,,,,,,,,,,,,,,,,,,,,,,openaq_live_v3_1,CSWDC Coventry,Meriden,control,coordinates_lat_lon_radius_capped,lat_lon_columns,2494,Coventry Allesley - UKA00592,52.411562999499345,-1.560228000167018,70 EEA 4 Unknown Governmental Organization,no2 µg/m³;o3 µg/m³;pm10 µg/m³;pm25 µg/m³,4.089,5.276,50,manual_review_low_confidence,candidate_needs_review
,,,,,,,,,,,,,,,,,,,,,,,,,,openaq_live_v3_1,CSWDC Coventry,Meriden,control,coordinates_lat_lon_radius_capped,lat_lon_columns,2513,Birmingham Acocks Green,52.437165,-1.829999,169 DEFRA 4 Unknown Governmental Organization,no2 µg/m³;o3 µg/m³;pm10 µg/m³;pm25 µg/m³,22.580,20.656,33,manual_review_low_confidence,below_threshold
,,,,,,,,,,,,,,,,,,,,,,,,,,openaq_live_v3_1,CSWDC Coventry,Meriden,control,coordinates_lat_lon_radius_capped,lat_lon_columns,2534,Leamington Spa Rugby Road - UKA00564,52.29488399961476,-1.5429110003652504,70 EEA 4 Unknown Governmental Organization,no2 µg/m³;pm10 µg/m³;pm25 µg/m³,13.128,7.760,50,manual_review_low_confidence,candidate_needs_review
,,,,,,,,,,,,,,,,,,,,,,,,,,openaq_live_v3_1,CSWDC Coventry,Meriden,control,coordinates_lat_lon_radius_capped,lat_lon_columns,2535,Leamington Spa,52.28881,-1.533119,169 DEFRA 4 Unknown Governmental Organization,no2 µg/m³;o3 µg/m³;pm10 µg/m³;pm25 µg/m³,13.662,8.497,50,manual_review_low_confidence,candidate_needs_review
,,,,,,,,,,,,,,,,,,,,,,,,,,openaq_live_v3_1,CSWDC Coventry,Meriden,control,coordinates_lat_lon_radius_capped,lat_lon_columns,2659918,Coventry Binley Road - UKA00634,52.407707999735656,-1.4900820001776627,70 EEA 4 Unknown Governmental Organization,no2 µg/m³,0.719,6.280,50,manual_review_low_confidence,candidate_needs_review
,,,,,,,,,,,,,,,,,,,,,,,,,,openaq_live_v3_1,CSWDC Coventry,Meriden,control,coordinates_lat_lon_radius_capped,lat_lon_columns,6096484,"Rugby, UK",52.3728,-1.2716,66 AirGradient 12 AirGradient,pm1 µg/m³;pm25 µg/m³;relativehumidity %;temperature c;um003 particles/cm³,16.041,18.907,-1,manual_review_low_confidence,below_threshold
,,,,,,,,,,,,,,,,,,,,,,,,,,openaq_live_v3_1,CSWDC Coventry,Meriden,control,bbox_25km_lonlat,lat_lon_columns,337,Birmingham Tyburn,52.511722,-1.830583,169 DEFRA 4 Unknown Governmental Organization,no2 µg/m³;o3 µg/m³;pm10 µg/m³;pm25 µg/m³;so2 µg/m³,25.092,25.104,15,manual_review_low_confidence,below_threshold
,,,,,,,,,,,,,,,,,,,,,,,,,,openaq_live_v3_1,CSWDC Coventry,Meriden,control,bbox_25km_lonlat,lat_lon_columns,2514,Birmingham Tyburn Roadside,52.512194,-1.830861,169 DEFRA 4 Unknown Governmental Organization,no2 µg/m³;o3 µg/m³;pm10 µg/m³;pm25 µg/m³,25.132,25.152,15,manual_review_low_confidence,below_threshold
,,,,,,,,,,,,,,,,,,,,,,,,,,openaq_live_v3_1,CSWDC Coventry,Meriden,control,bbox_25km_lonlat,lat_lon_columns,3525,Birmingham A4540 Roadside - UKA00626,52.4760899994137,-1.8750239999535843,70 EEA 4 Unknown Governmental Organization,no2 µg/m³;o3 µg/m³;pm10 µg/m³;pm25 µg/m³,26.460,25.306,15,manual_review_low_confidence,below_threshold
,,,,,,,,,,,,,,,,,,,,,,,,,,openaq_live_v3_1,CSWDC Coventry,Meriden,control,bbox_25km_lonlat,lat_lon_columns,4946351,2020,52.452736589479244,-1.8897087883263803,66 AirGradient 16892 drluz,pm1 µg/m³;pm25 µg/m³;relativehumidity %;temperature c;um003 particles/cm³,26.845,25.058,-19,manual_review_low_confidence,below_threshold
,,,,,,,,,,,,,,,,,,,,,,,,,,openaq_live_v3_1,CSWDC Coventry,Meriden,control,bbox_25km_lonlat,lat_lon_columns,5261048,2020,52.45278820553296,-1.8897524309498186,66 AirGradient 12 AirGradient,pm1 µg/m³;pm25 µg/m³;relativehumidity %;temperature c;um003 particles/cm³,26.849,25.063,-19,manual_review_low_confidence,below_threshold
,,,,,,,,,,,,,,,,,,,,,,,,,,openaq_live_v3_1,Devonport Dockyard,Saltash,facility,coordinates_lat_lon_radius_capped,lat_lon_columns,2488,Plymouth Centre - UKA00360,50.37166999941141,-4.142360999982793,70 EEA 4 Unknown Governmental Organization,no2 µg/m³;o3 µg/m³;pm10 µg/m³;pm25 µg/m³,0.250,0.250,67,plausible_candidate_needs_review,candidate_needs_review
,,,,,,,,,,,,,,,,,,,,,,,,,,openaq_live_v3_1,Devonport Dockyard,Saltash,facility,coordinates_lat_lon_radius_capped,lat_lon_columns,2510,Saltash Callington Road,50.411463,-4.227678,169 DEFRA 4 Unknown Governmental Organization,pm10 µg/m³;pm25 µg/m³,7.739,7.739,47,manual_review_low_confidence,candidate_needs_review
,,,,,,,,,,,,,,,,,,,,,,,,,,openaq_live_v3_1,Devonport Dockyard,Saltash,facility,coordinates_lat_lon_radius_capped,lat_lon_columns,3528,Plymouth Tavistock Road - UKA00629,50.411057999589424,-4.130288000093709,70 EEA 4 Unknown Governmental Organization,no2 µg/m³,4.617,4.617,56,plausible_candidate_needs_review,candidate_needs_review
,,,,,,,,,,,,,,,,,,,,,,,,,,openaq_live_v3_1,Devonport Dockyard,Saltash,control,coordinates_lat_lon_radius_capped,lat_lon_columns,2488,Plymouth Centre - UKA00360,50.37166999941141,-4.142360999982793,70 EEA 4 Unknown Governmental Organization,no2 µg/m³;o3 µg/m³;pm10 µg/m³;pm25 µg/m³,0.250,7.283,50,manual_review_low_confidence,candidate_needs_review
,,,,,,,,,,,,,,,,,,,,,,,,,,openaq_live_v3_1,Devonport Dockyard,Saltash,control,coordinates_lat_lon_radius_capped,lat_lon_columns,2510,Saltash Callington Road,50.411463,-4.227678,169 DEFRA 4 Unknown Governmental Organization,pm10 µg/m³;pm25 µg/m³,7.739,10.966,42,manual_review_low_confidence,candidate_needs_review
,,,,,,,,,,,,,,,,,,,,,,,,,,openaq_live_v3_1,Devonport Dockyard,Saltash,control,coordinates_lat_lon_radius_capped,lat_lon_columns,3528,Plymouth Tavistock Road - UKA00629,50.411057999589424,-4.130288000093709,70 EEA 4 Unknown Governmental Organization,no2 µg/m³,4.617,11.588,42,manual_review_low_confidence,candidate_needs_review
