"@LocalAuthorityCode","@LocalAuthorityName","@SiteCode","@SiteName","@SiteType","@DateClosed","@DateOpened","@Latitude","@Longitude","@LatitudeWGS84","@LongitudeWGS84","@DataOwner","@DataManager","@SiteLink","Species","@SpeciesCode","@SpeciesDescription","@DateMeasurementStarted","@DateMeasurementFinished"
"27","Richmond","TD0","- National Physical Laboratory, Teddington","Suburban","2018-01-01 00:00:00","1996-08-08 00:00:00","51.4243043441456","-0.345714576446947","6696103.27675","-37808.8858115","Richmond","King's College London","http://www.londonair.org.uk/london/asp/publicdetails.asp?site=TD0","[{""@SpeciesCode"": ""NO2"", ""@SpeciesDescription"": ""Nitrogen Dioxide"", ""@DateMeasurementStarted"": ""2007-12-01 00:00:00"", ""@DateMeasurementFinished"": ""2018-01-01 00:00:00""}, {""@SpeciesCode"": ""O3"", ""@SpeciesDescription"": ""Ozone"", ""@DateMeasurementStarted"": ""2007-12-01 00:00:00"", ""@DateMeasurementFinished"": ""2018-01-01 00:00:00""}, {""@SpeciesCode"": ""PM25"", ""@SpeciesDescription"": ""PM2.5 Particulate"", ""@DateMeasurementStarted"": ""2007-01-01 00:00:00"", ""@DateMeasurementFinished"": ""2018-01-01 00:00:00""}, {""@SpeciesCode"": ""SO2"", ""@SpeciesDescription"": ""Sulphur Dioxide"", ""@DateMeasurementStarted"": ""2007-12-01 00:00:00"", ""@DateMeasurementFinished"": ""2007-10-01 00:00:00""}]","","","",""
"","","","","","","","","","","","","","","","NO2","Nitrogen Dioxide","2007-12-01 00:00:00","2018-01-01 00:00:00"
"","","","","","","","","","","","","","","","O3","Ozone","2007-12-01 00:00:00","2018-01-01 00:00:00"
"","","","","","","","","","","","","","","","PM25","PM2.5 Particulate","2007-01-01 00:00:00","2018-01-01 00:00:00"
"","","","","","","","","","","","","","","","SO2","Sulphur Dioxide","2007-12-01 00:00:00","2007-10-01 00:00:00"
"1","Barking and Dagenham","BG3","Barking and Dagenham - North Street","Kerbside","2011-05-25 00:00:00","2007-03-16 00:00:00","51.540444","0.074418","6717454.5833","8284.17386585","Barking and Dagenham","King's College London","http://www.londonair.org.uk/london/asp/publicdetails.asp?site=BG3","{""@SpeciesCode"": ""NO2"", ""@SpeciesDescription"": ""Nitrogen Dioxide"", ""@DateMeasurementStarted"": ""2008-01-01 00:00:00"", ""@DateMeasurementFinished"": ""2011-05-25 00:00:00""}","","","",""
"","","","","","","","","","","","","","","","NO2","Nitrogen Dioxide","2008-01-01 00:00:00","2011-05-25 00:00:00"
"1","Barking and Dagenham","BG1","Barking and Dagenham - Rush Green","Suburban","","1999-11-02 00:00:00","51.563752","0.177891","6721627.34498","19802.7355367","Barking and Dagenham","King's College London","http://www.londonair.org.uk/london/asp/publicdetails.asp?site=BG1","[{""@SpeciesCode"": ""NO2"", ""@SpeciesDescription"": ""Nitrogen Dioxide"", ""@DateMeasurementStarted"": ""2008-01-01 00:00:00"", ""@DateMeasurementFinished"": """"}, {""@SpeciesCode"": ""SO2"", ""@SpeciesDescription"": ""Sulphur Dioxide"", ""@DateMeasurementStarted"": ""1999-10-23 00:00:00"", ""@DateMeasurementFinished"": """"}]","","","",""
"","","","","","","","","","","","","","","","NO2","Nitrogen Dioxide","2008-01-01 00:00:00",""
"","","","","","","","","","","","","","","","SO2","Sulphur Dioxide","1999-10-23 00:00:00",""
"1","Barking and Dagenham","BG2","Barking and Dagenham - Scrattons Farm","Suburban","","1999-10-17 00:00:00","51.529389","0.132857","6715476.18683","14789.5735883","Barking and Dagenham","King's College London","http://www.londonair.org.uk/london/asp/publicdetails.asp?site=BG2","[{""@SpeciesCode"": ""NO2"", ""@SpeciesDescription"": ""Nitrogen Dioxide"", ""@DateMeasurementStarted"": ""2007-11-21 00:00:00"", ""@DateMeasurementFinished"": """"}, {""@SpeciesCode"": ""PM10"", ""@SpeciesDescription"": ""PM10 Particulate"", ""@DateMeasurementStarted"": ""1999-10-17 00:00:00"", ""@DateMeasurementFinished"": """"}]","","","",""
"","","","","","","","","","","","","","","","NO2","Nitrogen Dioxide","2007-11-21 00:00:00",""
"","","","","","","","","","","","","","","","PM10","PM10 Particulate","1999-10-17 00:00:00",""
"2","Barnet","BN2","Barnet - Finchley","Urban Background","2012-04-20 00:00:00","2000-08-09 13:00:00","51.591901","-0.205992","6726669.62886","-22930.9245475","Barnet","King's College London","http://www.londonair.org.uk/london/asp/publicdetails.asp?site=BN2","[{""@SpeciesCode"": ""NO2"", ""@SpeciesDescription"": ""Nitrogen Dioxide"", ""@DateMeasurementStarted"": ""2008-01-01 00:00:00"", ""@DateMeasurementFinished"": ""2012-04-20 00:00:00""}, {""@SpeciesCode"": ""PM10"", ""@SpeciesDescription"": ""PM10 Particulate"", ""@DateMeasurementStarted"": ""2012-01-31 13:00:00"", ""@DateMeasurementFinished"": ""2012-04-20 00:00:00""}]","","","",""
"","","","","","","","","","","","","","","","NO2","Nitrogen Dioxide","2008-01-01 00:00:00","2012-04-20 00:00:00"
"","","","","","","","","","","","","","","","PM10","PM10 Particulate","2012-01-31 13:00:00","2012-04-20 00:00:00"
"2","Barnet","BN3","Barnet - Strawberry Vale ","Urban Background","2002-05-15 00:00:00","2000-08-14 14:00:00","51.6008848453589","-0.172297542087178","6728279.54795","-19180.0746501","Barnet","King's College London","http://www.londonair.org.uk/london/asp/publicdetails.asp?site=BN3","[{""@SpeciesCode"": ""NO2"", ""@SpeciesDescription"": ""Nitrogen Dioxide"", ""@DateMeasurementStarted"": ""1999-04-01 00:00:00"", ""@DateMeasurementFinished"": ""2002-05-15 00:00:00""}, {""@SpeciesCode"": ""PM10"", ""@SpeciesDescription"": ""PM10 Particulate"", ""@DateMeasurementStarted"": ""2000-08-14 14:00:00"", ""@DateMeasurementFinished"": ""2002-05-15 00:00:00""}]","","","",""
"","","","","","","","","","","","","","","","NO2","Nitrogen Dioxide","1999-04-01 00:00:00","2002-05-15 00:00:00"
"","","","","","","","","","","","","","","","PM10","PM10 Particulate","2000-08-14 14:00:00","2002-05-15 00:00:00"
"2","Barnet","BN1","Barnet - Tally Ho Corner","Kerbside","2012-04-20 00:00:00","1998-12-20 12:00:00","51.614675","-0.176607","6730751.38494","-19659.8013105","Barnet","King's College London","http://www.londonair.org.uk/london/asp/publicdetails.asp?site=BN1","[{""@SpeciesCode"": ""NO2"", ""@SpeciesDescription"": ""Nitrogen Dioxide"", ""@DateMeasurementStarted"": ""2008-01-01 00:00:00"", ""@DateMeasurementFinished"": ""2012-04-20 00:00:00""}, {""@SpeciesCode"": ""PM10"", ""@SpeciesDescription"": ""PM10 Particulate"", ""@DateMeasurementStarted"": ""2012-01-31 12:00:00"", ""@DateMeasurementFinished"": ""2012-04-20 00:00:00""}]","","","",""
"","","","","","","","","","","","","","","","PM10","PM10 Particulate","2012-01-31 12:00:00","2012-04-20 00:00:00"
"3","Bexley","BX5","Bexley - Bedonwell ","Suburban","2004-04-08 00:00:00","1999-10-06 13:00:00","51.4788023547334","0.133873839062683","6706429.353","14902.767595","Bexley","King's College London","http://www.londonair.org.uk/london/asp/publicdetails.asp?site=BX5","[{""@SpeciesCode"": ""CO"", ""@SpeciesDescription"": ""Carbon Monoxide"", ""@DateMeasurementStarted"": ""1999-10-01 00:00:00"", ""@DateMeasurementFinished"": ""2004-04-08 00:00:00""}, {""@SpeciesCode"": ""NO2"", ""@SpeciesDescription"": ""Nitrogen Dioxide"", ""@DateMeasurementStarted"": ""2002-01-18 11:00:00"", ""@DateMeasurementFinished"": ""2004-04-08 00:00:00""}, {""@SpeciesCode"": ""SO2"", ""@SpeciesDescription"": ""Sulphur Dioxide"", ""@DateMeasurementStarted"": ""1999-10-01 00:00:00"", ""@DateMeasurementFinished"": ""2004-04-08 00:00:00""}]","","","",""
"","","","","","","","","","","","","","","","CO","Carbon Monoxide","1999-10-01 00:00:00","2004-04-08 00:00:00"
"","","","","","","","","","","","","","","","NO2","Nitrogen Dioxide","2002-01-18 11:00:00","2004-04-08 00:00:00"
"","","","","","","","","","","","","","","","SO2","Sulphur Dioxide","1999-10-01 00:00:00","2004-04-08 00:00:00"
"3","Bexley","BX2","Bexley - Belvedere","Suburban","","1998-01-24 15:00:00","51.4906102082147","0.158914493927518","6708546.55118","17686.6633362","Bexley","King's College London","http://www.londonair.org.uk/london/asp/publicdetails.asp?site=BX2","[{""@SpeciesCode"": ""NO2"", ""@SpeciesDescription"": ""Nitrogen Dioxide"", ""@DateMeasurementStarted"": ""2002-01-17 10:00:00"", ""@DateMeasurementFinished"": """"}, {""@SpeciesCode"": ""PM10"", ""@SpeciesDescription"": ""PM10 Particulate"", ""@DateMeasurementStarted"": ""2011-09-21 07:00:00"", ""@DateMeasurementFinished"": """"}, {""@SpeciesCode"": ""PM25"", ""@SpeciesDescription"": ""PM2.5 Particulate"", ""@DateMeasurementStarted"": ""2022-02-15 00:00:00"", ""@DateMeasurementFinished"": """"}]","","","",""
"","","","","","","","","","","","","","","","NO2","Nitrogen Dioxide","2002-01-17 10:00:00",""
"","","","","","","","","","","","","","","","PM10","PM10 Particulate","2011-09-21 07:00:00",""
"","","","","","","","","","","","","","","","PM25","PM2.5 Particulate","2022-02-15 00:00:00",""
"3","Bexley","BX0","Bexley - Belvedere FDMS","Suburban","2022-01-28 00:00:00","2004-04-28 00:00:00","51.4906102082147","0.158914493927518","6708546.55118","17686.6633362","Bexley","King's College London","http://www.londonair.org.uk/london/asp/publicdetails.asp?site=BX0","{""@SpeciesCode"": ""PM10"", ""@SpeciesDescription"": ""PM10 Particulate"", ""@DateMeasurementStarted"": ""2004-04-25 00:00:00"", ""@DateMeasurementFinished"": ""2022-01-28 00:00:00""}","","","",""
"","","","","","","","","","","","","","","","PM10","PM10 Particulate","2004-04-25 00:00:00","2022-01-28 00:00:00"
"3","Bexley","BQ7","Bexley - Belvedere West","Urban Background","","2010-08-24 00:00:00","51.4946486813055","0.137279111232178","6709278.28804","14951.9364255","Bexley","King's College London","http://www.londonair.org.uk/london/asp/publicdetails.asp?site=BQ7","[{""@SpeciesCode"": ""NO2"", ""@SpeciesDescription"": ""Nitrogen Dioxide"", ""@DateMeasurementStarted"": ""2010-08-24 00:00:00"", ""@DateMeasurementFinished"": """"}, {""@SpeciesCode"": ""O3"", ""@SpeciesDescription"": ""Ozone"", ""@DateMeasurementStarted"": ""2010-08-24 00:00:00"", ""@DateMeasurementFinished"": """"}, {""@SpeciesCode"": ""PM10"", ""@SpeciesDescription"": ""PM10 Particulate"", ""@DateMeasurementStarted"": ""2022-02-24 16:00:00"", ""@DateMeasurementFinished"": """"}, {""@SpeciesCode"": ""PM25"", ""@SpeciesDescription"": ""PM2.5 Particulate"", ""@DateMeasurementStarted"": ""2022-02-24 00:00:00"", ""@DateMeasurementFinished"": """"}]","","","",""
"","","","","","","","","","","","","","","","NO2","Nitrogen Dioxide","2010-08-24 00:00:00",""
"","","","","","","","","","","","","","","","O3","Ozone","2010-08-24 00:00:00",""
"","","","","","","","","","","","","","","","PM10","PM10 Particulate","2022-02-24 16:00:00",""
"","","","","","","","","","","","","","","","PM25","PM2.5 Particulate","2022-02-24 00:00:00",""
"3","Bexley","BQ8","Bexley - Belvedere West FDMS","Urban Background","2022-02-23 00:00:00","2010-08-24 00:00:00","51.4946486813055","0.137279111232178","6709278.28804","14951.9364255","Bexley","King's College London","http://www.londonair.org.uk/london/asp/publicdetails.asp?site=BQ8","{""@SpeciesCode"": ""PM10"", ""@SpeciesDescription"": ""PM10 Particulate"", ""@DateMeasurementStarted"": ""2010-08-24 00:00:00"", ""@DateMeasurementFinished"": ""2022-02-23 00:00:00""}","","","",""
"","","","","","","","","","","","","","","","PM10","PM10 Particulate","2010-08-24 00:00:00","2022-02-23 00:00:00"
"3","Bexley","BX4","Bexley - Erith","Industrial","2014-12-19 00:00:00","1999-04-28 00:00:00","51.477670796298","0.190836225974902","6706230.53407","21238.8682874","Bexley","King's College London","http://www.londonair.org.uk/london/asp/publicdetails.asp?site=BX4","[{""@SpeciesCode"": ""NO2"", ""@SpeciesDescription"": ""Nitrogen Dioxide"", ""@DateMeasurementStarted"": ""2008-01-01 00:00:00"", ""@DateMeasurementFinished"": ""2014-12-19 00:00:00""}, {""@SpeciesCode"": ""PM10"", ""@SpeciesDescription"": ""PM10 Particulate"", ""@DateMeasurementStarted"": ""1999-04-28 00:00:00"", ""@DateMeasurementFinished"": ""2014-12-19 00:00:00""}, {""@SpeciesCode"": ""PM25"", ""@SpeciesDescription"": ""PM2.5 Particulate"", ""@DateMeasurementStarted"": ""2009-09-23 00:00:00"", ""@DateMeasurementFinished"": ""2014-12-19 00:00:00""}]","","","",""
"","","","","","","","","","","","","","","","NO2","Nitrogen Dioxide","2008-01-01 00:00:00","2014-12-19 00:00:00"
"","","","","","","","","","","","","","","","PM10","PM10 Particulate","1999-04-28 00:00:00","2014-12-19 00:00:00"
"","","","","","","","","","","","","","","","PM25","PM2.5 Particulate","2009-09-23 00:00:00","2014-12-19 00:00:00"
"3","Bexley","BQ6","Bexley - Manor Road East Gravimetric","Industrial","2014-10-28 00:00:00","2010-02-12 00:00:00","51.477670796298","0.190836225974902","6706369.57357","20619.592703","Bexley","King's College London","http://www.londonair.org.uk/london/asp/publicdetails.asp?site=BQ6","{""@SpeciesCode"": ""PM10"", ""@SpeciesDescription"": ""PM10 Particulate"", ""@DateMeasurementStarted"": ""2010-02-12 00:00:00"", ""@DateMeasurementFinished"": ""2014-10-28 00:00:00""}","","","",""
"","","","","","","","","","","","","","","","PM10","PM10 Particulate","2010-02-12 00:00:00","2014-10-28 00:00:00"
"3","Bexley","BQ5","Bexley - Manor Road West Gravimetric","Industrial","2014-10-28 00:00:00","1999-04-28 09:00:00","51.4781935083933","0.187404883999095","6706322.58301","20868.1743831","Bexley","King's College London","http://www.londonair.org.uk/london/asp/publicdetails.asp?site=BQ5","{""@SpeciesCode"": ""PM10"", ""@SpeciesDescription"": ""PM10 Particulate"", ""@DateMeasurementStarted"": ""2010-02-12 00:00:00"", ""@DateMeasurementFinished"": ""2014-10-28 00:00:00""}","","","",""
"3","Bexley","BX1","Bexley - Slade Green","Suburban","","1994-05-25 00:00:00","51.4659832746662","0.184877126994369","6704140.10457","20577.2727637","Bexley","King's College London","http://www.londonair.org.uk/london/asp/publicdetails.asp?site=BX1","[{""@SpeciesCode"": ""CO"", ""@SpeciesDescription"": ""Carbon Monoxide"", ""@DateMeasurementStarted"": ""1996-01-01 00:00:00"", ""@DateMeasurementFinished"": ""2013-01-30 00:00:00""}, {""@SpeciesCode"": ""NO2"", ""@SpeciesDescription"": ""Nitrogen Dioxide"", ""@DateMeasurementStarted"": ""2010-01-20 09:00:00"", ""@DateMeasurementFinished"": """"}, {""@SpeciesCode"": ""O3"", ""@SpeciesDescription"": ""Ozone"", ""@DateMeasurementStarted"": ""1996-01-01 00:00:00"", ""@DateMeasurementFinished"": """"}, {""@SpeciesCode"": ""PM10"", ""@SpeciesDescription"": ""PM10 Particulate"", ""@DateMeasurementStarted"": ""2012-04-12 12:00:00"", ""@DateMeasurementFinished"": ""2020-10-01 00:00:00""}, {""@SpeciesCode"": ""SO2"", ""@SpeciesDescription"": ""Sulphur Dioxide"", ""@DateMeasurementStarted"": ""1996-01-01 00:00:00"", ""@DateMeasurementFinished"": """"}]","","","",""
"","","","","","","","","","","","","","","","CO","Carbon Monoxide","1996-01-01 00:00:00","2013-01-30 00:00:00"
"","","","","","","","","","","","","","","","NO2","Nitrogen Dioxide","2010-01-20 09:00:00",""
"","","","","","","","","","","","","","","","O3","Ozone","1996-01-01 00:00:00",""
"","","","","","","","","","","","","","","","PM10","PM10 Particulate","2012-04-12 12:00:00","2020-10-01 00:00:00"
"","","","","","","","","","","","","","","","SO2","Sulphur Dioxide","1996-01-01 00:00:00",""
"3","Bexley","BX9","Bexley - Slade Green FDMS","Suburban","2020-10-01 00:00:00","2008-10-21 00:00:00","51.4659832746662","0.184877126994369","6704140.10457","20577.2727637","Bexley","King's College London","http://www.londonair.org.uk/london/asp/publicdetails.asp?site=BX9","{""@SpeciesCode"": ""PM25"", ""@SpeciesDescription"": ""PM2.5 Particulate"", ""@DateMeasurementStarted"": ""2008-10-21 12:00:00"", ""@DateMeasurementFinished"": ""2020-10-01 00:00:00""}","","","",""
"","","","","","","","","","","","","","","","PM25","PM2.5 Particulate","2008-10-21 12:00:00","2020-10-01 00:00:00"
"3","Bexley","BQ9","Bexley - Slade Green Fidas","Suburban","","2020-10-01 00:00:00","51.4659832746662","0.184877126994369","6704140.10457","20577.2727637","Bexley","King's College London","http://www.londonair.org.uk/london/asp/publicdetails.asp?site=BQ9","[{""@SpeciesCode"": ""PM10"", ""@SpeciesDescription"": ""PM10 Particulate"", ""@DateMeasurementStarted"": ""2020-10-01 10:00:00"", ""@DateMeasurementFinished"": """"}, {""@SpeciesCode"": ""PM25"", ""@SpeciesDescription"": ""PM2.5 Particulate"", ""@DateMeasurementStarted"": ""2020-10-01 10:00:00"", ""@DateMeasurementFinished"": """"}]","","","",""
"","","","","","","","","","","","","","","","PM10","PM10 Particulate","2020-10-01 10:00:00",""
"","","","","","","","","","","","","","","","PM25","PM2.5 Particulate","2020-10-01 10:00:00",""
"3","Bexley","BX7","Bexley - Thames Road North","Roadside","2010-03-23 00:00:00","2004-04-08 00:00:00","51.457159","0.195294","6702561.75534","21740.028635","Bexley","King's College London","http://www.londonair.org.uk/london/asp/publicdetails.asp?site=BX7","[{""@SpeciesCode"": ""NO2"", ""@SpeciesDescription"": ""Nitrogen Dioxide"", ""@DateMeasurementStarted"": ""2008-01-01 00:00:00"", ""@DateMeasurementFinished"": ""2010-03-23 00:00:00""}, {""@SpeciesCode"": ""O3"", ""@SpeciesDescription"": ""Ozone"", ""@DateMeasurementStarted"": ""2004-06-10 11:00:00"", ""@DateMeasurementFinished"": ""2010-03-23 00:00:00""}, {""@SpeciesCode"": ""PM10"", ""@SpeciesDescription"": ""PM10 Particulate"", ""@DateMeasurementStarted"": ""2004-04-08 00:00:00"", ""@DateMeasurementFinished"": ""2010-03-23 00:00:00""}]","","","",""
"","","","","","","","","","","","","","","","NO2","Nitrogen Dioxide","2008-01-01 00:00:00","2010-03-23 00:00:00"
"","","","","","","","","","","","","","","","O3","Ozone","2004-06-10 11:00:00","2010-03-23 00:00:00"
"","","","","","","","","","","","","","","","PM10","PM10 Particulate","2004-04-08 00:00:00","2010-03-23 00:00:00"
"3","Bexley","BX6","Bexley - Thames Road North FDMS","Roadside","2010-03-23 00:00:00","2004-04-08 00:00:00","51.457159","0.195294","6702561.75534","21740.028635","Bexley","King's College London","http://www.londonair.org.uk/london/asp/publicdetails.asp?site=BX6","{""@SpeciesCode"": ""PM10"", ""@SpeciesDescription"": ""PM10 Particulate"", ""@DateMeasurementStarted"": ""2004-04-01 00:00:00"", ""@DateMeasurementFinished"": ""2010-03-23 00:00:00""}","","","",""
"","","","","","","","","","","","","","","","PM10","PM10 Particulate","2004-04-01 00:00:00","2010-03-23 00:00:00"
"3","Bexley","BX8","Bexley - Thames Road South","Roadside","2010-04-15 00:00:00","2004-04-06 00:00:00","51.456887","0.194582","6702513.16149","21660.7691575","Bexley","King's College London","http://www.londonair.org.uk/london/asp/publicdetails.asp?site=BX8","[{""@SpeciesCode"": ""NO2"", ""@SpeciesDescription"": ""Nitrogen Dioxide"", ""@DateMeasurementStarted"": ""2008-01-01 00:00:00"", ""@DateMeasurementFinished"": ""2010-04-15 00:00:00""}, {""@SpeciesCode"": ""O3"", ""@SpeciesDescription"": ""Ozone"", ""@DateMeasurementStarted"": ""2004-06-10 11:00:00"", ""@DateMeasurementFinished"": ""2010-04-15 00:00:00""}, {""@SpeciesCode"": ""PM10"", ""@SpeciesDescription"": ""PM10 Particulate"", ""@DateMeasurementStarted"": ""2004-04-06 00:00:00"", ""@DateMeasurementFinished"": ""2010-04-15 00:00:00""}]","","","",""
"","","","","","","","","","","","","","","","NO2","Nitrogen Dioxide","2008-01-01 00:00:00","2010-04-15 00:00:00"
"","","","","","","","","","","","","","","","O3","Ozone","2004-06-10 11:00:00","2010-04-15 00:00:00"
"","","","","","","","","","","","","","","","PM10","PM10 Particulate","2004-04-06 00:00:00","2010-04-15 00:00:00"
"3","Bexley","BX3","Bexley - Thamesmead","Suburban","2018-03-12 00:00:00","1998-01-24 15:00:00","51.510808","0.121617","6712152.02371","13538.3425118","Bexley","King's College London","http://www.londonair.org.uk/london/asp/publicdetails.asp?site=BX3","{""@SpeciesCode"": ""PM10"", ""@SpeciesDescription"": ""PM10 Particulate"", ""@DateMeasurementStarted"": ""1998-01-24 15:00:00"", ""@DateMeasurementFinished"": ""2003-02-20 14:30:00""}","","","",""
"","","","","","","","","","","","","","","","PM10","PM10 Particulate","1998-01-24 15:00:00","2003-02-20 14:30:00"
"4","Brent","BT8","Brent - ARK Franklin Primary Academy","Roadside","","2017-10-30 00:00:00","51.5324054617809","-0.217718908639377","6716981.19188","-27584.1905821","Brent","King's College London","http://www.londonair.org.uk/london/asp/publicdetails.asp?site=BT8","[{""@SpeciesCode"": ""NO2"", ""@SpeciesDescription"": ""Nitrogen Dioxide"", ""@DateMeasurementStarted"": ""2017-03-30 06:00:00"", ""@DateMeasurementFinished"": """"}, {""@SpeciesCode"": ""PM10"", ""@SpeciesDescription"": ""PM10 Particulate"", ""@DateMeasurementStarted"": ""2023-08-23 00:00:00"", ""@DateMeasurementFinished"": """"}, {""@SpeciesCode"": ""PM25"", ""@SpeciesDescription"": ""PM2.5 Particulate"", ""@DateMeasurementStarted"": ""2023-08-23 00:00:00"", ""@DateMeasurementFinished"": """"}]","","","",""
"","","","","","","","","","","","","","","","NO2","Nitrogen Dioxide","2017-03-30 06:00:00",""
"","","","","","","","","","","","","","","","PM10","PM10 Particulate","2023-08-23 00:00:00",""
"","","","","","","","","","","","","","","","PM25","PM2.5 Particulate","2023-08-23 00:00:00",""
"4","Brent","BT3","Brent - Harlesden","Roadside","2006-09-27 00:00:00","2001-10-31 00:00:00","51.5370800298103","-0.249273425299457","6716852.51826","-27748.9907726","Brent","King's College London","http://www.londonair.org.uk/london/asp/publicdetails.asp?site=BT3","[{""@SpeciesCode"": ""NO2"", ""@SpeciesDescription"": ""Nitrogen Dioxide"", ""@DateMeasurementStarted"": ""2004-09-17 14:00:00"", ""@DateMeasurementFinished"": ""2006-09-27 00:00:00""}, {""@SpeciesCode"": ""PM10"", ""@SpeciesDescription"": ""PM10 Particulate"", ""@DateMeasurementStarted"": ""2001-10-31 00:00:00"", ""@DateMeasurementFinished"": ""2006-09-27 00:00:00""}, {""@SpeciesCode"": ""SO2"", ""@SpeciesDescription"": ""Sulphur Dioxide"", ""@DateMeasurementStarted"": ""2001-10-02 16:00:00"", ""@DateMeasurementFinished"": ""2006-09-27 00:00:00""}]","","","",""
"","","","","","","","","","","","","","","","NO2","Nitrogen Dioxide","2004-09-17 14:00:00","2006-09-27 00:00:00"
"","","","","","","","","","","","","","","","PM10","PM10 Particulate","2001-10-31 00:00:00","2006-09-27 00:00:00"
"","","","","","","","","","","","","","","","SO2","Sulphur Dioxide","2001-10-02 16:00:00","2006-09-27 00:00:00"
"4","Brent","BT4","Brent - Ikea","Roadside","","2003-06-20 06:00:00","51.552476","-0.258089","6719608.36938","-28730.3360593","Brent","King's College London","http://www.londonair.org.uk/london/asp/publicdetails.asp?site=BT4","[{""@SpeciesCode"": ""NO2"", ""@SpeciesDescription"": ""Nitrogen Dioxide"", ""@DateMeasurementStarted"": ""2004-09-17 10:00:00"", ""@DateMeasurementFinished"": """"}, {""@SpeciesCode"": ""O3"", ""@SpeciesDescription"": ""Ozone"", ""@DateMeasurementStarted"": ""2006-05-25 10:30:00"", ""@DateMeasurementFinished"": """"}, {""@SpeciesCode"": ""PM10"", ""@SpeciesDescription"": ""PM10 Particulate"", ""@DateMeasurementStarted"": ""2020-04-02 06:00:00"", ""@DateMeasurementFinished"": """"}, {""@SpeciesCode"": ""PM25"", ""@SpeciesDescription"": ""PM2.5 Particulate"", ""@DateMeasurementStarted"": ""2020-10-07 00:00:00"", ""@DateMeasurementFinished"": """"}, {""@SpeciesCode"": ""SO2"", ""@SpeciesDescription"": ""Sulphur Dioxide"", ""@DateMeasurementStarted"": ""2003-06-17 00:00:00"", ""@DateMeasurementFinished"": ""2011-11-01 00:00:00""}]","","","",""
"","","","","","","","","","","","","","","","NO2","Nitrogen Dioxide","2004-09-17 10:00:00",""
"","","","","","","","","","","","","","","","O3","Ozone","2006-05-25 10:30:00",""
"","","","","","","","","","","","","","","","PM10","PM10 Particulate","2020-04-02 06:00:00",""
"","","","","","","","","","","","","","","","PM25","PM2.5 Particulate","2020-10-07 00:00:00",""
"","","","","","","","","","","","","","","","SO2","Sulphur Dioxide","2003-06-17 00:00:00","2011-11-01 00:00:00"
"4","Brent","BT2","Brent - Ikea Car Park","Roadside","2003-06-16 00:00:00","2001-06-17 12:00:00","51.5524326273922","-0.260338843869077","6719600.60445","-28980.7875332","Brent","King's College London","http://www.londonair.org.uk/london/asp/publicdetails.asp?site=BT2","[{""@SpeciesCode"": ""NO2"", ""@SpeciesDescription"": ""Nitrogen Dioxide"", ""@DateMeasurementStarted"": ""2001-06-17 12:00:00"", ""@DateMeasurementFinished"": ""2003-06-16 00:00:00""}, {""@SpeciesCode"": ""PM10"", ""@SpeciesDescription"": ""PM10 Particulate"", ""@DateMeasurementStarted"": ""2001-06-17 12:00:00"", ""@DateMeasurementFinished"": ""2003-06-16 00:00:00""}, {""@SpeciesCode"": ""SO2"", ""@SpeciesDescription"": ""Sulphur Dioxide"", ""@DateMeasurementStarted"": ""2001-05-25 14:00:00"", ""@DateMeasurementFinished"": ""2003-06-16 00:00:00""}]","","","",""
"","","","","","","","","","","","","","","","NO2","Nitrogen Dioxide","2001-06-17 12:00:00","2003-06-16 00:00:00"
"","","","","","","","","","","","","","","","PM10","PM10 Particulate","2001-06-17 12:00:00","2003-06-16 00:00:00"
"","","","","","","","","","","","","","","","SO2","Sulphur Dioxide","2001-05-25 14:00:00","2003-06-16 00:00:00"
"4","Brent","BT6","Brent - John Keble Primary School","Roadside","","2006-11-01 00:00:00","51.537799","-0.247793","6716981.19188","-27584.1905821","Brent","King's College London","http://www.londonair.org.uk/london/asp/publicdetails.asp?site=BT6","[{""@SpeciesCode"": ""NO2"", ""@SpeciesDescription"": ""Nitrogen Dioxide"", ""@DateMeasurementStarted"": ""2006-11-15 12:00:00"", ""@DateMeasurementFinished"": """"}, {""@SpeciesCode"": ""PM10"", ""@SpeciesDescription"": ""PM10 Particulate"", ""@DateMeasurementStarted"": ""2023-08-30 08:00:00"", ""@DateMeasurementFinished"": """"}, {""@SpeciesCode"": ""PM25"", ""@SpeciesDescription"": ""PM2.5 Particulate"", ""@DateMeasurementStarted"": ""2023-08-30 08:00:00"", ""@DateMeasurementFinished"": """"}, {""@SpeciesCode"": ""SO2"", ""@SpeciesDescription"": ""Sulphur Dioxide"", ""@DateMeasurementStarted"": ""2006-11-01 00:00:00"", ""@DateMeasurementFinished"": ""2012-05-16 00:00:00""}]","","","",""
"","","","","","","","","","","","","","","","NO2","Nitrogen Dioxide","2006-11-15 12:00:00",""
"","","","","","","","","","","","","","","","PM10","PM10 Particulate","2023-08-30 08:00:00",""
"","","","","","","","","","","","","","","","PM25","PM2.5 Particulate","2023-08-30 08:00:00",""
"","","","","","","","","","","","","","","","SO2","Sulphur Dioxide","2006-11-01 00:00:00","2012-05-16 00:00:00"
"4","Brent","BT1","Brent - Kingsbury","Suburban","2010-11-16 00:00:00","1996-01-26 00:00:00","51.589618","-0.275519","6726260.56244","-30670.6347839","Brent","King's College London","http://www.londonair.org.uk/london/asp/publicdetails.asp?site=BT1","[{""@SpeciesCode"": ""CO"", ""@SpeciesDescription"": ""Carbon Monoxide"", ""@DateMeasurementStarted"": ""1995-05-02 12:00:00"", ""@DateMeasurementFinished"": ""2010-11-16 00:00:00""}, {""@SpeciesCode"": ""NO2"", ""@SpeciesDescription"": ""Nitrogen Dioxide"", ""@DateMeasurementStarted"": ""2002-08-21 15:00:00"", ""@DateMeasurementFinished"": ""2010-11-16 00:00:00""}, {""@SpeciesCode"": ""O3"", ""@SpeciesDescription"": ""Ozone"", ""@DateMeasurementStarted"": ""1995-01-01 01:00:00"", ""@DateMeasurementFinished"": ""2010-11-16 00:00:00""}, {""@SpeciesCode"": ""PM10"", ""@SpeciesDescription"": ""PM10 Particulate"", ""@DateMeasurementStarted"": ""1996-01-26 00:00:00"", ""@DateMeasurementFinished"": ""2010-11-16 00:00:00""}, {""@SpeciesCode"": ""SO2"", ""@SpeciesDescription"": ""Sulphur Dioxide"", ""@DateMeasurementStarted"": ""1995-01-01 01:00:00"", ""@DateMeasurementFinished"": ""2010-11-16 00:00:00""}]","","","",""
"","","","","","","","","","","","","","","","CO","Carbon Monoxide","1995-05-02 12:00:00","2010-11-16 00:00:00"
"","","","","","","","","","","","","","","","NO2","Nitrogen Dioxide","2002-08-21 15:00:00","2010-11-16 00:00:00"
"","","","","","","","","","","","","","","","O3","Ozone","1995-01-01 01:00:00","2010-11-16 00:00:00"
"","","","","","","","","","","","","","","","PM10","PM10 Particulate","1996-01-26 00:00:00","2010-11-16 00:00:00"
"","","","","","","","","","","","","","","","SO2","Sulphur Dioxide","1995-01-01 01:00:00","2010-11-16 00:00:00"
"4","Brent","BT5","Brent - Neasden Lane","Industrial","","2004-02-29 23:00:00","51.552656","-0.248774","6719640.59457","-27693.3950026","Brent","King's College London","http://www.londonair.org.uk/london/asp/publicdetails.asp?site=BT5","[{""@SpeciesCode"": ""NO2"", ""@SpeciesDescription"": ""Nitrogen Dioxide"", ""@DateMeasurementStarted"": ""2004-03-01 00:00:00"", ""@DateMeasurementFinished"": """"}, {""@SpeciesCode"": ""PM10"", ""@SpeciesDescription"": ""PM10 Particulate"", ""@DateMeasurementStarted"": ""2023-07-06 00:00:00"", ""@DateMeasurementFinished"": """"}, {""@SpeciesCode"": ""PM25"", ""@SpeciesDescription"": ""PM2.5 Particulate"", ""@DateMeasurementStarted"": ""2023-07-06 11:00:00"", ""@DateMeasurementFinished"": """"}]","","","",""
"","","","","","","","","","","","","","","","NO2","Nitrogen Dioxide","2004-03-01 00:00:00",""
"","","","","","","","","","","","","","","","PM10","PM10 Particulate","2023-07-06 00:00:00",""
"","","","","","","","","","","","","","","","PM25","PM2.5 Particulate","2023-07-06 11:00:00",""
"4","Brent","BT7","Brent - St Marys Primary School","Urban Background","2010-12-21 00:00:00","2008-01-04 00:00:00","51.534718","-0.196664","6716429.80163","-21892.5363374","Brent","King's College London","http://www.londonair.org.uk/london/asp/publicdetails.asp?site=BT7","[{""@SpeciesCode"": ""NO2"", ""@SpeciesDescription"": ""Nitrogen Dioxide"", ""@DateMeasurementStarted"": ""2009-01-15 13:00:00"", ""@DateMeasurementFinished"": ""2010-12-21 00:00:00""}, {""@SpeciesCode"": ""PM10"", ""@SpeciesDescription"": ""PM10 Particulate"", ""@DateMeasurementStarted"": ""2008-01-04 00:00:00"", ""@DateMeasurementFinished"": ""2010-12-21 00:00:00""}]","","","",""
"","","","","","","","","","","","","","","","NO2","Nitrogen Dioxide","2009-01-15 13:00:00","2010-12-21 00:00:00"
"","","","","","","","","","","","","","","","PM10","PM10 Particulate","2008-01-04 00:00:00","2010-12-21 00:00:00"
"5","Bromley","BY5","Bromley - Biggin Hill","Suburban","2010-07-09 08:45:00","1996-04-01 00:00:00","51.314562","0.042019","6677125.85831","4677.53368364","Bromley","King's College London","http://www.londonair.org.uk/london/asp/publicdetails.asp?site=BY5","{""@SpeciesCode"": ""O3"", ""@SpeciesDescription"": ""Ozone"", ""@DateMeasurementStarted"": ""1996-03-12 14:00:00"", ""@DateMeasurementFinished"": ""2010-07-09 08:45:00""}","","","",""
"","","","","","","","","","","","","","","","O3","Ozone","1996-03-12 14:00:00","2010-07-09 08:45:00"
"5","Bromley","BY7","Bromley - Harwood Avenue","Roadside","2026-01-05 00:00:00","1998-07-06 11:00:00","51.405546","0.018882","6693346.07386","2101.93462516","Bromley","King's College London","http://www.londonair.org.uk/london/asp/publicdetails.asp?site=BY7","[{""@SpeciesCode"": ""CO"", ""@SpeciesDescription"": ""Carbon Monoxide"", ""@DateMeasurementStarted"": ""1998-07-01 00:00:00"", ""@DateMeasurementFinished"": ""2010-07-01 00:00:00""}, {""@SpeciesCode"": ""NO2"", ""@SpeciesDescription"": ""Nitrogen Dioxide"", ""@DateMeasurementStarted"": ""2001-10-10 09:00:00"", ""@DateMeasurementFinished"": ""2026-01-05 00:00:00""}, {""@SpeciesCode"": ""PM10"", ""@SpeciesDescription"": ""PM10 Particulate"", ""@DateMeasurementStarted"": ""2019-12-23 00:00:00"", ""@DateMeasurementFinished"": ""2026-01-05 00:00:00""}, {""@SpeciesCode"": ""PM25"", ""@SpeciesDescription"": ""PM2.5 Particulate"", ""@DateMeasurementStarted"": ""2020-04-17 00:00:00"", ""@DateMeasurementFinished"": ""2026-01-05 00:00:00""}]","","","",""
"","","","","","","","","","","","","","","","CO","Carbon Monoxide","1998-07-01 00:00:00","2010-07-01 00:00:00"
"","","","","","","","","","","","","","","","NO2","Nitrogen Dioxide","2001-10-10 09:00:00","2026-01-05 00:00:00"
"","","","","","","","","","","","","","","","PM10","PM10 Particulate","2019-12-23 00:00:00","2026-01-05 00:00:00"
"","","","","","","","","","","","","","","","PM25","PM2.5 Particulate","2020-04-17 00:00:00","2026-01-05 00:00:00"
"5","Bromley","BY1","Bromley - Rent Office","Urban Background","1996-01-11 21:00:00","1993-01-01 00:00:00","51.4132338948359","0.00721471618770671","6694718.1147","803.138532233","Bromley","King's College London","http://www.londonair.org.uk/london/asp/publicdetails.asp?site=BY1","[{""@SpeciesCode"": ""CO"", ""@SpeciesDescription"": ""Carbon Monoxide"", ""@DateMeasurementStarted"": ""1995-10-03 11:00:00"", ""@DateMeasurementFinished"": ""1996-01-11 21:00:00""}, {""@SpeciesCode"": ""NO2"", ""@SpeciesDescription"": ""Nitrogen Dioxide"", ""@DateMeasurementStarted"": ""1993-01-01 00:00:00"", ""@DateMeasurementFinished"": ""1996-01-11 21:00:00""}, {""@SpeciesCode"": ""O3"", ""@SpeciesDescription"": ""Ozone"", ""@DateMeasurementStarted"": ""1995-10-03 11:00:00"", ""@DateMeasurementFinished"": ""1996-01-11 21:00:00""}]","","","",""
"","","","","","","","","","","","","","","","CO","Carbon Monoxide","1995-10-03 11:00:00","1996-01-11 21:00:00"
"","","","","","","","","","","","","","","","NO2","Nitrogen Dioxide","1993-01-01 00:00:00","1996-01-11 21:00:00"
"","","","","","","","","","","","","","","","O3","Ozone","1995-10-03 11:00:00","1996-01-11 21:00:00"
"5","Bromley","BY4","Bromley - Tweedy Rd","Roadside","1998-07-06 10:45:00","1996-01-28 11:00:00","51.403834810795","0.020390228913718","6693040.71326","2269.82989983","Bromley","King's College London","http://www.londonair.org.uk/london/asp/publicdetails.asp?site=BY4","[{""@SpeciesCode"": ""CO"", ""@SpeciesDescription"": ""Carbon Monoxide"", ""@DateMeasurementStarted"": ""1996-01-01 00:00:00"", ""@DateMeasurementFinished"": ""1998-07-06 10:45:00""}, {""@SpeciesCode"": ""NO2"", ""@SpeciesDescription"": ""Nitrogen Dioxide"", ""@DateMeasurementStarted"": ""1996-01-28 11:00:00"", ""@DateMeasurementFinished"": ""1998-07-06 10:45:00""}]","","","",""
"","","","","","","","","","","","","","","","CO","Carbon Monoxide","1996-01-01 00:00:00","1998-07-06 10:45:00"
"","","","","","","","","","","","","","","","NO2","Nitrogen Dioxide","1996-01-28 11:00:00","1998-07-06 10:45:00"
"6","Camden","BL0","Camden - Bloomsbury","Urban Background","","1992-01-23 00:00:00","51.522287","-0.125848","6714205.47041","-14009.3352774","Camden","King's College London","http://www.londonair.org.uk/london/asp/publicdetails.asp?site=BL0","[{""@SpeciesCode"": ""CO"", ""@SpeciesDescription"": ""Carbon Monoxide"", ""@DateMeasurementStarted"": ""2007-12-01 00:00:00"", ""@DateMeasurementFinished"": """"}, {""@SpeciesCode"": ""NO2"", ""@SpeciesDescription"": ""Nitrogen Dioxide"", ""@DateMeasurementStarted"": ""2007-12-01 00:00:00"", ""@DateMeasurementFinished"": """"}, {""@SpeciesCode"": ""O3"", ""@SpeciesDescription"": ""Ozone"", ""@DateMeasurementStarted"": ""2007-12-01 00:00:00"", ""@DateMeasurementFinished"": """"}, {""@SpeciesCode"": ""PM10"", ""@SpeciesDescription"": ""PM10 Particulate"", ""@DateMeasurementStarted"": ""2007-01-01 00:00:00"", ""@DateMeasurementFinished"": """"}, {""@SpeciesCode"": ""PM25"", ""@SpeciesDescription"": ""PM2.5 Particulate"", ""@DateMeasurementStarted"": ""2007-12-01 00:00:00"", ""@DateMeasurementFinished"": """"}, {""@SpeciesCode"": ""SO2"", ""@SpeciesDescription"": ""Sulphur Dioxide"", ""@DateMeasurementStarted"": ""2007-12-01 00:00:00"", ""@DateMeasurementFinished"": """"}]","","","",""
"","","","","","","","","","","","","","","","CO","Carbon Monoxide","2007-12-01 00:00:00",""
"","","","","","","","","","","","","","","","NO2","Nitrogen Dioxide","2007-12-01 00:00:00",""
"","","","","","","","","","","","","","","","O3","Ozone","2007-12-01 00:00:00",""
"","","","","","","","","","","","","","","","PM10","PM10 Particulate","2007-01-01 00:00:00",""
"","","","","","","","","","","","","","","","PM25","PM2.5 Particulate","2007-12-01 00:00:00",""
"","","","","","","","","","","","","","","","SO2","Sulphur Dioxide","2007-12-01 00:00:00",""
"6","Camden","KX4","Camden - Coopers Lane","Industrial","2020-07-01 00:00:00","2009-07-01 00:00:00","51.533238","-0.129594","6716164.9471449","-14426.3380898635","Camden","King's College London","http://www.londonair.org.uk/london/asp/publicdetails.asp?site=KX4","{""@SpeciesCode"": ""PM10"", ""@SpeciesDescription"": ""PM10 Particulate"", ""@DateMeasurementStarted"": ""2009-01-01 00:00:00"", ""@DateMeasurementFinished"": ""2020-07-01 00:00:00""}","","","",""
"","","","","","","","","","","","","","","","PM10","PM10 Particulate","2009-01-01 00:00:00","2020-07-01 00:00:00"
"6","Camden","CD9","Camden - Euston Road","Roadside","2020-07-02 00:00:00","2011-01-29 00:00:00","51.527975","-0.1287742","6715175.15109","-14366.1370973","Camden","King's College London","http://www.londonair.org.uk/london/asp/publicdetails.asp?site=CD9","[{""@SpeciesCode"": ""NO2"", ""@SpeciesDescription"": ""Nitrogen Dioxide"", ""@DateMeasurementStarted"": ""2011-01-26 00:00:00"", ""@DateMeasurementFinished"": ""2020-07-02 00:00:00""}, {""@SpeciesCode"": ""PM10"", ""@SpeciesDescription"": ""PM10 Particulate"", ""@DateMeasurementStarted"": ""2014-10-01 09:00:00"", ""@DateMeasurementFinished"": ""2020-07-02 00:00:00""}, {""@SpeciesCode"": ""PM25"", ""@SpeciesDescription"": ""PM2.5 Particulate"", ""@DateMeasurementStarted"": ""2014-10-01 09:00:00"", ""@DateMeasurementFinished"": ""2020-07-02 00:00:00""}]","","","",""
"","","","","","","","","","","","","","","","NO2","Nitrogen Dioxide","2011-01-26 00:00:00","2020-07-02 00:00:00"
"","","","","","","","","","","","","","","","PM10","PM10 Particulate","2014-10-01 09:00:00","2020-07-02 00:00:00"
"","","","","","","","","","","","","","","","PM25","PM2.5 Particulate","2014-10-01 09:00:00","2020-07-02 00:00:00"
"6","Camden","IM1","Camden - Holborn (Bee Midtown)","Kerbside","2023-05-02 00:00:00","2014-02-06 00:00:00","51.5173675146177","-0.1201947113171","6713325.37384719","-13380.0140598641","Camden","King's College London","http://www.londonair.org.uk/london/asp/publicdetails.asp?site=IM1","{""@SpeciesCode"": ""NO2"", ""@SpeciesDescription"": ""Nitrogen Dioxide"", ""@DateMeasurementStarted"": ""2014-02-06 00:00:00"", ""@DateMeasurementFinished"": ""2023-05-02 00:00:00""}","","","",""
"","","","","","","","","","","","","","","","NO2","Nitrogen Dioxide","2014-02-06 00:00:00","2023-05-02 00:00:00"
"6","Camden","CD3","Camden - Shaftesbury Avenue","Roadside","2016-11-04 00:00:00","2000-04-20 06:00:00","51.515532","-0.127027","6712997.0244","-14140.580957","Camden","King's College London","http://www.londonair.org.uk/london/asp/publicdetails.asp?site=CD3","[{""@SpeciesCode"": ""NO2"", ""@SpeciesDescription"": ""Nitrogen Dioxide"", ""@DateMeasurementStarted"": ""2008-01-01 00:00:00"", ""@DateMeasurementFinished"": ""2016-11-04 00:00:00""}, {""@SpeciesCode"": ""PM10"", ""@SpeciesDescription"": ""PM10 Particulate"", ""@DateMeasurementStarted"": ""2000-04-20 06:00:00"", ""@DateMeasurementFinished"": ""2016-11-04 00:00:00""}]","","","",""
"","","","","","","","","","","","","","","","NO2","Nitrogen Dioxide","2008-01-01 00:00:00","2016-11-04 00:00:00"
"","","","","","","","","","","","","","","","PM10","PM10 Particulate","2000-04-20 06:00:00","2016-11-04 00:00:00"
"6","Camden","CD4","Camden - St Martins College (NOX 1)","Urban Background","2010-07-13 00:00:00","2007-06-22 00:00:00","51.518846","-0.12034","6713589.86508","-13396.1875221","Camden","King's College London","http://www.londonair.org.uk/london/asp/publicdetails.asp?site=CD4","{""@SpeciesCode"": ""NO2"", ""@SpeciesDescription"": ""Nitrogen Dioxide"", ""@DateMeasurementStarted"": ""2007-06-22 00:00:00"", ""@DateMeasurementFinished"": ""2010-07-13 00:00:00""}","","","",""
"","","","","","","","","","","","","","","","NO2","Nitrogen Dioxide","2007-06-22 00:00:00","2010-07-13 00:00:00"
"6","Camden","CD5","Camden - St Martins College (NOX 2)","Urban Background","2011-01-15 00:00:00","2007-06-22 00:00:00","51.518846","-0.12034","6713589.86508","-13396.1875221","Camden","King's College London","http://www.londonair.org.uk/london/asp/publicdetails.asp?site=CD5","{""@SpeciesCode"": ""NO2"", ""@SpeciesDescription"": ""Nitrogen Dioxide"", ""@DateMeasurementStarted"": ""2007-06-22 00:00:00"", ""@DateMeasurementFinished"": ""2011-01-15 00:00:00""}","","","",""
"","","","","","","","","","","","","","","","NO2","Nitrogen Dioxide","2007-06-22 00:00:00","2011-01-15 00:00:00"
"6","Camden","CD1","Camden - Swiss Cottage","Kerbside","","1996-04-16 13:30:00","51.544219","-0.175284","6718130.26521","-19512.5256242","Camden","King's College London","http://www.londonair.org.uk/london/asp/publicdetails.asp?site=CD1","[{""@SpeciesCode"": ""NO2"", ""@SpeciesDescription"": ""Nitrogen Dioxide"", ""@DateMeasurementStarted"": ""2001-12-10 17:00:00"", ""@DateMeasurementFinished"": """"}, {""@SpeciesCode"": ""PM10"", ""@SpeciesDescription"": ""PM10 Particulate"", ""@DateMeasurementStarted"": ""2010-02-12 11:00:00"", ""@DateMeasurementFinished"": """"}, {""@SpeciesCode"": ""PM25"", ""@SpeciesDescription"": ""PM2.5 Particulate"", ""@DateMeasurementStarted"": ""2008-02-11 00:00:00"", ""@DateMeasurementFinished"": """"}]","","","",""
"","","","","","","","","","","","","","","","NO2","Nitrogen Dioxide","2001-12-10 17:00:00",""
"","","","","","","","","","","","","","","","PM10","PM10 Particulate","2010-02-12 11:00:00",""
"","","","","","","","","","","","","","","","PM25","PM2.5 Particulate","2008-02-11 00:00:00",""
"7","City of London","CT4","City of London - Beech Street","Roadside","2023-07-03 00:00:00","2003-01-01 00:00:00","51.520225273171","-0.0961060474176381","6713836.61564","-10698.4762607","City of London","King's College London","http://www.londonair.org.uk/london/asp/publicdetails.asp?site=CT4","[{""@SpeciesCode"": ""NO2"", ""@SpeciesDescription"": ""Nitrogen Dioxide"", ""@DateMeasurementStarted"": ""2002-01-01 00:00:00"", ""@DateMeasurementFinished"": ""2023-07-03 00:00:00""}, {""@SpeciesCode"": ""PM10"", ""@SpeciesDescription"": ""PM10 Particulate"", ""@DateMeasurementStarted"": ""2021-01-28 09:00:00"", ""@DateMeasurementFinished"": ""2023-07-03 00:00:00""}]","","","",""
"","","","","","","","","","","","","","","","NO2","Nitrogen Dioxide","2002-01-01 00:00:00","2023-07-03 00:00:00"
"","","","","","","","","","","","","","","","PM10","PM10 Particulate","2021-01-28 09:00:00","2023-07-03 00:00:00"
"7","City of London","CTA","City of London - Bell Wharf Lane","Roadside","2023-07-03 00:00:00","2022-05-12 00:00:00","51.5105969158391","-0.0921029031922594","","","City of London","King's College London","http://www.londonair.org.uk/london/asp/publicdetails.asp?site=CTA","[{""@SpeciesCode"": ""NO2"", ""@SpeciesDescription"": ""Nitrogen Dioxide"", ""@DateMeasurementStarted"": ""2023-01-09 00:00:00"", ""@DateMeasurementFinished"": ""2023-07-03 00:00:00""}, {""@SpeciesCode"": ""PM10"", ""@SpeciesDescription"": ""PM10 Particulate"", ""@DateMeasurementStarted"": ""2022-05-12 06:00:00"", ""@DateMeasurementFinished"": ""2023-07-03 00:00:00""}]","","","",""
"","","","","","","","","","","","","","","","NO2","Nitrogen Dioxide","2023-01-09 00:00:00","2023-07-03 00:00:00"
"","","","","","","","","","","","","","","","PM10","PM10 Particulate","2022-05-12 06:00:00","2023-07-03 00:00:00"
"7","City of London","CT2","City of London - Farringdon Street","Kerbside","2023-07-03 00:00:00","2003-01-01 00:00:00","51.5145253362314","-0.104515626337876","6712816.9511","-11634.6263039","City of London","King's College London","http://www.londonair.org.uk/london/asp/publicdetails.asp?site=CT2","[{""@SpeciesCode"": ""NO2"", ""@SpeciesDescription"": ""Nitrogen Dioxide"", ""@DateMeasurementStarted"": ""2002-01-01 00:00:00"", ""@DateMeasurementFinished"": ""2006-10-01 00:00:00""}, {""@SpeciesCode"": ""O3"", ""@SpeciesDescription"": ""Ozone"", ""@DateMeasurementStarted"": ""2003-01-01 00:00:00"", ""@DateMeasurementFinished"": ""1995-08-31 00:00:00""}, {""@SpeciesCode"": ""PM10"", ""@SpeciesDescription"": ""PM10 Particulate"", ""@DateMeasurementStarted"": ""2003-01-01 00:00:00"", ""@DateMeasurementFinished"": ""2006-10-01 00:00:00""}, {""@SpeciesCode"": ""PM25"", ""@SpeciesDescription"": ""PM2.5 Particulate"", ""@DateMeasurementStarted"": ""2015-07-31 10:00:00"", ""@DateMeasurementFinished"": ""2023-07-03 00:00:00""}]","","","",""
"","","","","","","","","","","","","","","","NO2","Nitrogen Dioxide","2002-01-01 00:00:00","2006-10-01 00:00:00"
"","","","","","","","","","","","","","","","O3","Ozone","2003-01-01 00:00:00","1995-08-31 00:00:00"
"","","","","","","","","","","","","","","","PM10","PM10 Particulate","2003-01-01 00:00:00","2006-10-01 00:00:00"
"","","","","","","","","","","","","","","","PM25","PM2.5 Particulate","2015-07-31 10:00:00","2023-07-03 00:00:00"
"7","City of London","CT9","City of London - Guildhall","Urban Background","2023-07-04 00:00:00","2022-01-24 00:00:00","51.515907","-0.092023986","6713064.10589633","-10244.0632622873","City of London","King's College London","http://www.londonair.org.uk/london/asp/publicdetails.asp?site=CT9","{""@SpeciesCode"": ""O3"", ""@SpeciesDescription"": ""Ozone"", ""@DateMeasurementStarted"": ""2003-07-26 14:30:00"", ""@DateMeasurementFinished"": ""2023-07-04 00:00:00""}","","","",""
"","","","","","","","","","","","","","","","O3","Ozone","2003-07-26 14:30:00","2023-07-04 00:00:00"
"7","City of London","CT1","City of London - Senator House","Urban Background","2013-01-16 00:00:00","2001-10-10 14:45:00","51.511491","-0.095807","6712274.18922","-10665.1864544","City of London","King's College London","http://www.londonair.org.uk/london/asp/publicdetails.asp?site=CT1","[{""@SpeciesCode"": ""NO2"", ""@SpeciesDescription"": ""Nitrogen Dioxide"", ""@DateMeasurementStarted"": ""2002-01-11 14:00:00"", ""@DateMeasurementFinished"": ""2013-01-16 00:00:00""}, {""@SpeciesCode"": ""O3"", ""@SpeciesDescription"": ""Ozone"", ""@DateMeasurementStarted"": ""2001-06-09 12:00:00"", ""@DateMeasurementFinished"": ""2013-01-16 00:00:00""}, {""@SpeciesCode"": ""SO2"", ""@SpeciesDescription"": ""Sulphur Dioxide"", ""@DateMeasurementStarted"": ""2001-10-01 00:00:00"", ""@DateMeasurementFinished"": ""2013-01-16 00:00:00""}]","","","",""
"","","","","","","","","","","","","","","","NO2","Nitrogen Dioxide","2002-01-11 14:00:00","2013-01-16 00:00:00"
"","","","","","","","","","","","","","","","O3","Ozone","2001-06-09 12:00:00","2013-01-16 00:00:00"
"","","","","","","","","","","","","","","","SO2","Sulphur Dioxide","2001-10-01 00:00:00","2013-01-16 00:00:00"
"7","City of London","CT3","City of London - The Aldgate School","Urban Background","2023-06-30 00:00:00","2003-01-01 00:00:00","51.513847178423","-0.077765681752","6712695.6436","-8656.83609382","City of London","King's College London","http://www.londonair.org.uk/london/asp/publicdetails.asp?site=CT3","[{""@SpeciesCode"": ""NO2"", ""@SpeciesDescription"": ""Nitrogen Dioxide"", ""@DateMeasurementStarted"": ""1996-01-01 00:00:00"", ""@DateMeasurementFinished"": ""2023-06-30 00:00:00""}, {""@SpeciesCode"": ""PM10"", ""@SpeciesDescription"": ""PM10 Particulate"", ""@DateMeasurementStarted"": ""2015-01-01 00:00:00"", ""@DateMeasurementFinished"": ""2023-06-30 00:00:00""}, {""@SpeciesCode"": ""PM25"", ""@SpeciesDescription"": ""PM2.5 Particulate"", ""@DateMeasurementStarted"": ""2015-12-22 00:00:00"", ""@DateMeasurementFinished"": ""2023-06-30 00:00:00""}]","","","",""
"","","","","","","","","","","","","","","","NO2","Nitrogen Dioxide","1996-01-01 00:00:00","2023-06-30 00:00:00"
"","","","","","","","","","","","","","","","PM10","PM10 Particulate","2015-01-01 00:00:00","2023-06-30 00:00:00"
"","","","","","","","","","","","","","","","PM25","PM2.5 Particulate","2015-12-22 00:00:00","2023-06-30 00:00:00"
"7","City of London","CT8","City of London - Upper Thames Street","Roadside","2021-09-13 00:00:00","2007-04-22 00:00:00","51.5095436853913","-0.0873571979556188","6711925.88558654","-9724.55879354668","City of London","King's College London","http://www.londonair.org.uk/london/asp/publicdetails.asp?site=CT8","{""@SpeciesCode"": ""PM10"", ""@SpeciesDescription"": ""PM10 Particulate"", ""@DateMeasurementStarted"": ""2020-04-29 10:00:00"", ""@DateMeasurementFinished"": ""2021-09-13 00:00:00""}","","","",""
"","","","","","","","","","","","","","","","PM10","PM10 Particulate","2020-04-29 10:00:00","2021-09-13 00:00:00"
"7","City of London","CT6","City of London - Walbrook Wharf","Roadside","2023-01-09 00:00:00","2007-04-01 00:00:00","51.510499","-0.091634","6712096.7547","-10200.6502194","City of London","King's College London","http://www.londonair.org.uk/london/asp/publicdetails.asp?site=CT6","[{""@SpeciesCode"": ""CO"", ""@SpeciesDescription"": ""Carbon Monoxide"", ""@DateMeasurementStarted"": ""2007-04-01 00:00:00"", ""@DateMeasurementFinished"": ""2010-04-08 00:00:00""}, {""@SpeciesCode"": ""NO2"", ""@SpeciesDescription"": ""Nitrogen Dioxide"", ""@DateMeasurementStarted"": ""2008-01-01 00:00:00"", ""@DateMeasurementFinished"": ""2023-01-09 00:00:00""}, {""@SpeciesCode"": ""O3"", ""@SpeciesDescription"": ""Ozone"", ""@DateMeasurementStarted"": ""2009-04-09 00:00:00"", ""@DateMeasurementFinished"": ""2013-01-31 00:00:00""}]","","","",""
"","","","","","","","","","","","","","","","CO","Carbon Monoxide","2007-04-01 00:00:00","2010-04-08 00:00:00"
"","","","","","","","","","","","","","","","NO2","Nitrogen Dioxide","2008-01-01 00:00:00","2023-01-09 00:00:00"
"","","","","","","","","","","","","","","","O3","Ozone","2009-04-09 00:00:00","2013-01-31 00:00:00"
"8","Croydon","CR6","Croydon - Euston Road","Suburban","2009-05-22 00:00:00","2001-01-26 08:00:00","51.3786978969719","-0.113796403332539","6688556.36343","-12667.7576731","Croydon","King's College London","http://www.londonair.org.uk/london/asp/publicdetails.asp?site=CR6","{""@SpeciesCode"": ""NO2"", ""@SpeciesDescription"": ""Nitrogen Dioxide"", ""@DateMeasurementStarted"": ""2008-01-01 00:00:00"", ""@DateMeasurementFinished"": ""2009-05-22 00:00:00""}","","","",""
"","","","","","","","","","","","","","","","NO2","Nitrogen Dioxide","2008-01-01 00:00:00","2009-05-22 00:00:00"
"8","Croydon","CR4","Croydon - George Street","Roadside","2015-04-02 00:00:00","1999-09-20 07:45:00","51.374312","-0.096503","6687774.18496","-10742.66482","Croydon","King's College London","http://www.londonair.org.uk/london/asp/publicdetails.asp?site=CR4","[{""@SpeciesCode"": ""NO2"", ""@SpeciesDescription"": ""Nitrogen Dioxide"", ""@DateMeasurementStarted"": ""1999-09-01 00:00:00"", ""@DateMeasurementFinished"": ""2015-04-02 00:00:00""}, {""@SpeciesCode"": ""PM10"", ""@SpeciesDescription"": ""PM10 Particulate"", ""@DateMeasurementStarted"": ""1999-09-20 07:45:00"", ""@DateMeasurementFinished"": ""2015-04-02 00:00:00""}, {""@SpeciesCode"": ""SO2"", ""@SpeciesDescription"": ""Sulphur Dioxide"", ""@DateMeasurementStarted"": ""1999-09-01 00:00:00"", ""@DateMeasurementFinished"": ""2006-05-10 13:45:00""}]","","","",""
"","","","","","","","","","","","","","","","NO2","Nitrogen Dioxide","1999-09-01 00:00:00","2015-04-02 00:00:00"
"","","","","","","","","","","","","","","","PM10","PM10 Particulate","1999-09-20 07:45:00","2015-04-02 00:00:00"
"","","","","","","","","","","","","","","","SO2","Sulphur Dioxide","1999-09-01 00:00:00","2006-05-10 13:45:00"
"8","Croydon","CR5","Croydon - Norbury","Kerbside","","2000-10-05 11:15:00","51.411349","-0.12311","6694381.70052","-13704.5425116","Croydon","King's College London","http://www.londonair.org.uk/london/asp/publicdetails.asp?site=CR5","{""@SpeciesCode"": ""NO2"", ""@SpeciesDescription"": ""Nitrogen Dioxide"", ""@DateMeasurementStarted"": ""2008-01-01 00:00:00"", ""@DateMeasurementFinished"": """"}","","","",""
"8","Croydon","CR8","Croydon - Norbury Manor","Urban Background","2025-04-01 00:00:00","2014-12-01 00:00:00","51.4100146321438","-0.127520139142022","6694147.90117935","-14195.7954244306","Croydon","King's College London","http://www.londonair.org.uk/london/asp/publicdetails.asp?site=CR8","{""@SpeciesCode"": ""PM25"", ""@SpeciesDescription"": ""PM2.5 Particulate"", ""@DateMeasurementStarted"": ""2014-12-01 01:00:00"", ""@DateMeasurementFinished"": ""2025-04-01 00:00:00""}","","","",""
"","","","","","","","","","","","","","","","PM25","PM2.5 Particulate","2014-12-01 01:00:00","2025-04-01 00:00:00"
"8","Croydon","CR9","Croydon - Park Lane","Roadside","","2015-11-02 00:00:00","51.3739530635378","-0.0967638468323854","6687714.0876655","-10771.7986892368","Croydon","King's College London","http://www.londonair.org.uk/london/asp/publicdetails.asp?site=CR9","[{""@SpeciesCode"": ""NO2"", ""@SpeciesDescription"": ""Nitrogen Dioxide"", ""@DateMeasurementStarted"": ""2016-03-07 08:15:00"", ""@DateMeasurementFinished"": """"}, {""@SpeciesCode"": ""PM10"", ""@SpeciesDescription"": ""PM10 Particulate"", ""@DateMeasurementStarted"": ""2015-11-02 00:00:00"", ""@DateMeasurementFinished"": """"}]","","","",""
"","","","","","","","","","","","","","","","NO2","Nitrogen Dioxide","2016-03-07 08:15:00",""
"","","","","","","","","","","","","","","","PM10","PM10 Particulate","2015-11-02 00:00:00",""
"8","Croydon","CR2","Croydon - Purley Way","Roadside","2010-10-08 00:00:00","1994-08-08 13:00:00","51.362638","-0.117952","6685692.61527","-13130.356578","Croydon","King's College London","http://www.londonair.org.uk/london/asp/publicdetails.asp?site=CR2","{""@SpeciesCode"": ""NO2"", ""@SpeciesDescription"": ""Nitrogen Dioxide"", ""@DateMeasurementStarted"": ""2008-01-01 00:00:00"", ""@DateMeasurementFinished"": ""2010-10-08 00:00:00""}","","","",""
"","","","","","","","","","","","","","","","NO2","Nitrogen Dioxide","2008-01-01 00:00:00","2010-10-08 00:00:00"
"8","Croydon","CR7","Croydon - Purley Way A23","Roadside","","2012-01-19 00:00:00","51.3622305655403","-0.117604507351392","6685619.97595951","-13091.6738733508","Croydon","King's College London","http://www.londonair.org.uk/london/asp/publicdetails.asp?site=CR7","{""@SpeciesCode"": ""NO2"", ""@SpeciesDescription"": ""Nitrogen Dioxide"", ""@DateMeasurementStarted"": ""2012-01-19 00:00:00"", ""@DateMeasurementFinished"": """"}","","","",""
"","","","","","","","","","","","","","","","NO2","Nitrogen Dioxide","2012-01-19 00:00:00",""
"8","Croydon","CR3","Croydon - Thornton Heath","Suburban","2013-02-08 00:00:00","1997-06-13 02:30:00","51.40401","-0.098814","6693071.97514","-10999.9241632","Croydon","King's College London","http://www.londonair.org.uk/london/asp/publicdetails.asp?site=CR3","[{""@SpeciesCode"": ""O3"", ""@SpeciesDescription"": ""Ozone"", ""@DateMeasurementStarted"": ""1997-06-01 00:00:00"", ""@DateMeasurementFinished"": ""2013-02-08 00:00:00""}, {""@SpeciesCode"": ""PM10"", ""@SpeciesDescription"": ""PM10 Particulate"", ""@DateMeasurementStarted"": ""1997-06-13 02:30:00"", ""@DateMeasurementFinished"": ""2013-02-08 00:00:00""}]","","","",""
"","","","","","","","","","","","","","","","O3","Ozone","1997-06-01 00:00:00","2013-02-08 00:00:00"
"","","","","","","","","","","","","","","","PM10","PM10 Particulate","1997-06-13 02:30:00","2013-02-08 00:00:00"
"8","Croydon","CY1","Crystal Palace - Crystal Palace Parade","Roadside","2010-07-29 00:00:00","1999-09-29 23:00:00","51.424812","-0.075449","6696784.86785","-8398.94426086","Croydon","King's College London","http://www.londonair.org.uk/london/asp/publicdetails.asp?site=CY1","[{""@SpeciesCode"": ""CO"", ""@SpeciesDescription"": ""Carbon Monoxide"", ""@DateMeasurementStarted"": ""1999-09-01 00:00:00"", ""@DateMeasurementFinished"": ""2010-07-29 00:00:00""}, {""@SpeciesCode"": ""NO2"", ""@SpeciesDescription"": ""Nitrogen Dioxide"", ""@DateMeasurementStarted"": ""1999-09-01 00:00:00"", ""@DateMeasurementFinished"": ""2010-07-29 00:00:00""}, {""@SpeciesCode"": ""PM10"", ""@SpeciesDescription"": ""PM10 Particulate"", ""@DateMeasurementStarted"": ""1999-09-29 23:00:00"", ""@DateMeasurementFinished"": ""2010-07-29 00:00:00""}, {""@SpeciesCode"": ""SO2"", ""@SpeciesDescription"": ""Sulphur Dioxide"", ""@DateMeasurementStarted"": ""1999-09-01 00:00:00"", ""@DateMeasurementFinished"": ""2010-07-29 00:00:00""}]","","","",""
"","","","","","","","","","","","","","","","CO","Carbon Monoxide","1999-09-01 00:00:00","2010-07-29 00:00:00"
"","","","","","","","","","","","","","","","NO2","Nitrogen Dioxide","1999-09-01 00:00:00","2010-07-29 00:00:00"
"","","","","","","","","","","","","","","","PM10","PM10 Particulate","1999-09-29 23:00:00","2010-07-29 00:00:00"
"","","","","","","","","","","","","","","","SO2","Sulphur Dioxide","1999-09-01 00:00:00","2010-07-29 00:00:00"
"9","Ealing","EA2","Ealing - Acton Town Hall","Roadside","2012-01-17 00:00:00","1996-09-09 15:00:00","51.506628","-0.267934","6711404.40353","-29826.2764462","Ealing","King's College London","http://www.londonair.org.uk/london/asp/publicdetails.asp?site=EA2","[{""@SpeciesCode"": ""CO"", ""@SpeciesDescription"": ""Carbon Monoxide"", ""@DateMeasurementStarted"": ""1996-08-01 00:00:00"", ""@DateMeasurementFinished"": ""2012-01-17 00:00:00""}, {""@SpeciesCode"": ""NO2"", ""@SpeciesDescription"": ""Nitrogen Dioxide"", ""@DateMeasurementStarted"": ""2008-02-09 09:00:00"", ""@DateMeasurementFinished"": ""2012-01-17 00:00:00""}, {""@SpeciesCode"": ""O3"", ""@SpeciesDescription"": ""Ozone"", ""@DateMeasurementStarted"": ""2005-04-22 12:00:00"", ""@DateMeasurementFinished"": ""2011-12-29 00:00:00""}, {""@SpeciesCode"": ""PM10"", ""@SpeciesDescription"": ""PM10 Particulate"", ""@DateMeasurementStarted"": ""1996-09-09 15:00:00"", ""@DateMeasurementFinished"": ""2012-01-17 00:00:00""}]","","","",""
"","","","","","","","","","","","","","","","CO","Carbon Monoxide","1996-08-01 00:00:00","2012-01-17 00:00:00"
"","","","","","","","","","","","","","","","NO2","Nitrogen Dioxide","2008-02-09 09:00:00","2012-01-17 00:00:00"
"","","","","","","","","","","","","","","","O3","Ozone","2005-04-22 12:00:00","2011-12-29 00:00:00"
"","","","","","","","","","","","","","","","PM10","PM10 Particulate","1996-09-09 15:00:00","2012-01-17 00:00:00"
"9","Ealing","EG1","Ealing - Acton Town Hall (Partisol)","Roadside","2006-10-04 00:00:00","2005-09-01 00:00:00","51.5065947337762","-0.267964378025953","","","Ealing","King's College London","http://www.londonair.org.uk/london/asp/publicdetails.asp?site=EG1","{""@SpeciesCode"": ""PM25"", ""@SpeciesDescription"": ""PM2.5 Particulate"", ""@DateMeasurementStarted"": ""2005-09-01 00:00:00"", ""@DateMeasurementFinished"": ""2006-10-04 00:00:00""}","","","",""
"","","","","","","","","","","","","","","","PM25","PM2.5 Particulate","2005-09-01 00:00:00","2006-10-04 00:00:00"
"9","Ealing","EA0","Ealing - Acton Town Hall FDMS","Roadside","2011-12-29 00:00:00","2005-04-29 09:00:00","51.506628","-0.267934","6711404.40353","-29826.2764462","Ealing","King's College London","http://www.londonair.org.uk/london/asp/publicdetails.asp?site=EA0","{""@SpeciesCode"": ""PM10"", ""@SpeciesDescription"": ""PM10 Particulate"", ""@DateMeasurementStarted"": ""2005-04-29 08:00:00"", ""@DateMeasurementFinished"": ""2011-12-29 00:00:00""}","","","",""
"","","","","","","","","","","","","","","","PM10","PM10 Particulate","2005-04-29 08:00:00","2011-12-29 00:00:00"
"9","Ealing","EI3","Ealing - Acton Vale ","Urban Background","2025-02-14 00:00:00","2017-11-23 00:00:00","51.5038527919816","-0.254668101620372","","","Ealing","King's College London","http://www.londonair.org.uk/london/asp/publicdetails.asp?site=EI3","[{""@SpeciesCode"": ""NO2"", ""@SpeciesDescription"": ""Nitrogen Dioxide"", ""@DateMeasurementStarted"": ""2018-02-22 08:40:00"", ""@DateMeasurementFinished"": ""2025-02-14 00:00:00""}, {""@SpeciesCode"": ""PM10"", ""@SpeciesDescription"": ""PM10 Particulate"", ""@DateMeasurementStarted"": ""2017-11-01 00:00:00"", ""@DateMeasurementFinished"": ""2025-02-14 00:00:00""}]","","","",""
"","","","","","","","","","","","","","","","NO2","Nitrogen Dioxide","2018-02-22 08:40:00","2025-02-14 00:00:00"
"","","","","","","","","","","","","","","","PM10","PM10 Particulate","2017-11-01 00:00:00","2025-02-14 00:00:00"
"9","Ealing","EA9","Ealing - Court Way","Roadside","2006-06-01 00:00:00","2005-04-19 01:00:00","51.5225651213491","-0.264922414775277","6714255.22919","-29491.0283125","Ealing","King's College London","http://www.londonair.org.uk/london/asp/publicdetails.asp?site=EA9","{""@SpeciesCode"": ""NO2"", ""@SpeciesDescription"": ""Nitrogen Dioxide"", ""@DateMeasurementStarted"": ""2005-05-04 15:00:00"", ""@DateMeasurementFinished"": ""2006-06-01 00:00:00""}","","","",""
"","","","","","","","","","","","","","","","NO2","Nitrogen Dioxide","2005-05-04 15:00:00","2006-06-01 00:00:00"
"9","Ealing","EA1","Ealing - Ealing Town Hall","Urban Background","2012-01-10 00:00:00","1995-03-14 00:00:00","51.5133230466548","-0.307529015473585","6712606.88936","-34230.5207799","Ealing","King's College London","http://www.londonair.org.uk/london/asp/publicdetails.asp?site=EA1","[{""@SpeciesCode"": ""CO"", ""@SpeciesDescription"": ""Carbon Monoxide"", ""@DateMeasurementStarted"": ""1995-10-13 13:00:00"", ""@DateMeasurementFinished"": ""1996-09-10 00:00:00""}, {""@SpeciesCode"": ""NO2"", ""@SpeciesDescription"": ""Nitrogen Dioxide"", ""@DateMeasurementStarted"": ""2010-02-18 08:00:00"", ""@DateMeasurementFinished"": ""2012-01-10 00:00:00""}, {""@SpeciesCode"": ""O3"", ""@SpeciesDescription"": ""Ozone"", ""@DateMeasurementStarted"": ""1995-10-13 13:00:00"", ""@DateMeasurementFinished"": ""2012-01-10 00:00:00""}, {""@SpeciesCode"": ""SO2"", ""@SpeciesDescription"": ""Sulphur Dioxide"", ""@DateMeasurementStarted"": ""1995-10-13 13:00:00"", ""@DateMeasurementFinished"": ""2012-01-10 00:00:00""}]","","","",""
"","","","","","","","","","","","","","","","CO","Carbon Monoxide","1995-10-13 13:00:00","1996-09-10 00:00:00"
"","","","","","","","","","","","","","","","NO2","Nitrogen Dioxide","2010-02-18 08:00:00","2012-01-10 00:00:00"
"","","","","","","","","","","","","","","","O3","Ozone","1995-10-13 13:00:00","2012-01-10 00:00:00"
"","","","","","","","","","","","","","","","SO2","Sulphur Dioxide","1995-10-13 13:00:00","2012-01-10 00:00:00"
"9","Ealing","EI0","Ealing - Greenford","Urban Background","2009-04-15 00:00:00","2008-03-25 00:00:00","51.5439296252862","-0.352801776049933","6718078.46846","-39273.7140608","Ealing","King's College London","http://www.londonair.org.uk/london/asp/publicdetails.asp?site=EI0","{""@SpeciesCode"": ""PM10"", ""@SpeciesDescription"": ""PM10 Particulate"", ""@DateMeasurementStarted"": ""2008-03-25 00:00:00"", ""@DateMeasurementFinished"": ""2009-04-15 00:00:00""}","","","",""
"","","","","","","","","","","","","","","","PM10","PM10 Particulate","2008-03-25 00:00:00","2009-04-15 00:00:00"
"9","Ealing","EA6","Ealing - Hanger Lane Gyratory","Roadside","2026-01-05 00:00:00","2003-08-04 00:00:00","51.53085","-0.292488","6715737.619","-32559.6152231","Ealing","King's College London","http://www.londonair.org.uk/london/asp/publicdetails.asp?site=EA6","[{""@SpeciesCode"": ""NO2"", ""@SpeciesDescription"": ""Nitrogen Dioxide"", ""@DateMeasurementStarted"": ""2009-04-14 11:00:00"", ""@DateMeasurementFinished"": ""2026-01-05 00:00:00""}, {""@SpeciesCode"": ""PM10"", ""@SpeciesDescription"": ""PM10 Particulate"", ""@DateMeasurementStarted"": ""2012-02-29 14:00:00"", ""@DateMeasurementFinished"": ""2026-01-05 00:00:00""}]","","","",""
"","","","","","","","","","","","","","","","NO2","Nitrogen Dioxide","2009-04-14 11:00:00","2026-01-05 00:00:00"
"","","","","","","","","","","","","","","","PM10","PM10 Particulate","2012-02-29 14:00:00","2026-01-05 00:00:00"
"9","Ealing","EA8","Ealing - Horn Lane","Industrial","2026-01-05 00:00:00","2005-02-25 00:00:00","51.518948","-0.265617","6713608.11252","-29568.349186","Ealing","King's College London","http://www.londonair.org.uk/london/asp/publicdetails.asp?site=EA8","[{""@SpeciesCode"": ""NO2"", ""@SpeciesDescription"": ""Nitrogen Dioxide"", ""@DateMeasurementStarted"": ""2009-12-30 00:00:00"", ""@DateMeasurementFinished"": ""2026-01-05 00:00:00""}, {""@SpeciesCode"": ""PM10"", ""@SpeciesDescription"": ""PM10 Particulate"", ""@DateMeasurementStarted"": ""2014-05-07 00:00:00"", ""@DateMeasurementFinished"": ""2026-01-05 00:00:00""}]","","","",""
"","","","","","","","","","","","","","","","NO2","Nitrogen Dioxide","2009-12-30 00:00:00","2026-01-05 00:00:00"
"","","","","","","","","","","","","","","","PM10","PM10 Particulate","2014-05-07 00:00:00","2026-01-05 00:00:00"
"9","Ealing","EI8","Ealing - Horn Lane TEOM","Industrial","2026-01-05 00:00:00","2005-02-25 00:00:00","51.5189160348806","-0.265652052386222","6713608.11252","-29568.349186","Ealing","King's College London","http://www.londonair.org.uk/london/asp/publicdetails.asp?site=EI8","{""@SpeciesCode"": ""PM10"", ""@SpeciesDescription"": ""PM10 Particulate"", ""@DateMeasurementStarted"": ""2005-02-25 00:00:00"", ""@DateMeasurementFinished"": ""2026-01-05 00:00:00""}","","","",""
"","","","","","","","","","","","","","","","PM10","PM10 Particulate","2005-02-25 00:00:00","2026-01-05 00:00:00"
"9","Ealing","EA7","Ealing - Southall","Urban Background","2016-01-26 00:00:00","2004-07-13 11:00:00","51.508549","-0.392179","6711747.97835","-43657.1665798","Ealing","King's College London","http://www.londonair.org.uk/london/asp/publicdetails.asp?site=EA7","[{""@SpeciesCode"": ""NO2"", ""@SpeciesDescription"": ""Nitrogen Dioxide"", ""@DateMeasurementStarted"": ""2010-02-11 10:30:00"", ""@DateMeasurementFinished"": ""2016-01-26 00:00:00""}, {""@SpeciesCode"": ""O3"", ""@SpeciesDescription"": ""Ozone"", ""@DateMeasurementStarted"": ""2012-01-10 15:30:00"", ""@DateMeasurementFinished"": ""2016-01-26 00:00:00""}, {""@SpeciesCode"": ""PM10"", ""@SpeciesDescription"": ""PM10 Particulate"", ""@DateMeasurementStarted"": ""2004-07-13 11:00:00"", ""@DateMeasurementFinished"": ""2016-01-26 00:00:00""}]","","","",""
"","","","","","","","","","","","","","","","NO2","Nitrogen Dioxide","2010-02-11 10:30:00","2016-01-26 00:00:00"
"","","","","","","","","","","","","","","","O3","Ozone","2012-01-10 15:30:00","2016-01-26 00:00:00"
"","","","","","","","","","","","","","","","PM10","PM10 Particulate","2004-07-13 11:00:00","2016-01-26 00:00:00"
"9","Ealing","EI7","Ealing - Southall FDMS","Urban Background","2016-01-26 00:00:00","2011-12-28 11:00:00","51.5085164816243","-0.392208459173292","6711747.97835","-43657.1665798","Ealing","King's College London","http://www.londonair.org.uk/london/asp/publicdetails.asp?site=EI7","[{""@SpeciesCode"": ""PM10"", ""@SpeciesDescription"": ""PM10 Particulate"", ""@DateMeasurementStarted"": ""2011-12-29 15:00:00"", ""@DateMeasurementFinished"": ""2014-01-14 00:00:00""}, {""@SpeciesCode"": ""PM25"", ""@SpeciesDescription"": ""PM2.5 Particulate"", ""@DateMeasurementStarted"": ""2014-01-14 00:00:00"", ""@DateMeasurementFinished"": ""2016-01-26 00:00:00""}]","","","",""
"","","","","","","","","","","","","","","","PM10","PM10 Particulate","2011-12-29 15:00:00","2014-01-14 00:00:00"
"","","","","","","","","","","","","","","","PM25","PM2.5 Particulate","2014-01-14 00:00:00","2016-01-26 00:00:00"
"9","Ealing","EI2","Ealing - Southall Railway","Roadside","2014-01-06 00:00:00","2011-04-08 00:00:00","51.5058699783726","-0.380241031512669","6711268.83378","-42328.2380067","Ealing","King's College London","http://www.londonair.org.uk/london/asp/publicdetails.asp?site=EI2","[{""@SpeciesCode"": ""NO2"", ""@SpeciesDescription"": ""Nitrogen Dioxide"", ""@DateMeasurementStarted"": ""2011-04-08 00:00:00"", ""@DateMeasurementFinished"": ""2014-01-06 00:00:00""}, {""@SpeciesCode"": ""PM10"", ""@SpeciesDescription"": ""PM10 Particulate"", ""@DateMeasurementStarted"": ""2011-04-08 00:00:00"", ""@DateMeasurementFinished"": ""2014-01-06 00:00:00""}]","","","",""
"","","","","","","","","","","","","","","","NO2","Nitrogen Dioxide","2011-04-08 00:00:00","2014-01-06 00:00:00"
"","","","","","","","","","","","","","","","PM10","PM10 Particulate","2011-04-08 00:00:00","2014-01-06 00:00:00"
"9","Ealing","EI1","Ealing - Western Avenue","Roadside","2026-01-05 00:00:00","2010-03-19 00:00:00","51.5236078191481","-0.265502631799754","6714441.78131","-29555.6177762","Ealing","King's College London","http://www.londonair.org.uk/london/asp/publicdetails.asp?site=EI1","[{""@SpeciesCode"": ""NO2"", ""@SpeciesDescription"": ""Nitrogen Dioxide"", ""@DateMeasurementStarted"": ""2010-03-19 00:00:00"", ""@DateMeasurementFinished"": ""2026-01-05 00:00:00""}, {""@SpeciesCode"": ""PM10"", ""@SpeciesDescription"": ""PM10 Particulate"", ""@DateMeasurementStarted"": ""2014-08-05 11:00:00"", ""@DateMeasurementFinished"": ""2026-01-05 00:00:00""}]","","","",""
"","","","","","","","","","","","","","","","NO2","Nitrogen Dioxide","2010-03-19 00:00:00","2026-01-05 00:00:00"
"","","","","","","","","","","","","","","","PM10","PM10 Particulate","2014-08-05 11:00:00","2026-01-05 00:00:00"
"10","Enfield","EN5","Enfield - Bowes Primary School","Roadside","","2004-07-01 00:00:00","51.613865","-0.125338","6730606.17452","-13952.562337","Enfield","King's College London","http://www.londonair.org.uk/london/asp/publicdetails.asp?site=EN5","[{""@SpeciesCode"": ""NO2"", ""@SpeciesDescription"": ""Nitrogen Dioxide"", ""@DateMeasurementStarted"": ""2008-02-07 00:00:00"", ""@DateMeasurementFinished"": """"}, {""@SpeciesCode"": ""PM10"", ""@SpeciesDescription"": ""PM10 Particulate"", ""@DateMeasurementStarted"": ""2008-08-27 00:00:00"", ""@DateMeasurementFinished"": """"}, {""@SpeciesCode"": ""PM25"", ""@SpeciesDescription"": ""PM2.5 Particulate"", ""@DateMeasurementStarted"": ""2025-04-30 00:00:00"", ""@DateMeasurementFinished"": """"}]","","","",""
"","","","","","","","","","","","","","","","NO2","Nitrogen Dioxide","2008-02-07 00:00:00",""
"","","","","","","","","","","","","","","","PM10","PM10 Particulate","2008-08-27 00:00:00",""
"","","","","","","","","","","","","","","","PM25","PM2.5 Particulate","2025-04-30 00:00:00",""
"10","Enfield","EN1","Enfield - Bush Hill Park","Suburban","","1995-06-29 08:00:00","51.6450367266602","-0.0661800662229116","6736196.26651","-7367.1312726","Enfield","King's College London","http://www.londonair.org.uk/london/asp/publicdetails.asp?site=EN1","{""@SpeciesCode"": ""NO2"", ""@SpeciesDescription"": ""Nitrogen Dioxide"", ""@DateMeasurementStarted"": ""2008-01-01 00:00:00"", ""@DateMeasurementFinished"": """"}","","","",""
"10","Enfield","EN2","Enfield - Church Street","Roadside","2006-09-14 00:00:00","1997-12-21 16:00:00","51.6524364979749","-0.084224624306898","6737523.84763","-9375.8422901","Enfield","King's College London","http://www.londonair.org.uk/london/asp/publicdetails.asp?site=EN2","[{""@SpeciesCode"": ""CO"", ""@SpeciesDescription"": ""Carbon Monoxide"", ""@DateMeasurementStarted"": ""1997-12-12 12:00:00"", ""@DateMeasurementFinished"": ""2006-09-14 00:00:00""}, {""@SpeciesCode"": ""NO2"", ""@SpeciesDescription"": ""Nitrogen Dioxide"", ""@DateMeasurementStarted"": ""2012-03-27 13:10:00"", ""@DateMeasurementFinished"": ""2006-09-14 00:00:00""}, {""@SpeciesCode"": ""PM10"", ""@SpeciesDescription"": ""PM10 Particulate"", ""@DateMeasurementStarted"": ""1997-12-21 16:00:00"", ""@DateMeasurementFinished"": ""2006-09-14 00:00:00""}]","","","",""
"","","","","","","","","","","","","","","","CO","Carbon Monoxide","1997-12-12 12:00:00","2006-09-14 00:00:00"
"","","","","","","","","","","","","","","","NO2","Nitrogen Dioxide","2012-03-27 13:10:00","2006-09-14 00:00:00"
"","","","","","","","","","","","","","","","PM10","PM10 Particulate","1997-12-21 16:00:00","2006-09-14 00:00:00"
"10","Enfield","EN4","Enfield - Derby Road","Roadside","","2000-02-29 09:15:00","51.614864007","-0.0507658363689","6730785.26900193","-5651.2270542806","Enfield","King's College London","http://www.londonair.org.uk/london/asp/publicdetails.asp?site=EN4","[{""@SpeciesCode"": ""NO2"", ""@SpeciesDescription"": ""Nitrogen Dioxide"", ""@DateMeasurementStarted"": ""2008-01-01 00:00:00"", ""@DateMeasurementFinished"": """"}, {""@SpeciesCode"": ""PM10"", ""@SpeciesDescription"": ""PM10 Particulate"", ""@DateMeasurementStarted"": ""2015-01-01 00:00:00"", ""@DateMeasurementFinished"": ""2016-09-10 00:00:00""}, {""@SpeciesCode"": ""SO2"", ""@SpeciesDescription"": ""Sulphur Dioxide"", ""@DateMeasurementStarted"": ""2000-02-29 12:00:00"", ""@DateMeasurementFinished"": ""2019-10-11 00:00:00""}]","","","",""
"","","","","","","","","","","","","","","","PM10","PM10 Particulate","2015-01-01 00:00:00","2016-09-10 00:00:00"
"","","","","","","","","","","","","","","","SO2","Sulphur Dioxide","2000-02-29 12:00:00","2019-10-11 00:00:00"
"10","Enfield","EN7","Enfield - Prince of Wales School","Urban Background","","2012-07-09 00:00:00","51.66864334727","-0.02200720557","6740432.24987404","-2449.83091783529","Enfield","King's College London","http://www.londonair.org.uk/london/asp/publicdetails.asp?site=EN7","{""@SpeciesCode"": ""NO2"", ""@SpeciesDescription"": ""Nitrogen Dioxide"", ""@DateMeasurementStarted"": ""2012-07-06 09:00:00"", ""@DateMeasurementFinished"": """"}","","","",""
"","","","","","","","","","","","","","","","NO2","Nitrogen Dioxide","2012-07-06 09:00:00",""
"10","Enfield","EN3","Enfield - Salisbury School","Urban Background","2008-07-28 00:00:00","1998-11-03 10:00:00","51.6374794858769","-0.0442461406121593","6734840.65766","-4925.45784251","Enfield","King's College London","http://www.londonair.org.uk/london/asp/publicdetails.asp?site=EN3","[{""@SpeciesCode"": ""CO"", ""@SpeciesDescription"": ""Carbon Monoxide"", ""@DateMeasurementStarted"": ""1998-10-01 00:00:00"", ""@DateMeasurementFinished"": ""2008-07-28 00:00:00""}, {""@SpeciesCode"": ""NO2"", ""@SpeciesDescription"": ""Nitrogen Dioxide"", ""@DateMeasurementStarted"": ""2008-01-01 00:00:00"", ""@DateMeasurementFinished"": ""2008-07-28 00:00:00""}, {""@SpeciesCode"": ""O3"", ""@SpeciesDescription"": ""Ozone"", ""@DateMeasurementStarted"": ""1998-10-01 00:00:00"", ""@DateMeasurementFinished"": ""2008-07-28 00:00:00""}, {""@SpeciesCode"": ""PM10"", ""@SpeciesDescription"": ""PM10 Particulate"", ""@DateMeasurementStarted"": ""1998-11-03 10:00:00"", ""@DateMeasurementFinished"": ""2008-07-28 00:00:00""}, {""@SpeciesCode"": ""SO2"", ""@SpeciesDescription"": ""Sulphur Dioxide"", ""@DateMeasurementStarted"": ""1998-11-05 00:00:00"", ""@DateMeasurementFinished"": ""2008-07-28 00:00:00""}]","","","",""
"","","","","","","","","","","","","","","","CO","Carbon Monoxide","1998-10-01 00:00:00","2008-07-28 00:00:00"
"","","","","","","","","","","","","","","","NO2","Nitrogen Dioxide","2008-01-01 00:00:00","2008-07-28 00:00:00"
"","","","","","","","","","","","","","","","O3","Ozone","1998-10-01 00:00:00","2008-07-28 00:00:00"
"","","","","","","","","","","","","","","","PM10","PM10 Particulate","1998-11-03 10:00:00","2008-07-28 00:00:00"
"","","","","","","","","","","","","","","","SO2","Sulphur Dioxide","1998-11-05 00:00:00","2008-07-28 00:00:00"
"11","Greenwich","GN0","Greenwich - A206 Burrage Grove","Roadside","","2004-10-07 00:00:00","51.490532","0.074003","6708526.16964","8237.97627717","Greenwich","King's College London","http://www.londonair.org.uk/london/asp/publicdetails.asp?site=GN0","[{""@SpeciesCode"": ""NO2"", ""@SpeciesDescription"": ""Nitrogen Dioxide"", ""@DateMeasurementStarted"": ""2008-01-01 00:00:00"", ""@DateMeasurementFinished"": """"}, {""@SpeciesCode"": ""PM10"", ""@SpeciesDescription"": ""PM10 Particulate"", ""@DateMeasurementStarted"": ""2008-06-19 00:00:00"", ""@DateMeasurementFinished"": """"}, {""@SpeciesCode"": ""PM25"", ""@SpeciesDescription"": ""PM2.5 Particulate"", ""@DateMeasurementStarted"": ""2008-06-19 00:00:00"", ""@DateMeasurementFinished"": """"}]","","","",""
"","","","","","","","","","","","","","","","PM10","PM10 Particulate","2008-06-19 00:00:00",""
"","","","","","","","","","","","","","","","PM25","PM2.5 Particulate","2008-06-19 00:00:00",""
"11","Greenwich","GR7","Greenwich - Blackheath","Roadside","","2002-03-08 11:00:00","51.472504","-0.012381","6705303.66805","-1378.24661551","Greenwich","King's College London","http://www.londonair.org.uk/london/asp/publicdetails.asp?site=GR7","[{""@SpeciesCode"": ""NO2"", ""@SpeciesDescription"": ""Nitrogen Dioxide"", ""@DateMeasurementStarted"": ""2002-03-01 00:00:00"", ""@DateMeasurementFinished"": """"}, {""@SpeciesCode"": ""PM10"", ""@SpeciesDescription"": ""PM10 Particulate"", ""@DateMeasurementStarted"": ""2008-08-07 08:00:00"", ""@DateMeasurementFinished"": """"}]","","","",""
"","","","","","","","","","","","","","","","NO2","Nitrogen Dioxide","2002-03-01 00:00:00",""
"","","","","","","","","","","","","","","","PM10","PM10 Particulate","2008-08-07 08:00:00",""
"11","Greenwich","GR4","Greenwich - Eltham","Suburban","","1995-01-01 00:00:00","51.45258","0.070766","6701743.73787","7877.63508548","Greenwich","King's College London","http://www.londonair.org.uk/london/asp/publicdetails.asp?site=GR4","[{""@SpeciesCode"": ""NO2"", ""@SpeciesDescription"": ""Nitrogen Dioxide"", ""@DateMeasurementStarted"": ""2001-11-20 11:00:00"", ""@DateMeasurementFinished"": """"}, {""@SpeciesCode"": ""O3"", ""@SpeciesDescription"": ""Ozone"", ""@DateMeasurementStarted"": ""1995-10-02 11:00:00"", ""@DateMeasurementFinished"": """"}, {""@SpeciesCode"": ""PM10"", ""@SpeciesDescription"": ""PM10 Particulate"", ""@DateMeasurementStarted"": ""2008-07-29 12:00:00"", ""@DateMeasurementFinished"": """"}, {""@SpeciesCode"": ""PM25"", ""@SpeciesDescription"": ""PM2.5 Particulate"", ""@DateMeasurementStarted"": ""2008-05-10 13:00:00"", ""@DateMeasurementFinished"": """"}, {""@SpeciesCode"": ""SO2"", ""@SpeciesDescription"": ""Sulphur Dioxide"", ""@DateMeasurementStarted"": ""1995-10-01 00:00:00"", ""@DateMeasurementFinished"": """"}]","","","",""
"","","","","","","","","","","","","","","","NO2","Nitrogen Dioxide","2001-11-20 11:00:00",""
"","","","","","","","","","","","","","","","O3","Ozone","1995-10-02 11:00:00",""
"","","","","","","","","","","","","","","","PM10","PM10 Particulate","2008-07-29 12:00:00",""
"","","","","","","","","","","","","","","","PM25","PM2.5 Particulate","2008-05-10 13:00:00",""
"","","","","","","","","","","","","","","","SO2","Sulphur Dioxide","1995-10-01 00:00:00",""
"3","Bexley","GB6","Greenwich - Falconwood","Roadside","","2000-10-18 09:15:00","51.4563","0.085606","6702408.29265","9529.61632885","Bexley","King's College London","http://www.londonair.org.uk/london/asp/publicdetails.asp?site=GB6","[{""@SpeciesCode"": ""NO2"", ""@SpeciesDescription"": ""Nitrogen Dioxide"", ""@DateMeasurementStarted"": ""2008-01-01 00:00:00"", ""@DateMeasurementFinished"": """"}, {""@SpeciesCode"": ""O3"", ""@SpeciesDescription"": ""Ozone"", ""@DateMeasurementStarted"": ""2004-09-30 14:00:00"", ""@DateMeasurementFinished"": """"}, {""@SpeciesCode"": ""PM10"", ""@SpeciesDescription"": ""PM10 Particulate"", ""@DateMeasurementStarted"": ""2011-03-04 10:00:00"", ""@DateMeasurementFinished"": """"}]","","","",""
"","","","","","","","","","","","","","","","O3","Ozone","2004-09-30 14:00:00",""
"","","","","","","","","","","","","","","","PM10","PM10 Particulate","2011-03-04 10:00:00",""
"3","Bexley","GB0","Greenwich - Falconwood FDMS","Roadside","","2009-03-16 00:00:00","51.4563","0.085606","6702408.29265","9529.61632885","Bexley","King's College London","http://www.londonair.org.uk/london/asp/publicdetails.asp?site=GB0","[{""@SpeciesCode"": ""PM10"", ""@SpeciesDescription"": ""PM10 Particulate"", ""@DateMeasurementStarted"": ""2009-03-16 00:00:00"", ""@DateMeasurementFinished"": ""2015-07-09 00:00:00""}, {""@SpeciesCode"": ""PM25"", ""@SpeciesDescription"": ""PM2.5 Particulate"", ""@DateMeasurementStarted"": ""2009-05-28 00:00:00"", ""@DateMeasurementFinished"": """"}]","","","",""
"","","","","","","","","","","","","","","","PM10","PM10 Particulate","2009-03-16 00:00:00","2015-07-09 00:00:00"
"","","","","","","","","","","","","","","","PM25","PM2.5 Particulate","2009-05-28 00:00:00",""
"11","Greenwich","GN4","Greenwich - Fiveways Sidcup Rd A20","Roadside","","2011-01-24 00:00:00","51.4346627060562","0.0642224671704697","6702412.5486","4535.53633525","Greenwich","King's College London","http://www.londonair.org.uk/london/asp/publicdetails.asp?site=GN4","[{""@SpeciesCode"": ""NO2"", ""@SpeciesDescription"": ""Nitrogen Dioxide"", ""@DateMeasurementStarted"": ""2011-01-24 00:00:00"", ""@DateMeasurementFinished"": """"}, {""@SpeciesCode"": ""PM10"", ""@SpeciesDescription"": ""PM10 Particulate"", ""@DateMeasurementStarted"": ""2011-01-24 00:00:00"", ""@DateMeasurementFinished"": ""2022-08-11 00:00:00""}]","","","",""
"","","","","","","","","","","","","","","","NO2","Nitrogen Dioxide","2011-01-24 00:00:00",""
"","","","","","","","","","","","","","","","PM10","PM10 Particulate","2011-01-24 00:00:00","2022-08-11 00:00:00"
"11","Greenwich","GN6","Greenwich - John Harrison Way","Roadside","","2018-07-02 00:00:00","51.4937746695818","0.0107796237032558","6709105.93142177","1199.98222158954","Greenwich","King's College London","http://www.londonair.org.uk/london/asp/publicdetails.asp?site=GN6","[{""@SpeciesCode"": ""NO2"", ""@SpeciesDescription"": ""Nitrogen Dioxide"", ""@DateMeasurementStarted"": ""2018-07-17 09:00:00"", ""@DateMeasurementFinished"": """"}, {""@SpeciesCode"": ""PM10"", ""@SpeciesDescription"": ""PM10 Particulate"", ""@DateMeasurementStarted"": ""2018-07-02 00:00:00"", ""@DateMeasurementFinished"": """"}, {""@SpeciesCode"": ""PM25"", ""@SpeciesDescription"": ""PM2.5 Particulate"", ""@DateMeasurementStarted"": ""2018-07-02 00:00:00"", ""@DateMeasurementFinished"": """"}]","","","",""
"","","","","","","","","","","","","","","","NO2","Nitrogen Dioxide","2018-07-17 09:00:00",""
"","","","","","","","","","","","","","","","PM10","PM10 Particulate","2018-07-02 00:00:00",""
"","","","","","","","","","","","","","","","PM25","PM2.5 Particulate","2018-07-02 00:00:00",""
"11","Greenwich","GN2","Greenwich - Millennium Village","Industrial","2016-10-20 00:00:00","2004-08-01 00:00:00","51.492571","0.017697","6708890.72071","1970.02102857","Greenwich","King's College London","http://www.londonair.org.uk/london/asp/publicdetails.asp?site=GN2","[{""@SpeciesCode"": ""NO2"", ""@SpeciesDescription"": ""Nitrogen Dioxide"", ""@DateMeasurementStarted"": ""2008-01-01 00:00:00"", ""@DateMeasurementFinished"": ""2016-10-20 00:00:00""}, {""@SpeciesCode"": ""PM10"", ""@SpeciesDescription"": ""PM10 Particulate"", ""@DateMeasurementStarted"": ""2004-08-01 00:00:00"", ""@DateMeasurementFinished"": ""2016-10-20 00:00:00""}, {""@SpeciesCode"": ""PM25"", ""@SpeciesDescription"": ""PM2.5 Particulate"", ""@DateMeasurementStarted"": ""2004-08-01 00:00:00"", ""@DateMeasurementFinished"": ""2016-10-20 00:00:00""}]","","","",""
"","","","","","","","","","","","","","","","NO2","Nitrogen Dioxide","2008-01-01 00:00:00","2016-10-20 00:00:00"
"","","","","","","","","","","","","","","","PM10","PM10 Particulate","2004-08-01 00:00:00","2016-10-20 00:00:00"
"","","","","","","","","","","","","","","","PM25","PM2.5 Particulate","2004-08-01 00:00:00","2016-10-20 00:00:00"
"11","Greenwich","GN3","Greenwich - Plumstead High Street","Roadside","","2006-01-27 00:00:00","51.486957","0.095111","6707887.0378","10587.7080888","Greenwich","King's College London","http://www.londonair.org.uk/london/asp/publicdetails.asp?site=GN3","[{""@SpeciesCode"": ""NO2"", ""@SpeciesDescription"": ""Nitrogen Dioxide"", ""@DateMeasurementStarted"": ""2008-01-01 00:00:00"", ""@DateMeasurementFinished"": """"}, {""@SpeciesCode"": ""O3"", ""@SpeciesDescription"": ""Ozone"", ""@DateMeasurementStarted"": ""2006-01-27 14:00:00"", ""@DateMeasurementFinished"": """"}, {""@SpeciesCode"": ""PM10"", ""@SpeciesDescription"": ""PM10 Particulate"", ""@DateMeasurementStarted"": ""2006-01-27 10:00:00"", ""@DateMeasurementFinished"": """"}, {""@SpeciesCode"": ""PM25"", ""@SpeciesDescription"": ""PM2.5 Particulate"", ""@DateMeasurementStarted"": ""2006-01-27 10:00:00"", ""@DateMeasurementFinished"": """"}]","","","",""
"","","","","","","","","","","","","","","","O3","Ozone","2006-01-27 14:00:00",""
"","","","","","","","","","","","","","","","PM10","PM10 Particulate","2006-01-27 10:00:00",""
"","","","","","","","","","","","","","","","PM25","PM2.5 Particulate","2006-01-27 10:00:00",""
"11","Greenwich","GR5","Greenwich - Trafalgar Road","Roadside","2015-12-02 00:00:00","1996-11-27 00:00:00","51.4834490664601","-0.000145562683198809","6707265.29552","-12.1338244965","Greenwich","King's College London","http://www.londonair.org.uk/london/asp/publicdetails.asp?site=GR5","[{""@SpeciesCode"": ""NO2"", ""@SpeciesDescription"": ""Nitrogen Dioxide"", ""@DateMeasurementStarted"": ""2008-01-01 00:00:00"", ""@DateMeasurementFinished"": ""2015-12-02 00:00:00""}, {""@SpeciesCode"": ""PM10"", ""@SpeciesDescription"": ""PM10 Particulate"", ""@DateMeasurementStarted"": ""1996-11-27 00:00:00"", ""@DateMeasurementFinished"": ""2015-12-02 00:00:00""}]","","","",""
"","","","","","","","","","","","","","","","NO2","Nitrogen Dioxide","2008-01-01 00:00:00","2015-12-02 00:00:00"
"","","","","","","","","","","","","","","","PM10","PM10 Particulate","1996-11-27 00:00:00","2015-12-02 00:00:00"
"11","Greenwich","GN5","Greenwich - Trafalgar Road (Hoskins St)","Roadside","","2017-10-12 00:00:00","51.4839072533485","0.000407396935849736","6707265.29552","-12.1338244965","Greenwich","King's College London","http://www.londonair.org.uk/london/asp/publicdetails.asp?site=GN5","[{""@SpeciesCode"": ""NO2"", ""@SpeciesDescription"": ""Nitrogen Dioxide"", ""@DateMeasurementStarted"": ""2017-12-04 11:25:00"", ""@DateMeasurementFinished"": """"}, {""@SpeciesCode"": ""PM10"", ""@SpeciesDescription"": ""PM10 Particulate"", ""@DateMeasurementStarted"": ""2017-10-12 00:00:00"", ""@DateMeasurementFinished"": """"}]","","","",""
"","","","","","","","","","","","","","","","NO2","Nitrogen Dioxide","2017-12-04 11:25:00",""
"","","","","","","","","","","","","","","","PM10","PM10 Particulate","2017-10-12 00:00:00",""
"11","Greenwich","TL4","Greenwich - Tunnel Avenue","Roadside","","2020-12-04 00:00:00","51.495057","0.0041074676","6709055.39086079","-16687.4595868565","Greenwich","King's College London","http://www.londonair.org.uk/london/asp/publicdetails.asp?site=TL4","{""@SpeciesCode"": ""NO2"", ""@SpeciesDescription"": ""Nitrogen Dioxide"", ""@DateMeasurementStarted"": ""2021-08-16 07:00:00"", ""@DateMeasurementFinished"": """"}","","","",""
"","","","","","","","","","","","","","","","NO2","Nitrogen Dioxide","2021-08-16 07:00:00",""
"11","Greenwich","GR9","Greenwich - Westhorne Avenue","Roadside","","2004-10-01 00:00:00","51.456357","0.040725","6702418.47577","4533.48626256","Greenwich","King's College London","http://www.londonair.org.uk/london/asp/publicdetails.asp?site=GR9","[{""@SpeciesCode"": ""NO2"", ""@SpeciesDescription"": ""Nitrogen Dioxide"", ""@DateMeasurementStarted"": ""2008-01-01 00:00:00"", ""@DateMeasurementFinished"": """"}, {""@SpeciesCode"": ""O3"", ""@SpeciesDescription"": ""Ozone"", ""@DateMeasurementStarted"": ""2006-05-26 12:00:00"", ""@DateMeasurementFinished"": """"}, {""@SpeciesCode"": ""PM10"", ""@SpeciesDescription"": ""PM10 Particulate"", ""@DateMeasurementStarted"": ""2004-11-01 00:00:00"", ""@DateMeasurementFinished"": """"}, {""@SpeciesCode"": ""PM25"", ""@SpeciesDescription"": ""PM2.5 Particulate"", ""@DateMeasurementStarted"": ""2004-11-01 00:00:00"", ""@DateMeasurementFinished"": """"}]","","","",""
"","","","","","","","","","","","","","","","O3","Ozone","2006-05-26 12:00:00",""
"","","","","","","","","","","","","","","","PM10","PM10 Particulate","2004-11-01 00:00:00",""
"","","","","","","","","","","","","","","","PM25","PM2.5 Particulate","2004-11-01 00:00:00",""
"11","Greenwich","GR8","Greenwich - Woolwich Flyover","Roadside","","2004-07-08 00:00:00","51.486884","0.017901","6707873.98752","1992.73020469","Greenwich","King's College London","http://www.londonair.org.uk/london/asp/publicdetails.asp?site=GR8","[{""@SpeciesCode"": ""NO2"", ""@SpeciesDescription"": ""Nitrogen Dioxide"", ""@DateMeasurementStarted"": ""2002-12-07 08:40:00"", ""@DateMeasurementFinished"": """"}, {""@SpeciesCode"": ""PM10"", ""@SpeciesDescription"": ""PM10 Particulate"", ""@DateMeasurementStarted"": ""2004-07-08 00:00:00"", ""@DateMeasurementFinished"": """"}, {""@SpeciesCode"": ""PM10"", ""@SpeciesDescription"": ""PM10 Particulate"", ""@DateMeasurementStarted"": ""2004-07-08 00:00:00"", ""@DateMeasurementFinished"": """"}, {""@SpeciesCode"": ""PM25"", ""@SpeciesDescription"": ""PM2.5 Particulate"", ""@DateMeasurementStarted"": ""2021-08-24 00:00:00"", ""@DateMeasurementFinished"": """"}]","","","",""
"","","","","","","","","","","","","","","","NO2","Nitrogen Dioxide","2002-12-07 08:40:00",""
"","","","","","","","","","","","","","","","PM10","PM10 Particulate","2004-07-08 00:00:00",""
"","","","","","","","","","","","","","","","PM25","PM2.5 Particulate","2021-08-24 00:00:00",""
"12","Hackney","HN0","Hackney - Amhurst Road","Roadside","2022-07-18 00:00:00","2022-04-01 00:00:00","51.5500559909969","-0.0633016026789864","","","Hackney","King's College London","http://www.londonair.org.uk/london/asp/publicdetails.asp?site=HN0","[{""@SpeciesCode"": ""NO2"", ""@SpeciesDescription"": ""Nitrogen Dioxide"", ""@DateMeasurementStarted"": ""2023-02-11 12:00:00"", ""@DateMeasurementFinished"": ""2022-07-18 00:00:00""}, {""@SpeciesCode"": ""PM10"", ""@SpeciesDescription"": ""PM10 Particulate"", ""@DateMeasurementStarted"": ""2022-04-01 00:00:00"", ""@DateMeasurementFinished"": ""2022-07-18 00:00:00""}]","","","",""
"","","","","","","","","","","","","","","","NO2","Nitrogen Dioxide","2023-02-11 12:00:00","2022-07-18 00:00:00"
"","","","","","","","","","","","","","","","PM10","PM10 Particulate","2022-04-01 00:00:00","2022-07-18 00:00:00"
"12","Hackney","HK4","Hackney - Clapton","Urban Background","2011-08-31 00:00:00","1993-10-08 16:15:00","51.558884","-0.056388","6720755.66481","-6277.08344685","Hackney","King's College London","http://www.londonair.org.uk/london/asp/publicdetails.asp?site=HK4","[{""@SpeciesCode"": ""CO"", ""@SpeciesDescription"": ""Carbon Monoxide"", ""@DateMeasurementStarted"": ""1996-01-01 00:00:00"", ""@DateMeasurementFinished"": ""2011-08-31 00:00:00""}, {""@SpeciesCode"": ""NO2"", ""@SpeciesDescription"": ""Nitrogen Dioxide"", ""@DateMeasurementStarted"": ""2001-11-06 14:00:00"", ""@DateMeasurementFinished"": ""2011-08-31 00:00:00""}, {""@SpeciesCode"": ""O3"", ""@SpeciesDescription"": ""Ozone"", ""@DateMeasurementStarted"": ""1996-01-01 00:00:00"", ""@DateMeasurementFinished"": ""2011-08-31 00:00:00""}]","","","",""
"","","","","","","","","","","","","","","","CO","Carbon Monoxide","1996-01-01 00:00:00","2011-08-31 00:00:00"
"","","","","","","","","","","","","","","","NO2","Nitrogen Dioxide","2001-11-06 14:00:00","2011-08-31 00:00:00"
"","","","","","","","","","","","","","","","O3","Ozone","1996-01-01 00:00:00","2011-08-31 00:00:00"
"12","Hackney","HN1","Hackney - Homerton Library","Roadside","2022-07-18 00:00:00","2022-04-01 00:00:00","51.5487472103442","-0.0418806967224562","","","Hackney","King's College London","http://www.londonair.org.uk/london/asp/publicdetails.asp?site=HN1","[{""@SpeciesCode"": ""NO2"", ""@SpeciesDescription"": ""Nitrogen Dioxide"", ""@DateMeasurementStarted"": ""2022-04-01 00:00:00"", ""@DateMeasurementFinished"": ""2022-07-18 00:00:00""}, {""@SpeciesCode"": ""PM10"", ""@SpeciesDescription"": ""PM10 Particulate"", ""@DateMeasurementStarted"": ""2022-04-01 00:00:00"", ""@DateMeasurementFinished"": ""2022-07-18 00:00:00""}]","","","",""
"","","","","","","","","","","","","","","","NO2","Nitrogen Dioxide","2022-04-01 00:00:00","2022-07-18 00:00:00"
"12","Hackney","HK6","Hackney - Old Street","Roadside","","2000-05-31 23:00:00","51.526454","-0.08491","6714951.02162","-9452.13796326","Hackney","King's College London","http://www.londonair.org.uk/london/asp/publicdetails.asp?site=HK6","[{""@SpeciesCode"": ""NO2"", ""@SpeciesDescription"": ""Nitrogen Dioxide"", ""@DateMeasurementStarted"": ""2000-06-01 00:00:00"", ""@DateMeasurementFinished"": """"}, {""@SpeciesCode"": ""O3"", ""@SpeciesDescription"": ""Ozone"", ""@DateMeasurementStarted"": ""2006-05-24 12:00:00"", ""@DateMeasurementFinished"": """"}, {""@SpeciesCode"": ""PM10"", ""@SpeciesDescription"": ""PM10 Particulate"", ""@DateMeasurementStarted"": ""2000-05-31 23:00:00"", ""@DateMeasurementFinished"": """"}, {""@SpeciesCode"": ""PM25"", ""@SpeciesDescription"": ""PM2.5 Particulate"", ""@DateMeasurementStarted"": ""2022-02-28 00:00:00"", ""@DateMeasurementFinished"": """"}]","","","",""
"","","","","","","","","","","","","","","","NO2","Nitrogen Dioxide","2000-06-01 00:00:00",""
"","","","","","","","","","","","","","","","O3","Ozone","2006-05-24 12:00:00",""
"","","","","","","","","","","","","","","","PM10","PM10 Particulate","2000-05-31 23:00:00",""
"","","","","","","","","","","","","","","","PM25","PM2.5 Particulate","2022-02-28 00:00:00",""
"12","Hackney","HK9","Hackney - Queensbridge Road","Roadside","2022-07-18 00:00:00","2022-02-01 00:00:00","51.539324","-0.070078971","6717254.12686","-7801.1553","Hackney","King's College London","http://www.londonair.org.uk/london/asp/publicdetails.asp?site=HK9","[{""@SpeciesCode"": ""NO2"", ""@SpeciesDescription"": ""Nitrogen Dioxide"", ""@DateMeasurementStarted"": ""2022-01-01 00:00:00"", ""@DateMeasurementFinished"": ""2022-07-18 00:00:00""}, {""@SpeciesCode"": ""PM10"", ""@SpeciesDescription"": ""PM10 Particulate"", ""@DateMeasurementStarted"": ""2022-01-01 00:00:00"", ""@DateMeasurementFinished"": ""2022-07-18 00:00:00""}]","","","",""
"","","","","","","","","","","","","","","","NO2","Nitrogen Dioxide","2022-01-01 00:00:00","2022-07-18 00:00:00"
"","","","","","","","","","","","","","","","PM10","PM10 Particulate","2022-01-01 00:00:00","2022-07-18 00:00:00"
"13","Hammersmith and Fulham","HF1","Hammersmith and Fulham - Broadway","Roadside","2009-01-20 00:00:00","1999-08-23 18:15:00","51.4927663395234","-0.223601338284455","6708925.64615","-24891.1871185","Hammersmith and Fulham","King's College London","http://www.londonair.org.uk/london/asp/publicdetails.asp?site=HF1","[{""@SpeciesCode"": ""NO2"", ""@SpeciesDescription"": ""Nitrogen Dioxide"", ""@DateMeasurementStarted"": ""2008-01-01 00:00:00"", ""@DateMeasurementFinished"": ""2009-01-20 00:00:00""}, {""@SpeciesCode"": ""PM10"", ""@SpeciesDescription"": ""PM10 Particulate"", ""@DateMeasurementStarted"": ""2008-10-17 09:00:00"", ""@DateMeasurementFinished"": ""2009-01-20 00:00:00""}, {""@SpeciesCode"": ""SO2"", ""@SpeciesDescription"": ""Sulphur Dioxide"", ""@DateMeasurementStarted"": ""2001-05-11 00:00:00"", ""@DateMeasurementFinished"": ""2007-03-27 00:00:00""}]","","","",""
"","","","","","","","","","","","","","","","NO2","Nitrogen Dioxide","2008-01-01 00:00:00","2009-01-20 00:00:00"
"","","","","","","","","","","","","","","","PM10","PM10 Particulate","2008-10-17 09:00:00","2009-01-20 00:00:00"
"","","","","","","","","","","","","","","","SO2","Sulphur Dioxide","2001-05-11 00:00:00","2007-03-27 00:00:00"
"13","Hammersmith and Fulham","HF2","Hammersmith and Fulham - Brook Green","Urban Background","2009-01-21 00:00:00","2003-07-28 12:00:00","51.4964961786764","-0.220502981077703","6709592.54596","-24546.279572","Hammersmith and Fulham","King's College London","http://www.londonair.org.uk/london/asp/publicdetails.asp?site=HF2","[{""@SpeciesCode"": ""NO2"", ""@SpeciesDescription"": ""Nitrogen Dioxide"", ""@DateMeasurementStarted"": ""2008-01-01 00:00:00"", ""@DateMeasurementFinished"": ""2009-01-21 00:00:00""}, {""@SpeciesCode"": ""PM10"", ""@SpeciesDescription"": ""PM10 Particulate"", ""@DateMeasurementStarted"": ""2003-07-28 12:00:00"", ""@DateMeasurementFinished"": ""2009-01-21 00:00:00""}]","","","",""
"","","","","","","","","","","","","","","","NO2","Nitrogen Dioxide","2008-01-01 00:00:00","2009-01-21 00:00:00"
"","","","","","","","","","","","","","","","PM10","PM10 Particulate","2003-07-28 12:00:00","2009-01-21 00:00:00"
"13","Hammersmith and Fulham","HF3","Hammersmith and Fulham - Scrubs Lane","Kerbside","2005-10-27 14:00:00","2005-03-30 12:00:00","51.5308895141056","-0.237011005357313","6715744.68979","-26383.9444288","Hammersmith and Fulham","King's College London","http://www.londonair.org.uk/london/asp/publicdetails.asp?site=HF3","[{""@SpeciesCode"": ""NO2"", ""@SpeciesDescription"": ""Nitrogen Dioxide"", ""@DateMeasurementStarted"": ""2005-03-20 12:00:00"", ""@DateMeasurementFinished"": ""2005-10-27 14:00:00""}, {""@SpeciesCode"": ""PM10"", ""@SpeciesDescription"": ""PM10 Particulate"", ""@DateMeasurementStarted"": ""2005-03-30 12:00:00"", ""@DateMeasurementFinished"": ""2005-10-27 14:00:00""}]","","","",""
"","","","","","","","","","","","","","","","NO2","Nitrogen Dioxide","2005-03-20 12:00:00","2005-10-27 14:00:00"
"","","","","","","","","","","","","","","","PM10","PM10 Particulate","2005-03-30 12:00:00","2005-10-27 14:00:00"
"13","Hammersmith and Fulham","HF4","Hammersmith and Fulham - Shepherds Bush","Roadside","2017-10-27 00:00:00","2011-10-31 00:00:00","51.5045625671557","-0.224670007031603","6711035.01276","-25010.1507793","Hammersmith and Fulham","King's College London","http://www.londonair.org.uk/london/asp/publicdetails.asp?site=HF4","[{""@SpeciesCode"": ""NO2"", ""@SpeciesDescription"": ""Nitrogen Dioxide"", ""@DateMeasurementStarted"": ""2011-10-31 00:00:00"", ""@DateMeasurementFinished"": ""2017-10-27 00:00:00""}, {""@SpeciesCode"": ""PM10"", ""@SpeciesDescription"": ""PM10 Particulate"", ""@DateMeasurementStarted"": ""2011-10-31 00:00:00"", ""@DateMeasurementFinished"": ""2017-10-27 00:00:00""}]","","","",""
"","","","","","","","","","","","","","","","NO2","Nitrogen Dioxide","2011-10-31 00:00:00","2017-10-27 00:00:00"
"","","","","","","","","","","","","","","","PM10","PM10 Particulate","2011-10-31 00:00:00","2017-10-27 00:00:00"
"14","Haringey","HG4","Haringey  - Priory Park South","Urban Background","","2012-10-25 00:00:00","51.5839769007709","-0.125400278484885","6725249.88218781","-13959.4951462721","Haringey","King's College London","http://www.londonair.org.uk/london/asp/publicdetails.asp?site=HG4","[{""@SpeciesCode"": ""NO2"", ""@SpeciesDescription"": ""Nitrogen Dioxide"", ""@DateMeasurementStarted"": ""2012-10-25 00:00:00"", ""@DateMeasurementFinished"": """"}, {""@SpeciesCode"": ""O3"", ""@SpeciesDescription"": ""Ozone"", ""@DateMeasurementStarted"": ""2012-10-25 00:00:00"", ""@DateMeasurementFinished"": """"}]","","","",""
"","","","","","","","","","","","","","","","NO2","Nitrogen Dioxide","2012-10-25 00:00:00",""
"","","","","","","","","","","","","","","","O3","Ozone","2012-10-25 00:00:00",""
"14","Haringey","HG3","Haringey - Bounds Green","Roadside","2001-03-11 23:45:00","1999-06-21 00:15:00","51.6059499474804","-0.123441120322547","6729187.36255","-13741.4026573","Haringey","King's College London","http://www.londonair.org.uk/london/asp/publicdetails.asp?site=HG3","[{""@SpeciesCode"": ""NO2"", ""@SpeciesDescription"": ""Nitrogen Dioxide"", ""@DateMeasurementStarted"": ""1999-06-21 00:15:00"", ""@DateMeasurementFinished"": ""2001-03-11 23:45:00""}, {""@SpeciesCode"": ""PM10"", ""@SpeciesDescription"": ""PM10 Particulate"", ""@DateMeasurementStarted"": ""1999-06-21 00:15:00"", ""@DateMeasurementFinished"": ""2001-03-11 23:45:00""}, {""@SpeciesCode"": ""SO2"", ""@SpeciesDescription"": ""Sulphur Dioxide"", ""@DateMeasurementStarted"": ""1999-05-01 00:00:00"", ""@DateMeasurementFinished"": ""2011-02-04 00:00:00""}]","","","",""
"","","","","","","","","","","","","","","","NO2","Nitrogen Dioxide","1999-06-21 00:15:00","2001-03-11 23:45:00"
"","","","","","","","","","","","","","","","PM10","PM10 Particulate","1999-06-21 00:15:00","2001-03-11 23:45:00"
"","","","","","","","","","","","","","","","SO2","Sulphur Dioxide","1999-05-01 00:00:00","2011-02-04 00:00:00"
"14","Haringey","HG1","Haringey - Haringey Town Hall","Roadside","","1994-11-29 12:00:00","51.599302","-0.068218","6727995.87648","-7593.99302294","Haringey","King's College London","http://www.londonair.org.uk/london/asp/publicdetails.asp?site=HG1","[{""@SpeciesCode"": ""NO2"", ""@SpeciesDescription"": ""Nitrogen Dioxide"", ""@DateMeasurementStarted"": ""2001-11-26 17:00:00"", ""@DateMeasurementFinished"": """"}, {""@SpeciesCode"": ""NO2"", ""@SpeciesDescription"": ""Nitrogen Dioxide"", ""@DateMeasurementStarted"": ""2001-11-26 17:00:00"", ""@DateMeasurementFinished"": """"}, {""@SpeciesCode"": ""PM10"", ""@SpeciesDescription"": ""PM10 Particulate"", ""@DateMeasurementStarted"": ""2010-06-21 13:00:00"", ""@DateMeasurementFinished"": ""2014-05-07 00:00:00""}, {""@SpeciesCode"": ""PM25"", ""@SpeciesDescription"": ""PM2.5 Particulate"", ""@DateMeasurementStarted"": ""2009-02-18 00:00:00"", ""@DateMeasurementFinished"": ""2016-02-10 00:00:00""}, {""@SpeciesCode"": ""SO2"", ""@SpeciesDescription"": ""Sulphur Dioxide"", ""@DateMeasurementStarted"": ""1999-05-01 00:00:00"", ""@DateMeasurementFinished"": ""2011-02-04 00:00:00""}]","","","",""
"","","","","","","","","","","","","","","","NO2","Nitrogen Dioxide","2001-11-26 17:00:00",""
"","","","","","","","","","","","","","","","PM10","PM10 Particulate","2010-06-21 13:00:00","2014-05-07 00:00:00"
"","","","","","","","","","","","","","","","PM25","PM2.5 Particulate","2009-02-18 00:00:00","2016-02-10 00:00:00"
"14","Haringey","HG2","Haringey - Priory Park","Urban Background","2012-10-25 00:00:00","1996-03-29 00:00:00","51.586029","-0.126486","6725617.52937","-14080.3571125","Haringey","King's College London","http://www.londonair.org.uk/london/asp/publicdetails.asp?site=HG2","[{""@SpeciesCode"": ""NO2"", ""@SpeciesDescription"": ""Nitrogen Dioxide"", ""@DateMeasurementStarted"": ""2008-08-14 11:00:00"", ""@DateMeasurementFinished"": ""2012-10-25 00:00:00""}, {""@SpeciesCode"": ""O3"", ""@SpeciesDescription"": ""Ozone"", ""@DateMeasurementStarted"": ""1996-03-20 12:00:00"", ""@DateMeasurementFinished"": ""2012-10-25 00:00:00""}, {""@SpeciesCode"": ""PM10"", ""@SpeciesDescription"": ""PM10 Particulate"", ""@DateMeasurementStarted"": ""1996-03-29 00:00:00"", ""@DateMeasurementFinished"": ""2012-04-24 00:00:00""}]","","","",""
"","","","","","","","","","","","","","","","NO2","Nitrogen Dioxide","2008-08-14 11:00:00","2012-10-25 00:00:00"
"","","","","","","","","","","","","","","","O3","Ozone","1996-03-20 12:00:00","2012-10-25 00:00:00"
"","","","","","","","","","","","","","","","PM10","PM10 Particulate","1996-03-29 00:00:00","2012-04-24 00:00:00"
"15","Harrow","HR2","Harrow - Pinner Road","Roadside","2023-07-31 00:00:00","2003-06-16 00:00:00","51.588417","-0.362989","6726045.37632","-40407.7506436","Harrow","King's College London","http://www.londonair.org.uk/london/asp/publicdetails.asp?site=HR2","[{""@SpeciesCode"": ""NO2"", ""@SpeciesDescription"": ""Nitrogen Dioxide"", ""@DateMeasurementStarted"": ""2008-01-01 00:00:00"", ""@DateMeasurementFinished"": ""2023-07-31 00:00:00""}, {""@SpeciesCode"": ""PM10"", ""@SpeciesDescription"": ""PM10 Particulate"", ""@DateMeasurementStarted"": ""2003-06-16 00:00:00"", ""@DateMeasurementFinished"": ""2023-07-31 00:00:00""}]","","","",""
"","","","","","","","","","","","","","","","NO2","Nitrogen Dioxide","2008-01-01 00:00:00","2023-07-31 00:00:00"
"","","","","","","","","","","","","","","","PM10","PM10 Particulate","2003-06-16 00:00:00","2023-07-31 00:00:00"
"15","Harrow","HR1","Harrow - Stanmore","Urban Background","2023-08-14 00:00:00","1999-04-10 10:00:00","51.617327","-0.298775","6731226.83276","-33259.4808618","Harrow","King's College London","http://www.londonair.org.uk/london/asp/publicdetails.asp?site=HR1","[{""@SpeciesCode"": ""NO2"", ""@SpeciesDescription"": ""Nitrogen Dioxide"", ""@DateMeasurementStarted"": ""2006-03-21 14:30:00"", ""@DateMeasurementFinished"": ""2023-08-14 00:00:00""}, {""@SpeciesCode"": ""PM10"", ""@SpeciesDescription"": ""PM10 Particulate"", ""@DateMeasurementStarted"": ""1999-04-10 10:00:00"", ""@DateMeasurementFinished"": ""2023-08-14 00:00:00""}, {""@SpeciesCode"": ""PM25"", ""@SpeciesDescription"": ""PM2.5 Particulate"", ""@DateMeasurementStarted"": ""2008-12-16 10:00:00"", ""@DateMeasurementFinished"": ""2018-01-01 00:00:00""}, {""@SpeciesCode"": ""SO2"", ""@SpeciesDescription"": ""Sulphur Dioxide"", ""@DateMeasurementStarted"": ""2000-02-24 14:00:00"", ""@DateMeasurementFinished"": ""2011-04-07 00:00:00""}]","","","",""
"","","","","","","","","","","","","","","","NO2","Nitrogen Dioxide","2006-03-21 14:30:00","2023-08-14 00:00:00"
"","","","","","","","","","","","","","","","PM10","PM10 Particulate","1999-04-10 10:00:00","2023-08-14 00:00:00"
"","","","","","","","","","","","","","","","PM25","PM2.5 Particulate","2008-12-16 10:00:00","2018-01-01 00:00:00"
"","","","","","","","","","","","","","","","SO2","Sulphur Dioxide","2000-02-24 14:00:00","2011-04-07 00:00:00"
"16","Havering","HV2","Havering - Harold Hill","Suburban","2000-11-12 14:45:00","1998-03-31 23:00:00","51.6065992159427","0.225359558329898","6729303.73779","25086.9112787","Havering","King's College London","http://www.londonair.org.uk/london/asp/publicdetails.asp?site=HV2","{""@SpeciesCode"": ""PM10"", ""@SpeciesDescription"": ""PM10 Particulate"", ""@DateMeasurementStarted"": ""1998-03-31 23:00:00"", ""@DateMeasurementFinished"": ""2000-11-12 14:45:00""}","","","",""
"","","","","","","","","","","","","","","","PM10","PM10 Particulate","1998-03-31 23:00:00","2000-11-12 14:45:00"
"16","Havering","HV1","Havering - Rainham","Roadside","","1995-12-08 00:00:00","51.520787459334","0.205460705694044","6713943.19288","22876.155358","Havering","King's College London","http://www.londonair.org.uk/london/asp/publicdetails.asp?site=HV1","[{""@SpeciesCode"": ""NO2"", ""@SpeciesDescription"": ""Nitrogen Dioxide"", ""@DateMeasurementStarted"": ""1995-12-01 00:00:00"", ""@DateMeasurementFinished"": """"}, {""@SpeciesCode"": ""PM10"", ""@SpeciesDescription"": ""PM10 Particulate"", ""@DateMeasurementStarted"": ""2013-03-13 00:00:00"", ""@DateMeasurementFinished"": """"}, {""@SpeciesCode"": ""PM25"", ""@SpeciesDescription"": ""PM2.5 Particulate"", ""@DateMeasurementStarted"": ""2013-03-13 00:00:00"", ""@DateMeasurementFinished"": """"}]","","","",""
"","","","","","","","","","","","","","","","NO2","Nitrogen Dioxide","1995-12-01 00:00:00",""
"","","","","","","","","","","","","","","","PM10","PM10 Particulate","2013-03-13 00:00:00",""
"","","","","","","","","","","","","","","","PM25","PM2.5 Particulate","2013-03-13 00:00:00",""
"16","Havering","HV3","Havering - Romford","Roadside","","1998-12-22 10:00:00","51.572976","0.179079","6723279.28089","19934.9830918","Havering","King's College London","http://www.londonair.org.uk/london/asp/publicdetails.asp?site=HV3","[{""@SpeciesCode"": ""NO2"", ""@SpeciesDescription"": ""Nitrogen Dioxide"", ""@DateMeasurementStarted"": ""2008-01-01 00:00:00"", ""@DateMeasurementFinished"": """"}, {""@SpeciesCode"": ""PM10"", ""@SpeciesDescription"": ""PM10 Particulate"", ""@DateMeasurementStarted"": ""2008-11-14 00:00:00"", ""@DateMeasurementFinished"": """"}, {""@SpeciesCode"": ""SO2"", ""@SpeciesDescription"": ""Sulphur Dioxide"", ""@DateMeasurementStarted"": ""1998-12-20 09:00:00"", ""@DateMeasurementFinished"": ""2009-06-11 00:00:00""}]","","","",""
"","","","","","","","","","","","","","","","PM10","PM10 Particulate","2008-11-14 00:00:00",""
"","","","","","","","","","","","","","","","SO2","Sulphur Dioxide","1998-12-20 09:00:00","2009-06-11 00:00:00"
"17","Hillingdon","LH2","Heathrow Airport","Industrial","2011-02-24 00:00:00","1999-01-01 00:00:00","51.4792338864893","-0.440530703282971","6706511.8675","-49036.6809724","Hillingdon","King's College London","http://www.londonair.org.uk/london/asp/publicdetails.asp?site=LH2","[{""@SpeciesCode"": ""CO"", ""@SpeciesDescription"": ""Carbon Monoxide"", ""@DateMeasurementStarted"": ""1999-01-01 00:00:00"", ""@DateMeasurementFinished"": ""2007-12-11 12:45:00""}, {""@SpeciesCode"": ""NO2"", ""@SpeciesDescription"": ""Nitrogen Dioxide"", ""@DateMeasurementStarted"": ""1999-01-01 00:00:00"", ""@DateMeasurementFinished"": ""2011-02-24 00:00:00""}, {""@SpeciesCode"": ""O3"", ""@SpeciesDescription"": ""Ozone"", ""@DateMeasurementStarted"": ""1999-01-01 00:00:00"", ""@DateMeasurementFinished"": ""2007-12-11 12:45:00""}, {""@SpeciesCode"": ""PM10"", ""@SpeciesDescription"": ""PM10 Particulate"", ""@DateMeasurementStarted"": ""2007-01-01 00:00:00"", ""@DateMeasurementFinished"": ""2011-02-24 00:00:00""}]","","","",""
"","","","","","","","","","","","","","","","CO","Carbon Monoxide","1999-01-01 00:00:00","2007-12-11 12:45:00"
"","","","","","","","","","","","","","","","NO2","Nitrogen Dioxide","1999-01-01 00:00:00","2011-02-24 00:00:00"
"","","","","","","","","","","","","","","","O3","Ozone","1999-01-01 00:00:00","2007-12-11 12:45:00"
"","","","","","","","","","","","","","","","PM10","PM10 Particulate","2007-01-01 00:00:00","2011-02-24 00:00:00"
"17","Hillingdon","LH0","Hillingdon - Harlington","Urban Background","","2004-01-01 00:00:00","51.48878","-0.441627","6708212.94408","-49161.6927606","Hillingdon","King's College London","http://www.londonair.org.uk/london/asp/publicdetails.asp?site=LH0","[{""@SpeciesCode"": ""CO"", ""@SpeciesDescription"": ""Carbon Monoxide"", ""@DateMeasurementStarted"": ""2004-01-01 00:00:00"", ""@DateMeasurementFinished"": ""2008-03-03 00:00:00""}, {""@SpeciesCode"": ""NO2"", ""@SpeciesDescription"": ""Nitrogen Dioxide"", ""@DateMeasurementStarted"": ""2004-01-01 00:00:00"", ""@DateMeasurementFinished"": """"}, {""@SpeciesCode"": ""O3"", ""@SpeciesDescription"": ""Ozone"", ""@DateMeasurementStarted"": ""2004-01-01 00:00:00"", ""@DateMeasurementFinished"": """"}, {""@SpeciesCode"": ""PM10"", ""@SpeciesDescription"": ""PM10 Particulate"", ""@DateMeasurementStarted"": ""2007-01-01 00:00:00"", ""@DateMeasurementFinished"": """"}, {""@SpeciesCode"": ""PM25"", ""@SpeciesDescription"": ""PM2.5 Particulate"", ""@DateMeasurementStarted"": ""2007-01-01 00:00:00"", ""@DateMeasurementFinished"": """"}]","","","",""
"","","","","","","","","","","","","","","","CO","Carbon Monoxide","2004-01-01 00:00:00","2008-03-03 00:00:00"
"","","","","","","","","","","","","","","","NO2","Nitrogen Dioxide","2004-01-01 00:00:00",""
"","","","","","","","","","","","","","","","O3","Ozone","2004-01-01 00:00:00",""
"","","","","","","","","","","","","","","","PM25","PM2.5 Particulate","2007-01-01 00:00:00",""
"17","Hillingdon","HI2","Hillingdon - Hillingdon Hospital","Roadside","2011-06-01 00:00:00","2002-09-25 11:30:00","51.526115","-0.459128","6714890.36587","-51109.8951689","Hillingdon","King's College London","http://www.londonair.org.uk/london/asp/publicdetails.asp?site=HI2","[{""@SpeciesCode"": ""NO2"", ""@SpeciesDescription"": ""Nitrogen Dioxide"", ""@DateMeasurementStarted"": ""2008-09-04 12:00:00"", ""@DateMeasurementFinished"": ""2011-06-01 00:00:00""}, {""@SpeciesCode"": ""PM10"", ""@SpeciesDescription"": ""PM10 Particulate"", ""@DateMeasurementStarted"": ""2011-03-11 14:00:00"", ""@DateMeasurementFinished"": ""2011-06-01 00:00:00""}]","","","",""
"","","","","","","","","","","","","","","","NO2","Nitrogen Dioxide","2008-09-04 12:00:00","2011-06-01 00:00:00"
"","","","","","","","","","","","","","","","PM10","PM10 Particulate","2011-03-11 14:00:00","2011-06-01 00:00:00"
"17","Hillingdon","HI0","Hillingdon - Keats Way","Suburban","","1996-08-02 00:00:00","51.496309","-0.460826","6709559.07689","-51298.9156643","Hillingdon","King's College London","http://www.londonair.org.uk/london/asp/publicdetails.asp?site=HI0","[{""@SpeciesCode"": ""CO"", ""@SpeciesDescription"": ""Carbon Monoxide"", ""@DateMeasurementStarted"": ""2007-12-01 00:00:00"", ""@DateMeasurementFinished"": ""2007-10-01 00:00:00""}, {""@SpeciesCode"": ""NO2"", ""@SpeciesDescription"": ""Nitrogen Dioxide"", ""@DateMeasurementStarted"": ""2007-12-01 00:00:00"", ""@DateMeasurementFinished"": """"}, {""@SpeciesCode"": ""O3"", ""@SpeciesDescription"": ""Ozone"", ""@DateMeasurementStarted"": ""2007-12-01 00:00:00"", ""@DateMeasurementFinished"": """"}, {""@SpeciesCode"": ""PM10"", ""@SpeciesDescription"": ""PM10 Particulate"", ""@DateMeasurementStarted"": ""1996-08-02 00:00:00"", ""@DateMeasurementFinished"": ""2007-10-01 00:00:00""}, {""@SpeciesCode"": ""SO2"", ""@SpeciesDescription"": ""Sulphur Dioxide"", ""@DateMeasurementStarted"": ""2007-12-01 00:00:00"", ""@DateMeasurementFinished"": ""2007-10-01 00:00:00""}]","","","",""
"","","","","","","","","","","","","","","","CO","Carbon Monoxide","2007-12-01 00:00:00","2007-10-01 00:00:00"
"","","","","","","","","","","","","","","","PM10","PM10 Particulate","1996-08-02 00:00:00","2007-10-01 00:00:00"
"17","Hillingdon","HI3","Hillingdon - Oxford Avenue","Roadside","2011-06-01 00:00:00","2005-03-01 12:00:00","51.481131839058","-0.423760323968","6706845.73371","-47172.7834825","Hillingdon","King's College London","http://www.londonair.org.uk/london/asp/publicdetails.asp?site=HI3","[{""@SpeciesCode"": ""NO2"", ""@SpeciesDescription"": ""Nitrogen Dioxide"", ""@DateMeasurementStarted"": ""2005-03-01 00:00:00"", ""@DateMeasurementFinished"": ""2011-06-01 00:00:00""}, {""@SpeciesCode"": ""PM10"", ""@SpeciesDescription"": ""PM10 Particulate"", ""@DateMeasurementStarted"": ""2005-03-01 12:00:00"", ""@DateMeasurementFinished"": ""2011-06-01 00:00:00""}]","","","",""
"","","","","","","","","","","","","","","","NO2","Nitrogen Dioxide","2005-03-01 00:00:00","2011-06-01 00:00:00"
"","","","","","","","","","","","","","","","PM10","PM10 Particulate","2005-03-01 12:00:00","2011-06-01 00:00:00"
"17","Hillingdon","HI1","Hillingdon - South Ruislip","Roadside","2011-06-01 00:00:00","1994-01-01 00:00:00","51.552264","-0.402779","6719570.41543","-44837.1531822","Hillingdon","King's College London","http://www.londonair.org.uk/london/asp/publicdetails.asp?site=HI1","[{""@SpeciesCode"": ""NO2"", ""@SpeciesDescription"": ""Nitrogen Dioxide"", ""@DateMeasurementStarted"": ""2008-09-01 11:00:00"", ""@DateMeasurementFinished"": ""2011-06-01 00:00:00""}, {""@SpeciesCode"": ""O3"", ""@SpeciesDescription"": ""Ozone"", ""@DateMeasurementStarted"": ""1994-01-01 00:00:00"", ""@DateMeasurementFinished"": ""1995-03-31 00:00:00""}, {""@SpeciesCode"": ""PM10"", ""@SpeciesDescription"": ""PM10 Particulate"", ""@DateMeasurementStarted"": ""1994-01-01 00:00:00"", ""@DateMeasurementFinished"": ""2011-06-01 00:00:00""}, {""@SpeciesCode"": ""SO2"", ""@SpeciesDescription"": ""Sulphur Dioxide"", ""@DateMeasurementStarted"": ""1994-01-01 00:00:00"", ""@DateMeasurementFinished"": ""1994-12-08 00:00:00""}]","","","",""
"","","","","","","","","","","","","","","","NO2","Nitrogen Dioxide","2008-09-01 11:00:00","2011-06-01 00:00:00"
"","","","","","","","","","","","","","","","O3","Ozone","1994-01-01 00:00:00","1995-03-31 00:00:00"
"","","","","","","","","","","","","","","","PM10","PM10 Particulate","1994-01-01 00:00:00","2011-06-01 00:00:00"
"","","","","","","","","","","","","","","","SO2","Sulphur Dioxide","1994-01-01 00:00:00","1994-12-08 00:00:00"
"18","Hounslow","HS1","Hounslow - Brentford","Roadside","2003-01-01 00:00:00","1993-04-01 00:00:00","51.489321","-0.310002","6708309.66371","-34509.2647849","Hounslow","King's College London","http://www.londonair.org.uk/london/asp/publicdetails.asp?site=HS1","{""@SpeciesCode"": ""CO"", ""@SpeciesDescription"": ""Carbon Monoxide"", ""@DateMeasurementStarted"": ""1995-01-10 00:00:00"", ""@DateMeasurementFinished"": ""2003-01-01 00:00:00""}","","","",""
"","","","","","","","","","","","","","","","CO","Carbon Monoxide","1995-01-10 00:00:00","2003-01-01 00:00:00"
"18","Hounslow","HS5","Hounslow - Brentford","Roadside","2012-04-01 00:00:00","2003-06-02 13:00:00","51.489398","-0.310081","6708323.42981","-34518.0590247","Hounslow","King's College London","http://www.londonair.org.uk/london/asp/publicdetails.asp?site=HS5","{""@SpeciesCode"": ""CO"", ""@SpeciesDescription"": ""Carbon Monoxide"", ""@DateMeasurementStarted"": ""2003-06-09 14:00:00"", ""@DateMeasurementFinished"": ""2007-07-10 00:00:00""}","","","",""
"","","","","","","","","","","","","","","","CO","Carbon Monoxide","2003-06-09 14:00:00","2007-07-10 00:00:00"
"18","Hounslow","HS1","Hounslow - Brentford","Roadside","2003-01-01 00:00:00","1993-04-01 00:00:00","51.489321","-0.310002","6708309.66371","-34509.2647849","Hounslow","King's College London","http://www.londonair.org.uk/london/asp/publicdetails.asp?site=HS1","{""@SpeciesCode"": ""NO2"", ""@SpeciesDescription"": ""Nitrogen Dioxide"", ""@DateMeasurementStarted"": ""2001-11-19 11:00:00"", ""@DateMeasurementFinished"": ""2003-01-01 00:00:00""}","","","",""
"","","","","","","","","","","","","","","","NO2","Nitrogen Dioxide","2001-11-19 11:00:00","2003-01-01 00:00:00"
"18","Hounslow","HS5","Hounslow - Brentford","Roadside","2012-04-01 00:00:00","2003-06-02 13:00:00","51.489398","-0.310081","6708323.42981","-34518.0590247","Hounslow","King's College London","http://www.londonair.org.uk/london/asp/publicdetails.asp?site=HS5","{""@SpeciesCode"": ""NO2"", ""@SpeciesDescription"": ""Nitrogen Dioxide"", ""@DateMeasurementStarted"": ""2003-06-02 00:00:00"", ""@DateMeasurementFinished"": ""2012-04-01 00:00:00""}","","","",""
"","","","","","","","","","","","","","","","NO2","Nitrogen Dioxide","2003-06-02 00:00:00","2012-04-01 00:00:00"
"18","Hounslow","HS1","Hounslow - Brentford","Roadside","2003-01-01 00:00:00","1993-04-01 00:00:00","51.489321","-0.310002","6708309.66371","-34509.2647849","Hounslow","King's College London","http://www.londonair.org.uk/london/asp/publicdetails.asp?site=HS1","{""@SpeciesCode"": ""O3"", ""@SpeciesDescription"": ""Ozone"", ""@DateMeasurementStarted"": ""1994-09-15 00:00:00"", ""@DateMeasurementFinished"": ""2003-01-01 00:00:00""}","","","",""
"","","","","","","","","","","","","","","","O3","Ozone","1994-09-15 00:00:00","2003-01-01 00:00:00"
"18","Hounslow","HS5","Hounslow - Brentford","Roadside","2012-04-01 00:00:00","2003-06-02 13:00:00","51.489398","-0.310081","6708323.42981","-34518.0590247","Hounslow","King's College London","http://www.londonair.org.uk/london/asp/publicdetails.asp?site=HS5","{""@SpeciesCode"": ""PM10"", ""@SpeciesDescription"": ""PM10 Particulate"", ""@DateMeasurementStarted"": ""2011-05-11 15:00:00"", ""@DateMeasurementFinished"": ""2012-04-01 00:00:00""}","","","",""
"","","","","","","","","","","","","","","","PM10","PM10 Particulate","2011-05-11 15:00:00","2012-04-01 00:00:00"
"18","Hounslow","HS3","Hounslow - Brentford","Roadside","2003-01-01 00:00:00","1999-03-20 12:00:00","51.489321","-0.310002","6708309.66371","-34509.2647849","Hounslow","King's College London","http://www.londonair.org.uk/london/asp/publicdetails.asp?site=HS3","{""@SpeciesCode"": ""PM10"", ""@SpeciesDescription"": ""PM10 Particulate"", ""@DateMeasurementStarted"": ""1999-03-20 12:00:00"", ""@DateMeasurementFinished"": ""2003-01-01 00:00:00""}","","","",""
"","","","","","","","","","","","","","","","PM10","PM10 Particulate","1999-03-20 12:00:00","2003-01-01 00:00:00"
"18","Hounslow","HS4","Hounslow - Chiswick High Road","Roadside","2012-04-01 00:00:00","1999-08-26 11:45:00","51.492507","-0.257252","6708879.27796","-28637.1616456","Hounslow","King's College London","http://www.londonair.org.uk/london/asp/publicdetails.asp?site=HS4","[{""@SpeciesCode"": ""NO2"", ""@SpeciesDescription"": ""Nitrogen Dioxide"", ""@DateMeasurementStarted"": ""1999-08-01 00:00:00"", ""@DateMeasurementFinished"": ""2012-04-01 00:00:00""}, {""@SpeciesCode"": ""PM10"", ""@SpeciesDescription"": ""PM10 Particulate"", ""@DateMeasurementStarted"": ""2009-10-05 12:00:00"", ""@DateMeasurementFinished"": ""2012-04-01 00:00:00""}, {""@SpeciesCode"": ""SO2"", ""@SpeciesDescription"": ""Sulphur Dioxide"", ""@DateMeasurementStarted"": ""1999-08-26 00:00:00"", ""@DateMeasurementFinished"": ""2009-02-11 00:00:00""}]","","","",""
"","","","","","","","","","","","","","","","NO2","Nitrogen Dioxide","1999-08-01 00:00:00","2012-04-01 00:00:00"
"","","","","","","","","","","","","","","","PM10","PM10 Particulate","2009-10-05 12:00:00","2012-04-01 00:00:00"
"","","","","","","","","","","","","","","","SO2","Sulphur Dioxide","1999-08-26 00:00:00","2009-02-11 00:00:00"
"18","Hounslow","HS2","Hounslow - Cranford","Suburban","2012-04-01 00:00:00","1999-01-02 18:00:00","51.482982","-0.411895","6707176.45353","-45851.9416603","Hounslow","King's College London","http://www.londonair.org.uk/london/asp/publicdetails.asp?site=HS2","[{""@SpeciesCode"": ""NO2"", ""@SpeciesDescription"": ""Nitrogen Dioxide"", ""@DateMeasurementStarted"": ""1999-01-27 00:00:00"", ""@DateMeasurementFinished"": ""2012-04-01 00:00:00""}, {""@SpeciesCode"": ""O3"", ""@SpeciesDescription"": ""Ozone"", ""@DateMeasurementStarted"": ""2000-05-01 11:00:00"", ""@DateMeasurementFinished"": ""2012-04-01 00:00:00""}, {""@SpeciesCode"": ""PM10"", ""@SpeciesDescription"": ""PM10 Particulate"", ""@DateMeasurementStarted"": ""2009-10-06 13:00:00"", ""@DateMeasurementFinished"": ""2012-04-01 00:00:00""}, {""@SpeciesCode"": ""SO2"", ""@SpeciesDescription"": ""Sulphur Dioxide"", ""@DateMeasurementStarted"": ""1999-01-01 00:00:00"", ""@DateMeasurementFinished"": ""2012-04-01 00:00:00""}]","","","",""
"","","","","","","","","","","","","","","","NO2","Nitrogen Dioxide","1999-01-27 00:00:00","2012-04-01 00:00:00"
"","","","","","","","","","","","","","","","O3","Ozone","2000-05-01 11:00:00","2012-04-01 00:00:00"
"","","","","","","","","","","","","","","","PM10","PM10 Particulate","2009-10-06 13:00:00","2012-04-01 00:00:00"
"","","","","","","","","","","","","","","","SO2","Sulphur Dioxide","1999-01-01 00:00:00","2012-04-01 00:00:00"
"18","Hounslow","HS9","Hounslow - Feltham","Roadside","2012-04-01 00:00:00","2009-08-19 00:00:00","51.4473877655456","-0.408732837243793","6700816.26812","-45499.9313125","Hounslow","King's College London","http://www.londonair.org.uk/london/asp/publicdetails.asp?site=HS9","[{""@SpeciesCode"": ""NO2"", ""@SpeciesDescription"": ""Nitrogen Dioxide"", ""@DateMeasurementStarted"": ""2009-08-19 00:00:00"", ""@DateMeasurementFinished"": ""2012-04-01 00:00:00""}, {""@SpeciesCode"": ""PM10"", ""@SpeciesDescription"": ""PM10 Particulate"", ""@DateMeasurementStarted"": ""2009-08-19 00:00:00"", ""@DateMeasurementFinished"": ""2012-04-01 00:00:00""}]","","","",""
"","","","","","","","","","","","","","","","NO2","Nitrogen Dioxide","2009-08-19 00:00:00","2012-04-01 00:00:00"
"","","","","","","","","","","","","","","","PM10","PM10 Particulate","2009-08-19 00:00:00","2012-04-01 00:00:00"
"18","Hounslow","HS7","Hounslow - Hatton Cross","Urban Background","2012-04-01 00:00:00","2006-01-05 00:00:00","51.463402","-0.427525","6703677.17104","-47591.8653014","Hounslow","King's College London","http://www.londonair.org.uk/london/asp/publicdetails.asp?site=HS7","[{""@SpeciesCode"": ""NO2"", ""@SpeciesDescription"": ""Nitrogen Dioxide"", ""@DateMeasurementStarted"": ""2008-11-28 00:00:00"", ""@DateMeasurementFinished"": ""2012-04-01 00:00:00""}, {""@SpeciesCode"": ""PM10"", ""@SpeciesDescription"": ""PM10 Particulate"", ""@DateMeasurementStarted"": ""2011-07-13 15:00:00"", ""@DateMeasurementFinished"": ""2012-04-01 00:00:00""}]","","","",""
"","","","","","","","","","","","","","","","NO2","Nitrogen Dioxide","2008-11-28 00:00:00","2012-04-01 00:00:00"
"","","","","","","","","","","","","","","","PM10","PM10 Particulate","2011-07-13 15:00:00","2012-04-01 00:00:00"
"18","Hounslow","HS6","Hounslow - Heston Road","Roadside","2012-04-01 00:00:00","2006-04-13 00:00:00","51.479129","-0.36476","6706487.73751","-40604.8974618","Hounslow","King's College London","http://www.londonair.org.uk/london/asp/publicdetails.asp?site=HS6","[{""@SpeciesCode"": ""NO2"", ""@SpeciesDescription"": ""Nitrogen Dioxide"", ""@DateMeasurementStarted"": ""2008-08-01 00:00:00"", ""@DateMeasurementFinished"": ""2012-04-01 00:00:00""}, {""@SpeciesCode"": ""PM10"", ""@SpeciesDescription"": ""PM10 Particulate"", ""@DateMeasurementStarted"": ""2006-04-13 00:00:00"", ""@DateMeasurementFinished"": ""2012-04-01 00:00:00""}]","","","",""
"","","","","","","","","","","","","","","","NO2","Nitrogen Dioxide","2008-08-01 00:00:00","2012-04-01 00:00:00"
"","","","","","","","","","","","","","","","PM10","PM10 Particulate","2006-04-13 00:00:00","2012-04-01 00:00:00"
"18","Hounslow","HS8","Hounslow and Ealing - Gunnersbury Avenue","Roadside","2015-02-09 00:00:00","2012-02-09 00:00:00","51.500676298573","-0.284383168481281","6710340.02137534","-31657.3895055139","Hounslow","King's College London","http://www.londonair.org.uk/london/asp/publicdetails.asp?site=HS8","[{""@SpeciesCode"": ""NO2"", ""@SpeciesDescription"": ""Nitrogen Dioxide"", ""@DateMeasurementStarted"": ""2012-02-01 00:00:00"", ""@DateMeasurementFinished"": ""2015-02-09 00:00:00""}, {""@SpeciesCode"": ""PM10"", ""@SpeciesDescription"": ""PM10 Particulate"", ""@DateMeasurementStarted"": ""2012-02-09 00:00:00"", ""@DateMeasurementFinished"": ""2015-02-09 00:00:00""}]","","","",""
"","","","","","","","","","","","","","","","NO2","Nitrogen Dioxide","2012-02-01 00:00:00","2015-02-09 00:00:00"
"","","","","","","","","","","","","","","","PM10","PM10 Particulate","2012-02-09 00:00:00","2015-02-09 00:00:00"
"19","Islington","IS6","Islington - Arsenal","Urban Background","2026-04-01 00:00:00","2007-03-14 00:00:00","51.557895","-0.106989","6720578.5826","-11909.9610005","Islington","King's College London","http://www.londonair.org.uk/london/asp/publicdetails.asp?site=IS6","[{""@SpeciesCode"": ""NO2"", ""@SpeciesDescription"": ""Nitrogen Dioxide"", ""@DateMeasurementStarted"": ""2003-03-05 11:45:00"", ""@DateMeasurementFinished"": ""2026-04-01 00:00:00""}, {""@SpeciesCode"": ""PM10"", ""@SpeciesDescription"": ""PM10 Particulate"", ""@DateMeasurementStarted"": ""2025-01-09 00:00:00"", ""@DateMeasurementFinished"": ""2026-04-01 00:00:00""}, {""@SpeciesCode"": ""PM25"", ""@SpeciesDescription"": ""PM2.5 Particulate"", ""@DateMeasurementStarted"": ""2025-01-09 00:00:00"", ""@DateMeasurementFinished"": ""2026-04-01 00:00:00""}]","","","",""
"","","","","","","","","","","","","","","","NO2","Nitrogen Dioxide","2003-03-05 11:45:00","2026-04-01 00:00:00"
"","","","","","","","","","","","","","","","PM10","PM10 Particulate","2025-01-09 00:00:00","2026-04-01 00:00:00"
"","","","","","","","","","","","","","","","PM25","PM2.5 Particulate","2025-01-09 00:00:00","2026-04-01 00:00:00"
"19","Islington","IS5","Islington - Duncan Terrace","Roadside","2009-03-11 00:00:00","2006-08-04 00:00:00","51.5322658877275","-0.104413186512037","6715990.98676","-11623.2227546","Islington","King's College London","http://www.londonair.org.uk/london/asp/publicdetails.asp?site=IS5","{""@SpeciesCode"": ""PM10"", ""@SpeciesDescription"": ""PM10 Particulate"", ""@DateMeasurementStarted"": ""2006-04-19 12:00:00"", ""@DateMeasurementFinished"": ""2009-03-11 00:00:00""}","","","",""
"","","","","","","","","","","","","","","","PM10","PM10 Particulate","2006-04-19 12:00:00","2009-03-11 00:00:00"
"19","Islington","IS4","Islington - Foxham Gardens","Urban Background","2009-03-11 00:00:00","2006-04-20 00:00:00","51.5600403385285","-0.131679425163847","6720962.71416","-14658.4865572","Islington","King's College London","http://www.londonair.org.uk/london/asp/publicdetails.asp?site=IS4","{""@SpeciesCode"": ""PM10"", ""@SpeciesDescription"": ""PM10 Particulate"", ""@DateMeasurementStarted"": ""2006-04-19 12:00:00"", ""@DateMeasurementFinished"": ""2009-03-11 00:00:00""}","","","",""
"19","Islington","IS2","Islington - Holloway Road","Roadside","2026-04-01 00:00:00","2000-07-12 06:45:00","51.555378","-0.116146","6720127.92666","-12929.3135777","Islington","King's College London","http://www.londonair.org.uk/london/asp/publicdetails.asp?site=IS2","[{""@SpeciesCode"": ""CO"", ""@SpeciesDescription"": ""Carbon Monoxide"", ""@DateMeasurementStarted"": ""2000-07-01 00:00:00"", ""@DateMeasurementFinished"": ""2014-06-13 00:00:00""}, {""@SpeciesCode"": ""NO2"", ""@SpeciesDescription"": ""Nitrogen Dioxide"", ""@DateMeasurementStarted"": ""2000-07-01 00:00:00"", ""@DateMeasurementFinished"": ""2026-04-01 00:00:00""}, {""@SpeciesCode"": ""PM10"", ""@SpeciesDescription"": ""PM10 Particulate"", ""@DateMeasurementStarted"": ""2025-01-21 13:00:00"", ""@DateMeasurementFinished"": ""2026-04-01 00:00:00""}, {""@SpeciesCode"": ""PM25"", ""@SpeciesDescription"": ""PM2.5 Particulate"", ""@DateMeasurementStarted"": ""2025-01-21 13:00:00"", ""@DateMeasurementFinished"": ""2026-04-01 00:00:00""}]","","","",""
"","","","","","","","","","","","","","","","CO","Carbon Monoxide","2000-07-01 00:00:00","2014-06-13 00:00:00"
"","","","","","","","","","","","","","","","NO2","Nitrogen Dioxide","2000-07-01 00:00:00","2026-04-01 00:00:00"
"","","","","","","","","","","","","","","","PM10","PM10 Particulate","2025-01-21 13:00:00","2026-04-01 00:00:00"
"","","","","","","","","","","","","","","","PM25","PM2.5 Particulate","2025-01-21 13:00:00","2026-04-01 00:00:00"
"19","Islington","IS1","Islington - Upper Street","Urban Background","2007-03-14 00:00:00","1994-05-13 01:00:00","51.5407003385595","-0.103269578193151","6717500.4632","-11495.9168589","Islington","King's College London","http://www.londonair.org.uk/london/asp/publicdetails.asp?site=IS1","[{""@SpeciesCode"": ""CO"", ""@SpeciesDescription"": ""Carbon Monoxide"", ""@DateMeasurementStarted"": ""1995-10-01 10:00:00"", ""@DateMeasurementFinished"": ""1998-05-10 00:00:00""}, {""@SpeciesCode"": ""NO2"", ""@SpeciesDescription"": ""Nitrogen Dioxide"", ""@DateMeasurementStarted"": ""1994-05-13 01:00:00"", ""@DateMeasurementFinished"": ""2007-03-14 00:00:00""}, {""@SpeciesCode"": ""PM10"", ""@SpeciesDescription"": ""PM10 Particulate"", ""@DateMeasurementStarted"": ""1994-05-13 01:00:00"", ""@DateMeasurementFinished"": ""2007-03-14 00:00:00""}]","","","",""
"","","","","","","","","","","","","","","","CO","Carbon Monoxide","1995-10-01 10:00:00","1998-05-10 00:00:00"
"","","","","","","","","","","","","","","","NO2","Nitrogen Dioxide","1994-05-13 01:00:00","2007-03-14 00:00:00"
"","","","","","","","","","","","","","","","PM10","PM10 Particulate","1994-05-13 01:00:00","2007-03-14 00:00:00"
"20","Kensington and Chelsea","KC2","Kensington and Chelsea - Cromwell Road","Roadside","2017-10-27 00:00:00","1998-05-10 20:00:00","51.49550391","-0.178809464","6709415.12178","-19904.9784815","Kensington and Chelsea","King's College London","http://www.londonair.org.uk/london/asp/publicdetails.asp?site=KC2","[{""@SpeciesCode"": ""CO"", ""@SpeciesDescription"": ""Carbon Monoxide"", ""@DateMeasurementStarted"": ""2007-12-01 00:00:00"", ""@DateMeasurementFinished"": ""2013-01-10 00:00:00""}, {""@SpeciesCode"": ""NO2"", ""@SpeciesDescription"": ""Nitrogen Dioxide"", ""@DateMeasurementStarted"": ""2007-12-01 00:00:00"", ""@DateMeasurementFinished"": ""2017-10-27 00:00:00""}, {""@SpeciesCode"": ""PM10"", ""@SpeciesDescription"": ""PM10 Particulate"", ""@DateMeasurementStarted"": ""2009-08-10 00:00:00"", ""@DateMeasurementFinished"": ""2017-10-27 00:00:00""}, {""@SpeciesCode"": ""PM25"", ""@SpeciesDescription"": ""PM2.5 Particulate"", ""@DateMeasurementStarted"": ""2009-08-04 00:00:00"", ""@DateMeasurementFinished"": ""2017-10-27 00:00:00""}, {""@SpeciesCode"": ""SO2"", ""@SpeciesDescription"": ""Sulphur Dioxide"", ""@DateMeasurementStarted"": ""2007-12-01 00:00:00"", ""@DateMeasurementFinished"": ""2013-01-10 00:00:00""}]","","","",""
"","","","","","","","","","","","","","","","CO","Carbon Monoxide","2007-12-01 00:00:00","2013-01-10 00:00:00"
"","","","","","","","","","","","","","","","NO2","Nitrogen Dioxide","2007-12-01 00:00:00","2017-10-27 00:00:00"
"","","","","","","","","","","","","","","","PM10","PM10 Particulate","2009-08-10 00:00:00","2017-10-27 00:00:00"
"","","","","","","","","","","","","","","","PM25","PM2.5 Particulate","2009-08-04 00:00:00","2017-10-27 00:00:00"
"","","","","","","","","","","","","","","","SO2","Sulphur Dioxide","2007-12-01 00:00:00","2013-01-10 00:00:00"
"20","Kensington and Chelsea","KC5","Kensington and Chelsea - Earls Court Rd","Kerbside","2017-10-27 00:00:00","2002-05-01 00:00:00","51.49019756","-0.190863311","6708466.37696","-21246.8065916","Kensington and Chelsea","King's College London","http://www.londonair.org.uk/london/asp/publicdetails.asp?site=KC5","[{""@SpeciesCode"": ""NO2"", ""@SpeciesDescription"": ""Nitrogen Dioxide"", ""@DateMeasurementStarted"": ""2008-03-27 10:00:00"", ""@DateMeasurementFinished"": ""2017-10-27 00:00:00""}, {""@SpeciesCode"": ""PM10"", ""@SpeciesDescription"": ""PM10 Particulate"", ""@DateMeasurementStarted"": ""2002-04-29 15:00:00"", ""@DateMeasurementFinished"": ""2017-10-27 00:00:00""}]","","","",""
"","","","","","","","","","","","","","","","NO2","Nitrogen Dioxide","2008-03-27 10:00:00","2017-10-27 00:00:00"
"","","","","","","","","","","","","","","","PM10","PM10 Particulate","2002-04-29 15:00:00","2017-10-27 00:00:00"
"20","Kensington and Chelsea","KG2","Kensington and Chelsea - Green Screen BG","Urban Background","2014-10-31 00:00:00","2013-10-30 00:00:00","51.4894131144322","-0.193640886158949","","","Kensington and Chelsea","King's College London","http://www.londonair.org.uk/london/asp/publicdetails.asp?site=KG2","{""@SpeciesCode"": ""NO2"", ""@SpeciesDescription"": ""Nitrogen Dioxide"", ""@DateMeasurementStarted"": ""2013-10-29 11:30:00"", ""@DateMeasurementFinished"": ""2014-10-31 00:00:00""}","","","",""
"","","","","","","","","","","","","","","","NO2","Nitrogen Dioxide","2013-10-29 11:30:00","2014-10-31 00:00:00"
"20","Kensington and Chelsea","KG1","Kensington and Chelsea - Green Screen RS","Roadside","2014-10-31 00:00:00","2013-10-30 00:00:00","51.4894131144322","-0.193640886158949","","","Kensington and Chelsea","King's College London","http://www.londonair.org.uk/london/asp/publicdetails.asp?site=KG1","{""@SpeciesCode"": ""NO2"", ""@SpeciesDescription"": ""Nitrogen Dioxide"", ""@DateMeasurementStarted"": ""2013-10-29 11:30:00"", ""@DateMeasurementFinished"": ""2014-10-31 00:00:00""}","","","",""
"20","Kensington and Chelsea","KC4","Kensington and Chelsea - Kings Road","Roadside","2017-10-26 00:00:00","2000-09-27 14:15:00","51.48743685","-0.168397129","6707972.82158","-18745.8826513","Kensington and Chelsea","King's College London","http://www.londonair.org.uk/london/asp/publicdetails.asp?site=KC4","{""@SpeciesCode"": ""NO2"", ""@SpeciesDescription"": ""Nitrogen Dioxide"", ""@DateMeasurementStarted"": ""2008-01-01 00:00:00"", ""@DateMeasurementFinished"": ""2017-10-26 00:00:00""}","","","",""
"","","","","","","","","","","","","","","","NO2","Nitrogen Dioxide","2008-01-01 00:00:00","2017-10-26 00:00:00"
"20","Kensington and Chelsea","KC3","Kensington and Chelsea - Knightsbridge","Roadside","2017-10-26 00:00:00","2000-03-28 11:30:00","51.49913951","-0.164337605","6710065.20988","-18293.9785068","Kensington and Chelsea","King's College London","http://www.londonair.org.uk/london/asp/publicdetails.asp?site=KC3","{""@SpeciesCode"": ""NO2"", ""@SpeciesDescription"": ""Nitrogen Dioxide"", ""@DateMeasurementStarted"": ""2008-01-01 00:00:00"", ""@DateMeasurementFinished"": ""2017-10-26 00:00:00""}","","","",""
"20","Kensington and Chelsea","KC1","Kensington and Chelsea - North Ken","Urban Background","","1995-03-17 00:00:00","51.5210467476039","-0.213492139585065","6713983.58013","-23765.836267","Kensington and Chelsea","King's College London","http://www.londonair.org.uk/london/asp/publicdetails.asp?site=KC1","[{""@SpeciesCode"": ""CO"", ""@SpeciesDescription"": ""Carbon Monoxide"", ""@DateMeasurementStarted"": ""1995-10-13 10:00:00"", ""@DateMeasurementFinished"": """"}, {""@SpeciesCode"": ""NO2"", ""@SpeciesDescription"": ""Nitrogen Dioxide"", ""@DateMeasurementStarted"": ""2001-11-28 15:00:00"", ""@DateMeasurementFinished"": """"}, {""@SpeciesCode"": ""O3"", ""@SpeciesDescription"": ""Ozone"", ""@DateMeasurementStarted"": ""1995-10-01 00:00:00"", ""@DateMeasurementFinished"": """"}, {""@SpeciesCode"": ""PM10"", ""@SpeciesDescription"": ""PM10 Particulate"", ""@DateMeasurementStarted"": ""1995-03-17 00:00:00"", ""@DateMeasurementFinished"": ""2018-01-01 00:00:00""}, {""@SpeciesCode"": ""PM25"", ""@SpeciesDescription"": ""PM2.5 Particulate"", ""@DateMeasurementStarted"": ""2008-12-17 00:00:00"", ""@DateMeasurementFinished"": ""2018-01-01 00:00:00""}, {""@SpeciesCode"": ""SO2"", ""@SpeciesDescription"": ""Sulphur Dioxide"", ""@DateMeasurementStarted"": ""1995-10-01 00:00:00"", ""@DateMeasurementFinished"": """"}]","","","",""
"","","","","","","","","","","","","","","","CO","Carbon Monoxide","1995-10-13 10:00:00",""
"","","","","","","","","","","","","","","","NO2","Nitrogen Dioxide","2001-11-28 15:00:00",""
"","","","","","","","","","","","","","","","O3","Ozone","1995-10-01 00:00:00",""
"","","","","","","","","","","","","","","","PM10","PM10 Particulate","1995-03-17 00:00:00","2018-01-01 00:00:00"
"","","","","","","","","","","","","","","","PM25","PM2.5 Particulate","2008-12-17 00:00:00","2018-01-01 00:00:00"
"20","Kensington and Chelsea","KC7","Kensington and Chelsea - North Ken FDMS","Urban Background","2018-03-01 00:00:00","2003-11-21 00:00:00","51.5210467476039","-0.213492139585065","6713986.93682","-23760.7189562","Kensington and Chelsea","King's College London","http://www.londonair.org.uk/london/asp/publicdetails.asp?site=KC7","{""@SpeciesCode"": ""PM10"", ""@SpeciesDescription"": ""PM10 Particulate"", ""@DateMeasurementStarted"": ""2003-01-01 00:00:00"", ""@DateMeasurementFinished"": ""2018-03-01 00:00:00""}","","","",""
"","","","","","","","","","","","","","","","PM10","PM10 Particulate","2003-01-01 00:00:00","2018-03-01 00:00:00"
"20","Kensington and Chelsea","KF1","Kensington and Chelsea - North Ken FIDAS","Urban Background","","2017-02-20 00:00:00","51.5210467476039","-0.213492139585065","6714219.73046","-17221.1247886","Kensington and Chelsea","King's College London","http://www.londonair.org.uk/london/asp/publicdetails.asp?site=KF1","[{""@SpeciesCode"": ""PM10"", ""@SpeciesDescription"": ""PM10 Particulate"", ""@DateMeasurementStarted"": ""2017-07-20 15:00:00"", ""@DateMeasurementFinished"": """"}, {""@SpeciesCode"": ""PM25"", ""@SpeciesDescription"": ""PM2.5 Particulate"", ""@DateMeasurementStarted"": ""2017-07-20 15:00:00"", ""@DateMeasurementFinished"": """"}]","","","",""
"","","","","","","","","","","","","","","","PM10","PM10 Particulate","2017-07-20 15:00:00",""
"","","","","","","","","","","","","","","","PM25","PM2.5 Particulate","2017-07-20 15:00:00",""
"20","Kensington and Chelsea","WE0","Kensington and Chelsea - Pembroke Road","Urban Background","2007-09-30 00:00:00","1987-01-01 00:00:00","51.4942847451596","-0.199340350918702","6709197.13236","-22190.4663588","Kensington and Chelsea","King's College London","http://www.londonair.org.uk/london/asp/publicdetails.asp?site=WE0","[{""@SpeciesCode"": ""CO"", ""@SpeciesDescription"": ""Carbon Monoxide"", ""@DateMeasurementStarted"": ""1987-01-01 00:00:00"", ""@DateMeasurementFinished"": ""2007-09-30 00:00:00""}, {""@SpeciesCode"": ""NO2"", ""@SpeciesDescription"": ""Nitrogen Dioxide"", ""@DateMeasurementStarted"": ""1987-01-01 00:00:00"", ""@DateMeasurementFinished"": ""2007-09-30 00:00:00""}]","","","",""
"","","","","","","","","","","","","","","","CO","Carbon Monoxide","1987-01-01 00:00:00","2007-09-30 00:00:00"
"","","","","","","","","","","","","","","","NO2","Nitrogen Dioxide","1987-01-01 00:00:00","2007-09-30 00:00:00"
"20","Kensington and Chelsea","GT1","Kensington and Chelsea - Station Walk","Urban Background","","2025-06-24 00:00:00","51.5140519844289","-0.216532947379263","","","Kensington and Chelsea","King's College London","http://www.londonair.org.uk/london/asp/publicdetails.asp?site=GT1","[{""@SpeciesCode"": ""NO2"", ""@SpeciesDescription"": ""Nitrogen Dioxide"", ""@DateMeasurementStarted"": ""2025-06-24 13:00:00"", ""@DateMeasurementFinished"": """"}, {""@SpeciesCode"": ""PM10"", ""@SpeciesDescription"": ""PM10 Particulate"", ""@DateMeasurementStarted"": ""2025-06-24 00:00:00"", ""@DateMeasurementFinished"": """"}, {""@SpeciesCode"": ""PM25"", ""@SpeciesDescription"": ""PM2.5 Particulate"", ""@DateMeasurementStarted"": ""2025-06-24 00:00:00"", ""@DateMeasurementFinished"": """"}]","","","",""
"","","","","","","","","","","","","","","","NO2","Nitrogen Dioxide","2025-06-24 13:00:00",""
"","","","","","","","","","","","","","","","PM10","PM10 Particulate","2025-06-24 00:00:00",""
"","","","","","","","","","","","","","","","PM25","PM2.5 Particulate","2025-06-24 00:00:00",""
"21","Kingston","KT1","Kingston - Chessington","Suburban","2008-07-07 12:00:00","1996-01-24 14:00:00","51.3566466913867","-0.316770841962737","6684624.52196","-35262.7688254","Kingston","King's College London","http://www.londonair.org.uk/london/asp/publicdetails.asp?site=KT1","{""@SpeciesCode"": ""O3"", ""@SpeciesDescription"": ""Ozone"", ""@DateMeasurementStarted"": ""1996-01-01 00:00:00"", ""@DateMeasurementFinished"": ""2008-07-07 12:00:00""}","","","",""
"","","","","","","","","","","","","","","","O3","Ozone","1996-01-01 00:00:00","2008-07-07 12:00:00"
"21","Kingston","A30","Kingston - Kingston Bypass A3","Roadside","2007-09-30 00:00:00","1997-03-20 00:00:00","51.373553348648","-0.291969827871431","6687638.8951","-32501.9325656","Kingston","King's College London","http://www.londonair.org.uk/london/asp/publicdetails.asp?site=A30","[{""@SpeciesCode"": ""CO"", ""@SpeciesDescription"": ""Carbon Monoxide"", ""@DateMeasurementStarted"": ""1997-03-20 00:00:00"", ""@DateMeasurementFinished"": ""2007-09-30 00:00:00""}, {""@SpeciesCode"": ""NO2"", ""@SpeciesDescription"": ""Nitrogen Dioxide"", ""@DateMeasurementStarted"": ""1997-03-20 00:00:00"", ""@DateMeasurementFinished"": ""2007-09-30 00:00:00""}, {""@SpeciesCode"": ""PM10"", ""@SpeciesDescription"": ""PM10 Particulate"", ""@DateMeasurementStarted"": ""1997-03-20 00:00:00"", ""@DateMeasurementFinished"": ""2007-09-30 00:00:00""}]","","","",""
"","","","","","","","","","","","","","","","CO","Carbon Monoxide","1997-03-20 00:00:00","2007-09-30 00:00:00"
"","","","","","","","","","","","","","","","NO2","Nitrogen Dioxide","1997-03-20 00:00:00","2007-09-30 00:00:00"
"","","","","","","","","","","","","","","","PM10","PM10 Particulate","1997-03-20 00:00:00","2007-09-30 00:00:00"
"21","Kingston","KT2","Kingston - Town Centre","Roadside","2000-06-23 08:45:00","1996-04-26 06:00:00","51.4144307605309","-0.301706822060131","6694931.73731","-33585.8498006","Kingston","King's College London","http://www.londonair.org.uk/london/asp/publicdetails.asp?site=KT2","[{""@SpeciesCode"": ""NO2"", ""@SpeciesDescription"": ""Nitrogen Dioxide"", ""@DateMeasurementStarted"": ""1996-04-26 06:00:00"", ""@DateMeasurementFinished"": ""2000-06-23 08:45:00""}, {""@SpeciesCode"": ""PM10"", ""@SpeciesDescription"": ""PM10 Particulate"", ""@DateMeasurementStarted"": ""1996-04-26 06:00:00"", ""@DateMeasurementFinished"": ""2000-06-23 08:45:00""}]","","","",""
"","","","","","","","","","","","","","","","NO2","Nitrogen Dioxide","1996-04-26 06:00:00","2000-06-23 08:45:00"
"","","","","","","","","","","","","","","","PM10","PM10 Particulate","1996-04-26 06:00:00","2000-06-23 08:45:00"
"21","Kingston","KT5","Kingston Upon Thames - Cromwell Road","Roadside","2024-06-19 00:00:00","2018-03-12 00:00:00","51.412308","-0.29658478","6694552.86016453","-33015.6666866351","Kingston","King's College London","http://www.londonair.org.uk/london/asp/publicdetails.asp?site=KT5","[{""@SpeciesCode"": ""NO2"", ""@SpeciesDescription"": ""Nitrogen Dioxide"", ""@DateMeasurementStarted"": ""2018-04-05 12:15:00"", ""@DateMeasurementFinished"": ""2024-06-19 00:00:00""}, {""@SpeciesCode"": ""PM10"", ""@SpeciesDescription"": ""PM10 Particulate"", ""@DateMeasurementStarted"": ""2018-04-05 00:00:00"", ""@DateMeasurementFinished"": ""2024-06-19 00:00:00""}]","","","",""
"","","","","","","","","","","","","","","","NO2","Nitrogen Dioxide","2018-04-05 12:15:00","2024-06-19 00:00:00"
"","","","","","","","","","","","","","","","PM10","PM10 Particulate","2018-04-05 00:00:00","2024-06-19 00:00:00"
"21","Kingston","KT6","Kingston Upon Thames - Kingston Vale","Roadside","2024-06-19 00:00:00","2018-03-12 00:00:00","51.4355006647773","-0.257029893767993","6698693.31606622","-28612.4368929022","Kingston","King's College London","http://www.londonair.org.uk/london/asp/publicdetails.asp?site=KT6","[{""@SpeciesCode"": ""NO2"", ""@SpeciesDescription"": ""Nitrogen Dioxide"", ""@DateMeasurementStarted"": ""2018-03-12 11:15:00"", ""@DateMeasurementFinished"": ""2024-06-19 00:00:00""}, {""@SpeciesCode"": ""PM10"", ""@SpeciesDescription"": ""PM10 Particulate"", ""@DateMeasurementStarted"": ""2018-03-12 12:00:00"", ""@DateMeasurementFinished"": ""2024-06-19 00:00:00""}]","","","",""
"","","","","","","","","","","","","","","","NO2","Nitrogen Dioxide","2018-03-12 11:15:00","2024-06-19 00:00:00"
"","","","","","","","","","","","","","","","PM10","PM10 Particulate","2018-03-12 12:00:00","2024-06-19 00:00:00"
"21","Kingston","KT3","Kingston Upon Thames - Sopwith Way","Roadside","2016-07-13 00:00:00","2015-03-10 00:00:00","51.413691","-0.302269","6694799.70046663","-33648.431162592","Kingston","King's College London","http://www.londonair.org.uk/london/asp/publicdetails.asp?site=KT3","[{""@SpeciesCode"": ""NO2"", ""@SpeciesDescription"": ""Nitrogen Dioxide"", ""@DateMeasurementStarted"": ""2015-03-10 13:15:00"", ""@DateMeasurementFinished"": ""2016-07-13 00:00:00""}, {""@SpeciesCode"": ""PM10"", ""@SpeciesDescription"": ""PM10 Particulate"", ""@DateMeasurementStarted"": ""2015-01-01 00:00:00"", ""@DateMeasurementFinished"": ""2016-07-13 00:00:00""}]","","","",""
"","","","","","","","","","","","","","","","NO2","Nitrogen Dioxide","2015-03-10 13:15:00","2016-07-13 00:00:00"
"","","","","","","","","","","","","","","","PM10","PM10 Particulate","2015-01-01 00:00:00","2016-07-13 00:00:00"
"21","Kingston","KT4","Kingston Upon Thames - Tolworth Broadway","Roadside","2024-06-20 00:00:00","2015-04-13 00:00:00","51.379312","-0.281259","6688665.88821522","-31309.6086610253","Kingston","King's College London","http://www.londonair.org.uk/london/asp/publicdetails.asp?site=KT4","[{""@SpeciesCode"": ""NO2"", ""@SpeciesDescription"": ""Nitrogen Dioxide"", ""@DateMeasurementStarted"": ""2015-04-17 07:15:00"", ""@DateMeasurementFinished"": ""2024-06-20 00:00:00""}, {""@SpeciesCode"": ""PM10"", ""@SpeciesDescription"": ""PM10 Particulate"", ""@DateMeasurementStarted"": ""2015-01-01 00:00:00"", ""@DateMeasurementFinished"": ""2022-05-23 00:00:00""}, {""@SpeciesCode"": ""PM25"", ""@SpeciesDescription"": ""PM2.5 Particulate"", ""@DateMeasurementStarted"": ""2022-05-18 11:00:00"", ""@DateMeasurementFinished"": ""2024-06-20 00:00:00""}]","","","",""
"","","","","","","","","","","","","","","","NO2","Nitrogen Dioxide","2015-04-17 07:15:00","2024-06-20 00:00:00"
"","","","","","","","","","","","","","","","PM10","PM10 Particulate","2015-01-01 00:00:00","2022-05-23 00:00:00"
"","","","","","","","","","","","","","","","PM25","PM2.5 Particulate","2022-05-18 11:00:00","2024-06-20 00:00:00"
"22","Lambeth","LB5","Lambeth - Bondway Interchange","Industrial","","2005-02-01 00:00:00","51.4854867739729","-0.124545234819213","6707629.96897","-13860.2784792","Lambeth","King's College London","http://www.londonair.org.uk/london/asp/publicdetails.asp?site=LB5","[{""@SpeciesCode"": ""NO2"", ""@SpeciesDescription"": ""Nitrogen Dioxide"", ""@DateMeasurementStarted"": ""2013-11-25 15:30:00"", ""@DateMeasurementFinished"": """"}, {""@SpeciesCode"": ""PM10"", ""@SpeciesDescription"": ""PM10 Particulate"", ""@DateMeasurementStarted"": ""2015-01-01 00:00:00"", ""@DateMeasurementFinished"": """"}, {""@SpeciesCode"": ""SO2"", ""@SpeciesDescription"": ""Sulphur Dioxide"", ""@DateMeasurementStarted"": ""2005-02-01 00:00:00"", ""@DateMeasurementFinished"": """"}]","","","",""
"","","","","","","","","","","","","","","","NO2","Nitrogen Dioxide","2013-11-25 15:30:00",""
"","","","","","","","","","","","","","","","PM10","PM10 Particulate","2015-01-01 00:00:00",""
"","","","","","","","","","","","","","","","SO2","Sulphur Dioxide","2005-02-01 00:00:00",""
"22","Lambeth","LB4","Lambeth - Brixton Road","Kerbside","","2003-12-18 00:00:00","51.464113541162","-0.11458102695123","6703810.46654","-12751.5363509","Lambeth","King's College London","http://www.londonair.org.uk/london/asp/publicdetails.asp?site=LB4","[{""@SpeciesCode"": ""NO2"", ""@SpeciesDescription"": ""Nitrogen Dioxide"", ""@DateMeasurementStarted"": ""2003-12-20 00:00:00"", ""@DateMeasurementFinished"": """"}, {""@SpeciesCode"": ""PM10"", ""@SpeciesDescription"": ""PM10 Particulate"", ""@DateMeasurementStarted"": ""2015-01-01 00:00:00"", ""@DateMeasurementFinished"": """"}, {""@SpeciesCode"": ""PM25"", ""@SpeciesDescription"": ""PM2.5 Particulate"", ""@DateMeasurementStarted"": ""2022-01-28 13:00:00"", ""@DateMeasurementFinished"": """"}, {""@SpeciesCode"": ""SO2"", ""@SpeciesDescription"": ""Sulphur Dioxide"", ""@DateMeasurementStarted"": ""2003-12-20 00:00:00"", ""@DateMeasurementFinished"": ""2014-12-10 00:00:00""}]","","","",""
"","","","","","","","","","","","","","","","NO2","Nitrogen Dioxide","2003-12-20 00:00:00",""
"","","","","","","","","","","","","","","","PM25","PM2.5 Particulate","2022-01-28 13:00:00",""
"","","","","","","","","","","","","","","","SO2","Sulphur Dioxide","2003-12-20 00:00:00","2014-12-10 00:00:00"
"22","Lambeth","LB1","Lambeth - Christchurch Road","Roadside","2010-12-02 00:00:00","2000-09-24 09:00:00","51.444249","-0.121731","6700255.65312","-13551.0329338","Lambeth","King's College London","http://www.londonair.org.uk/london/asp/publicdetails.asp?site=LB1","[{""@SpeciesCode"": ""NO2"", ""@SpeciesDescription"": ""Nitrogen Dioxide"", ""@DateMeasurementStarted"": ""2000-09-24 09:00:00"", ""@DateMeasurementFinished"": ""2010-12-02 00:00:00""}, {""@SpeciesCode"": ""PM10"", ""@SpeciesDescription"": ""PM10 Particulate"", ""@DateMeasurementStarted"": ""2000-09-24 09:00:00"", ""@DateMeasurementFinished"": ""2010-12-02 00:00:00""}, {""@SpeciesCode"": ""SO2"", ""@SpeciesDescription"": ""Sulphur Dioxide"", ""@DateMeasurementStarted"": ""2000-09-24 00:00:00"", ""@DateMeasurementFinished"": ""2010-12-02 00:00:00""}]","","","",""
"","","","","","","","","","","","","","","","NO2","Nitrogen Dioxide","2000-09-24 09:00:00","2010-12-02 00:00:00"
"","","","","","","","","","","","","","","","PM10","PM10 Particulate","2000-09-24 09:00:00","2010-12-02 00:00:00"
"","","","","","","","","","","","","","","","SO2","Sulphur Dioxide","2000-09-24 00:00:00","2010-12-02 00:00:00"
"22","Lambeth","LB3","Lambeth - Loughborough Junct","Urban Background","2010-12-20 00:00:00","2001-12-19 11:00:00","51.464866","-0.099161","6703938.76106","-11038.5520266","Lambeth","King's College London","http://www.londonair.org.uk/london/asp/publicdetails.asp?site=LB3","[{""@SpeciesCode"": ""NO2"", ""@SpeciesDescription"": ""Nitrogen Dioxide"", ""@DateMeasurementStarted"": ""2001-12-19 11:00:00"", ""@DateMeasurementFinished"": ""2010-12-20 00:00:00""}, {""@SpeciesCode"": ""PM10"", ""@SpeciesDescription"": ""PM10 Particulate"", ""@DateMeasurementStarted"": ""2001-12-19 11:00:00"", ""@DateMeasurementFinished"": ""2010-12-20 00:00:00""}, {""@SpeciesCode"": ""SO2"", ""@SpeciesDescription"": ""Sulphur Dioxide"", ""@DateMeasurementStarted"": ""2001-12-19 00:00:00"", ""@DateMeasurementFinished"": ""2010-12-20 00:00:00""}]","","","",""
"","","","","","","","","","","","","","","","NO2","Nitrogen Dioxide","2001-12-19 11:00:00","2010-12-20 00:00:00"
"","","","","","","","","","","","","","","","PM10","PM10 Particulate","2001-12-19 11:00:00","2010-12-20 00:00:00"
"","","","","","","","","","","","","","","","SO2","Sulphur Dioxide","2001-12-19 00:00:00","2010-12-20 00:00:00"
"22","Lambeth","LB6","Lambeth - Streatham Green","Urban Background","","2009-08-17 00:00:00","51.4282131429499","-0.13186863879576","6697392.0894","-14679.5497223","Lambeth","King's College London","http://www.londonair.org.uk/london/asp/publicdetails.asp?site=LB6","[{""@SpeciesCode"": ""NO2"", ""@SpeciesDescription"": ""Nitrogen Dioxide"", ""@DateMeasurementStarted"": ""2009-08-17 00:00:00"", ""@DateMeasurementFinished"": """"}, {""@SpeciesCode"": ""PM10"", ""@SpeciesDescription"": ""PM10 Particulate"", ""@DateMeasurementStarted"": ""2015-01-01 00:00:00"", ""@DateMeasurementFinished"": """"}]","","","",""
"","","","","","","","","","","","","","","","NO2","Nitrogen Dioxide","2009-08-17 00:00:00",""
"22","Lambeth","LB2","Lambeth - Vauxhall Cross","Roadside","2003-07-01 00:00:00","2001-12-19 15:00:00","51.4849123099475","-0.125173736606014","6707521.51445","-13934.2766197","Lambeth","King's College London","http://www.londonair.org.uk/london/asp/publicdetails.asp?site=LB2","[{""@SpeciesCode"": ""NO2"", ""@SpeciesDescription"": ""Nitrogen Dioxide"", ""@DateMeasurementStarted"": ""2001-12-19 15:00:00"", ""@DateMeasurementFinished"": ""2003-07-01 00:00:00""}, {""@SpeciesCode"": ""PM10"", ""@SpeciesDescription"": ""PM10 Particulate"", ""@DateMeasurementStarted"": ""2001-12-19 15:00:00"", ""@DateMeasurementFinished"": ""2003-07-01 00:00:00""}, {""@SpeciesCode"": ""SO2"", ""@SpeciesDescription"": ""Sulphur Dioxide"", ""@DateMeasurementStarted"": ""2001-12-19 00:00:00"", ""@DateMeasurementFinished"": ""2003-07-01 00:00:00""}]","","","",""
"","","","","","","","","","","","","","","","NO2","Nitrogen Dioxide","2001-12-19 15:00:00","2003-07-01 00:00:00"
"","","","","","","","","","","","","","","","PM10","PM10 Particulate","2001-12-19 15:00:00","2003-07-01 00:00:00"
"","","","","","","","","","","","","","","","SO2","Sulphur Dioxide","2001-12-19 00:00:00","2003-07-01 00:00:00"
"32","Wandsworth","WAC","Lavender Hill","Roadside","","2016-04-14 00:00:00","51.4636903568111","-0.166713485994806","6703728.69446334","-18558.4603693134","Wandsworth","King's College London","http://www.londonair.org.uk/london/asp/publicdetails.asp?site=WAC","[{""@SpeciesCode"": ""NO2"", ""@SpeciesDescription"": ""Nitrogen Dioxide"", ""@DateMeasurementStarted"": ""2016-04-12 00:00:00"", ""@DateMeasurementFinished"": """"}, {""@SpeciesCode"": ""PM10"", ""@SpeciesDescription"": ""PM10 Particulate"", ""@DateMeasurementStarted"": ""2016-04-14 00:00:00"", ""@DateMeasurementFinished"": """"}, {""@SpeciesCode"": ""PM25"", ""@SpeciesDescription"": ""PM2.5 Particulate"", ""@DateMeasurementStarted"": ""2024-11-07 00:00:00"", ""@DateMeasurementFinished"": """"}]","","","",""
"","","","","","","","","","","","","","","","NO2","Nitrogen Dioxide","2016-04-12 00:00:00",""
"","","","","","","","","","","","","","","","PM10","PM10 Particulate","2016-04-14 00:00:00",""
"","","","","","","","","","","","","","","","PM25","PM2.5 Particulate","2024-11-07 00:00:00",""
"23","Lewisham","LW1","Lewisham - Catford","Urban Background","2021-11-03 00:00:00","1996-08-02 15:00:00","51.445468","-0.020266","6700473.37417","-2256.00080042","Lewisham","King's College London","http://www.londonair.org.uk/london/asp/publicdetails.asp?site=LW1","[{""@SpeciesCode"": ""NO2"", ""@SpeciesDescription"": ""Nitrogen Dioxide"", ""@DateMeasurementStarted"": ""1996-01-01 00:00:00"", ""@DateMeasurementFinished"": ""2021-11-03 00:00:00""}, {""@SpeciesCode"": ""O3"", ""@SpeciesDescription"": ""Ozone"", ""@DateMeasurementStarted"": ""1996-01-01 00:00:00"", ""@DateMeasurementFinished"": ""2019-08-28 00:00:00""}, {""@SpeciesCode"": ""SO2"", ""@SpeciesDescription"": ""Sulphur Dioxide"", ""@DateMeasurementStarted"": ""1996-01-01 00:00:00"", ""@DateMeasurementFinished"": ""2016-10-19 00:00:00""}]","","","",""
"","","","","","","","","","","","","","","","NO2","Nitrogen Dioxide","1996-01-01 00:00:00","2021-11-03 00:00:00"
"","","","","","","","","","","","","","","","O3","Ozone","1996-01-01 00:00:00","2019-08-28 00:00:00"
"","","","","","","","","","","","","","","","SO2","Sulphur Dioxide","1996-01-01 00:00:00","2016-10-19 00:00:00"
"23","Lewisham","LW5","Lewisham - Deptford","Urban Background","2025-04-01 00:00:00","2019-09-20 00:00:00","51.4795312838203","-0.0252606031340197","6703907.50224776","-1788.70865141176","Lewisham","King's College London","http://www.londonair.org.uk/london/asp/publicdetails.asp?site=LW5","[{""@SpeciesCode"": ""NO2"", ""@SpeciesDescription"": ""Nitrogen Dioxide"", ""@DateMeasurementStarted"": ""2019-09-25 15:00:00"", ""@DateMeasurementFinished"": ""2025-04-01 00:00:00""}, {""@SpeciesCode"": ""PM25"", ""@SpeciesDescription"": ""PM2.5 Particulate"", ""@DateMeasurementStarted"": ""2019-09-25 15:00:00"", ""@DateMeasurementFinished"": ""2025-04-01 00:00:00""}]","","","",""
"","","","","","","","","","","","","","","","NO2","Nitrogen Dioxide","2019-09-25 15:00:00","2025-04-01 00:00:00"
"","","","","","","","","","","","","","","","PM25","PM2.5 Particulate","2019-09-25 15:00:00","2025-04-01 00:00:00"
"23","Lewisham","HP1","Lewisham - Honor Oak Park","Urban Background","","2018-11-27 00:00:00","51.4496728960354","-0.0374153592115306","","","Lewisham","King's College London","http://www.londonair.org.uk/london/asp/publicdetails.asp?site=HP1","[{""@SpeciesCode"": ""NO2"", ""@SpeciesDescription"": ""Nitrogen Dioxide"", ""@DateMeasurementStarted"": ""2018-12-10 10:00:00"", ""@DateMeasurementFinished"": """"}, {""@SpeciesCode"": ""O3"", ""@SpeciesDescription"": ""Ozone"", ""@DateMeasurementStarted"": ""2018-12-10 10:00:00"", ""@DateMeasurementFinished"": """"}, {""@SpeciesCode"": ""PM10"", ""@SpeciesDescription"": ""PM10 Particulate"", ""@DateMeasurementStarted"": ""2017-07-20 15:00:00"", ""@DateMeasurementFinished"": """"}, {""@SpeciesCode"": ""PM25"", ""@SpeciesDescription"": ""PM2.5 Particulate"", ""@DateMeasurementStarted"": ""2017-07-20 15:00:00"", ""@DateMeasurementFinished"": """"}]","","","",""
"","","","","","","","","","","","","","","","NO2","Nitrogen Dioxide","2018-12-10 10:00:00",""
"","","","","","","","","","","","","","","","O3","Ozone","2018-12-10 10:00:00",""
"23","Lewisham","LW6","Lewisham - Laurence House Catford","Roadside","2025-04-01 00:00:00","2021-11-09 00:00:00","51.4447808","-0.0221832","6700350.63522365","-2469.42252816535","Lewisham","King's College London","http://www.londonair.org.uk/london/asp/publicdetails.asp?site=LW6","{""@SpeciesCode"": ""NO2"", ""@SpeciesDescription"": ""Nitrogen Dioxide"", ""@DateMeasurementStarted"": ""2021-11-09 00:00:00"", ""@DateMeasurementFinished"": ""2025-04-01 00:00:00""}","","","",""
"","","","","","","","","","","","","","","","NO2","Nitrogen Dioxide","2021-11-09 00:00:00","2025-04-01 00:00:00"
"23","Lewisham","LW4","Lewisham - Loampit Vale","Roadside","2025-04-01 00:00:00","2012-07-10 00:00:00","51.4646910611736","-0.0160682432041527","6703907.50224776","-1788.70865141176","Lewisham","King's College London","http://www.londonair.org.uk/london/asp/publicdetails.asp?site=LW4","[{""@SpeciesCode"": ""NO2"", ""@SpeciesDescription"": ""Nitrogen Dioxide"", ""@DateMeasurementStarted"": ""2012-08-23 08:00:00"", ""@DateMeasurementFinished"": ""2025-04-01 00:00:00""}, {""@SpeciesCode"": ""PM10"", ""@SpeciesDescription"": ""PM10 Particulate"", ""@DateMeasurementStarted"": ""2016-05-05 11:00:00"", ""@DateMeasurementFinished"": ""2025-04-01 00:00:00""}]","","","",""
"","","","","","","","","","","","","","","","NO2","Nitrogen Dioxide","2012-08-23 08:00:00","2025-04-01 00:00:00"
"","","","","","","","","","","","","","","","PM10","PM10 Particulate","2016-05-05 11:00:00","2025-04-01 00:00:00"
"23","Lewisham","LW3","Lewisham - Mercury Way","Industrial","2016-02-03 00:00:00","2010-01-01 00:00:00","51.4811412184719","-0.0456708566668043","6706847.41027","-5084.05650824","Lewisham","King's College London","http://www.londonair.org.uk/london/asp/publicdetails.asp?site=LW3","{""@SpeciesCode"": ""PM10"", ""@SpeciesDescription"": ""PM10 Particulate"", ""@DateMeasurementStarted"": ""2015-01-01 00:00:00"", ""@DateMeasurementFinished"": ""2016-02-03 00:00:00""}","","","",""
"","","","","","","","","","","","","","","","PM10","PM10 Particulate","2015-01-01 00:00:00","2016-02-03 00:00:00"
"23","Lewisham","LW2","Lewisham - New Cross","Roadside","2025-04-01 00:00:00","2002-03-31 13:45:00","51.474954","-0.039641","6705741.5303","-4412.81593454","Lewisham","King's College London","http://www.londonair.org.uk/london/asp/publicdetails.asp?site=LW2","[{""@SpeciesCode"": ""NO2"", ""@SpeciesDescription"": ""Nitrogen Dioxide"", ""@DateMeasurementStarted"": ""2002-04-01 00:00:00"", ""@DateMeasurementFinished"": ""2025-04-01 00:00:00""}, {""@SpeciesCode"": ""PM10"", ""@SpeciesDescription"": ""PM10 Particulate"", ""@DateMeasurementStarted"": ""2012-04-11 12:00:00"", ""@DateMeasurementFinished"": ""2025-04-01 00:00:00""}, {""@SpeciesCode"": ""PM25"", ""@SpeciesDescription"": ""PM2.5 Particulate"", ""@DateMeasurementStarted"": ""2012-04-11 12:00:00"", ""@DateMeasurementFinished"": ""2025-04-01 00:00:00""}, {""@SpeciesCode"": ""SO2"", ""@SpeciesDescription"": ""Sulphur Dioxide"", ""@DateMeasurementStarted"": ""2002-04-01 00:00:00"", ""@DateMeasurementFinished"": ""2016-10-14 00:00:00""}]","","","",""
"","","","","","","","","","","","","","","","NO2","Nitrogen Dioxide","2002-04-01 00:00:00","2025-04-01 00:00:00"
"","","","","","","","","","","","","","","","PM10","PM10 Particulate","2012-04-11 12:00:00","2025-04-01 00:00:00"
"","","","","","","","","","","","","","","","PM25","PM2.5 Particulate","2012-04-11 12:00:00","2025-04-01 00:00:00"
"","","","","","","","","","","","","","","","SO2","Sulphur Dioxide","2002-04-01 00:00:00","2016-10-14 00:00:00"
"27","Richmond","TD5","London Teddington Bushy Park ","Suburban","","2004-11-15 00:00:00","51.4252560360937","-0.345608290872898","6696694.23761","-38484.7706099","Richmond","King's College London","http://www.londonair.org.uk/london/asp/publicdetails.asp?site=TD5","[{""@SpeciesCode"": ""PM10"", ""@SpeciesDescription"": ""PM10 Particulate"", ""@DateMeasurementStarted"": ""2004-11-15 00:00:00"", ""@DateMeasurementFinished"": """"}, {""@SpeciesCode"": ""PM25"", ""@SpeciesDescription"": ""PM2.5 Particulate"", ""@DateMeasurementStarted"": ""2013-07-01 00:00:00"", ""@DateMeasurementFinished"": """"}]","","","",""
"","","","","","","","","","","","","","","","PM10","PM10 Particulate","2004-11-15 00:00:00",""
"","","","","","","","","","","","","","","","PM25","PM2.5 Particulate","2013-07-01 00:00:00",""
"33","Westminster","MR8","Marylebone Road - BAM","Kerbside","","2012-01-11 00:00:00","51.5225093597419","-0.154622154656843","6714250.73471","-17208.8800817","Westminster","King's College London","http://www.londonair.org.uk/london/asp/publicdetails.asp?site=MR8","[{""@SpeciesCode"": ""NO2"", ""@SpeciesDescription"": ""Nitrogen Dioxide"", ""@DateMeasurementStarted"": ""2019-02-01 16:00:00"", ""@DateMeasurementFinished"": """"}, {""@SpeciesCode"": ""PM10"", ""@SpeciesDescription"": ""PM10 Particulate"", ""@DateMeasurementStarted"": ""2019-05-01 14:00:00"", ""@DateMeasurementFinished"": """"}, {""@SpeciesCode"": ""PM25"", ""@SpeciesDescription"": ""PM2.5 Particulate"", ""@DateMeasurementStarted"": ""2019-05-01 14:00:00"", ""@DateMeasurementFinished"": """"}]","","","",""
"","","","","","","","","","","","","","","","NO2","Nitrogen Dioxide","2019-02-01 16:00:00",""
"","","","","","","","","","","","","","","","PM10","PM10 Particulate","2019-05-01 14:00:00",""
"","","","","","","","","","","","","","","","PM25","PM2.5 Particulate","2019-05-01 14:00:00",""
"24","Merton","ME2","Merton - Merton Road","Roadside","","2011-06-29 00:00:00","51.4161384794862","-0.192230805042824","6695236.54926","-21399.0353321","Merton","King's College London","http://www.londonair.org.uk/london/asp/publicdetails.asp?site=ME2","[{""@SpeciesCode"": ""NO2"", ""@SpeciesDescription"": ""Nitrogen Dioxide"", ""@DateMeasurementStarted"": ""2025-04-07 12:15:00"", ""@DateMeasurementFinished"": """"}, {""@SpeciesCode"": ""PM10"", ""@SpeciesDescription"": ""PM10 Particulate"", ""@DateMeasurementStarted"": ""2011-06-29 00:00:00"", ""@DateMeasurementFinished"": """"}, {""@SpeciesCode"": ""PM25"", ""@SpeciesDescription"": ""PM2.5 Particulate"", ""@DateMeasurementStarted"": ""2025-03-18 00:00:00"", ""@DateMeasurementFinished"": """"}]","","","",""
"","","","","","","","","","","","","","","","NO2","Nitrogen Dioxide","2025-04-07 12:15:00",""
"","","","","","","","","","","","","","","","PM10","PM10 Particulate","2011-06-29 00:00:00",""
"","","","","","","","","","","","","","","","PM25","PM2.5 Particulate","2025-03-18 00:00:00",""
"24","Merton","MEA","Merton - Mitcham","Roadside","","2025-03-18 00:00:00","51.4055473441872","-0.164596893540707","6693346.314","-18322.842","Merton","King's College London","http://www.londonair.org.uk/london/asp/publicdetails.asp?site=MEA","[{""@SpeciesCode"": ""NO2"", ""@SpeciesDescription"": ""Nitrogen Dioxide"", ""@DateMeasurementStarted"": ""2025-04-08 12:00:00"", ""@DateMeasurementFinished"": """"}, {""@SpeciesCode"": ""PM25"", ""@SpeciesDescription"": ""PM2.5 Particulate"", ""@DateMeasurementStarted"": ""2025-04-08 00:00:00"", ""@DateMeasurementFinished"": """"}]","","","",""
"","","","","","","","","","","","","","","","NO2","Nitrogen Dioxide","2025-04-08 12:00:00",""
"","","","","","","","","","","","","","","","PM25","PM2.5 Particulate","2025-04-08 00:00:00",""
"24","Merton","ME1","Merton - Morden Civic Centre","Roadside","2017-01-27 00:00:00","2010-01-13 00:00:00","51.40105","-0.195929","6692543.79001","-21810.7165116","Merton","King's College London","http://www.londonair.org.uk/london/asp/publicdetails.asp?site=ME1","{""@SpeciesCode"": ""NO2"", ""@SpeciesDescription"": ""Nitrogen Dioxide"", ""@DateMeasurementStarted"": ""2009-01-13 00:00:00"", ""@DateMeasurementFinished"": ""2017-01-27 00:00:00""}","","","",""
"","","","","","","","","","","","","","","","NO2","Nitrogen Dioxide","2009-01-13 00:00:00","2017-01-27 00:00:00"
"24","Merton","ME9","Merton - Morden Civic Centre 2","Roadside","","2017-01-27 00:00:00","51.40162","-0.19589212","6692543.79001","-21810.7165116","Merton","King's College London","http://www.londonair.org.uk/london/asp/publicdetails.asp?site=ME9","{""@SpeciesCode"": ""NO2"", ""@SpeciesDescription"": ""Nitrogen Dioxide"", ""@DateMeasurementStarted"": ""2017-02-28 11:15:00"", ""@DateMeasurementFinished"": """"}","","","",""
"","","","","","","","","","","","","","","","NO2","Nitrogen Dioxide","2017-02-28 11:15:00",""
"24","Merton","MEB","Merton - Plough Lane Wimbledon","Roadside","","2025-03-26 00:00:00","51.4304273690564","-0.185811823620255","6697718.747","-20684.478","Merton","King's College London","http://www.londonair.org.uk/london/asp/publicdetails.asp?site=MEB","[{""@SpeciesCode"": ""NO2"", ""@SpeciesDescription"": ""Nitrogen Dioxide"", ""@DateMeasurementStarted"": ""2025-03-26 00:00:00"", ""@DateMeasurementFinished"": """"}, {""@SpeciesCode"": ""PM10"", ""@SpeciesDescription"": ""PM10 Particulate"", ""@DateMeasurementStarted"": ""2025-03-26 00:00:00"", ""@DateMeasurementFinished"": """"}, {""@SpeciesCode"": ""PM25"", ""@SpeciesDescription"": ""PM2.5 Particulate"", ""@DateMeasurementStarted"": ""2025-03-26 00:00:00"", ""@DateMeasurementFinished"": """"}]","","","",""
"","","","","","","","","","","","","","","","NO2","Nitrogen Dioxide","2025-03-26 00:00:00",""
"","","","","","","","","","","","","","","","PM10","PM10 Particulate","2025-03-26 00:00:00",""
"","","","","","","","","","","","","","","","PM25","PM2.5 Particulate","2025-03-26 00:00:00",""
"24","Merton","ME7","Merton - Willow Lane Industrial Estate","Industrial","2016-04-01 00:00:00","2015-08-05 00:00:00","51.3943415638","-0.165161044588","6691346.85700233","-18385.6433824213","Merton","King's College London","http://www.londonair.org.uk/london/asp/publicdetails.asp?site=ME7","[{""@SpeciesCode"": ""NO2"", ""@SpeciesDescription"": ""Nitrogen Dioxide"", ""@DateMeasurementStarted"": ""2015-08-04 14:15:00"", ""@DateMeasurementFinished"": ""2016-04-01 00:00:00""}, {""@SpeciesCode"": ""O3"", ""@SpeciesDescription"": ""Ozone"", ""@DateMeasurementStarted"": ""2015-08-04 00:00:00"", ""@DateMeasurementFinished"": ""2016-04-01 00:00:00""}, {""@SpeciesCode"": ""PM10"", ""@SpeciesDescription"": ""PM10 Particulate"", ""@DateMeasurementStarted"": ""2015-08-05 00:00:00"", ""@DateMeasurementFinished"": ""2016-04-01 00:00:00""}]","","","",""
"","","","","","","","","","","","","","","","NO2","Nitrogen Dioxide","2015-08-04 14:15:00","2016-04-01 00:00:00"
"","","","","","","","","","","","","","","","O3","Ozone","2015-08-04 00:00:00","2016-04-01 00:00:00"
"","","","","","","","","","","","","","","","PM10","PM10 Particulate","2015-08-05 00:00:00","2016-04-01 00:00:00"
"25","Newham","TL6","Newham - Britannia Gate","Roadside","","2020-12-04 00:00:00","51.503858","0.020574415","6709055.39086079","-16687.4595868565","Newham","King's College London","http://www.londonair.org.uk/london/asp/publicdetails.asp?site=TL6","[{""@SpeciesCode"": ""NO2"", ""@SpeciesDescription"": ""Nitrogen Dioxide"", ""@DateMeasurementStarted"": ""2021-08-16 12:00:00"", ""@DateMeasurementFinished"": """"}, {""@SpeciesCode"": ""PM25"", ""@SpeciesDescription"": ""PM2.5 Particulate"", ""@DateMeasurementStarted"": ""2021-09-02 00:00:00"", ""@DateMeasurementFinished"": """"}]","","","",""
"","","","","","","","","","","","","","","","NO2","Nitrogen Dioxide","2021-08-16 12:00:00",""
"","","","","","","","","","","","","","","","PM25","PM2.5 Particulate","2021-09-02 00:00:00",""
"25","Newham","NM2","Newham - Cam Road","Roadside","2024-04-02 00:00:00","1998-08-18 00:00:00","51.537598","-0.002138","6716945.21884","-238.001071316","Newham","King's College London","http://www.londonair.org.uk/london/asp/publicdetails.asp?site=NM2","[{""@SpeciesCode"": ""CO"", ""@SpeciesDescription"": ""Carbon Monoxide"", ""@DateMeasurementStarted"": ""2009-04-01 00:00:00"", ""@DateMeasurementFinished"": ""2015-11-09 00:00:00""}, {""@SpeciesCode"": ""NO2"", ""@SpeciesDescription"": ""Nitrogen Dioxide"", ""@DateMeasurementStarted"": ""2009-01-01 00:00:00"", ""@DateMeasurementFinished"": ""2024-04-02 00:00:00""}, {""@SpeciesCode"": ""O3"", ""@SpeciesDescription"": ""Ozone"", ""@DateMeasurementStarted"": ""2009-01-01 00:00:00"", ""@DateMeasurementFinished"": ""2016-03-31 00:00:00""}, {""@SpeciesCode"": ""PM10"", ""@SpeciesDescription"": ""PM10 Particulate"", ""@DateMeasurementStarted"": ""2010-11-18 14:00:00"", ""@DateMeasurementFinished"": ""2024-04-02 00:00:00""}, {""@SpeciesCode"": ""PM25"", ""@SpeciesDescription"": ""PM2.5 Particulate"", ""@DateMeasurementStarted"": ""2021-04-01 00:00:00"", ""@DateMeasurementFinished"": ""2024-04-02 00:00:00""}, {""@SpeciesCode"": ""SO2"", ""@SpeciesDescription"": ""Sulphur Dioxide"", ""@DateMeasurementStarted"": ""2009-01-01 00:00:00"", ""@DateMeasurementFinished"": ""2016-03-31 00:00:00""}]","","","",""
"","","","","","","","","","","","","","","","CO","Carbon Monoxide","2009-04-01 00:00:00","2015-11-09 00:00:00"
"","","","","","","","","","","","","","","","NO2","Nitrogen Dioxide","2009-01-01 00:00:00","2024-04-02 00:00:00"
"","","","","","","","","","","","","","","","O3","Ozone","2009-01-01 00:00:00","2016-03-31 00:00:00"
"","","","","","","","","","","","","","","","PM10","PM10 Particulate","2010-11-18 14:00:00","2024-04-02 00:00:00"
"","","","","","","","","","","","","","","","PM25","PM2.5 Particulate","2021-04-01 00:00:00","2024-04-02 00:00:00"
"","","","","","","","","","","","","","","","SO2","Sulphur Dioxide","2009-01-01 00:00:00","2016-03-31 00:00:00"
"25","Newham","NM4","Newham - East Ham Town Hall","Roadside","2024-04-02 00:00:00","2022-12-19 00:00:00","51.5330166040173","0.0550002064487128","6716125.3278","6122.59497","Newham","King's College London","http://www.londonair.org.uk/london/asp/publicdetails.asp?site=NM4","[{""@SpeciesCode"": ""NO2"", ""@SpeciesDescription"": ""Nitrogen Dioxide"", ""@DateMeasurementStarted"": ""2023-01-01 00:00:00"", ""@DateMeasurementFinished"": ""2024-04-02 00:00:00""}, {""@SpeciesCode"": ""PM25"", ""@SpeciesDescription"": ""PM2.5 Particulate"", ""@DateMeasurementStarted"": ""2022-11-30 10:00:00"", ""@DateMeasurementFinished"": ""2024-04-02 00:00:00""}]","","","",""
"","","","","","","","","","","","","","","","NO2","Nitrogen Dioxide","2023-01-01 00:00:00","2024-04-02 00:00:00"
"","","","","","","","","","","","","","","","PM25","PM2.5 Particulate","2022-11-30 10:00:00","2024-04-02 00:00:00"
"25","Newham","TL5","Newham - Hoola Tower","Roadside","","2021-03-08 00:00:00","51.508198","0.015002152","6709055.39086079","-16687.4595868565","Newham","King's College London","http://www.londonair.org.uk/london/asp/publicdetails.asp?site=TL5","{""@SpeciesCode"": ""NO2"", ""@SpeciesDescription"": ""Nitrogen Dioxide"", ""@DateMeasurementStarted"": ""2021-08-16 12:00:00"", ""@DateMeasurementFinished"": """"}","","","",""
"25","Newham","NM1","Newham - Tant Avenue","Urban Background","2003-12-31 00:00:00","1998-01-01 00:00:00","51.514764","0.011989","6712859.64322","1334.60937512","Newham","King's College London","http://www.londonair.org.uk/london/asp/publicdetails.asp?site=NM1","[{""@SpeciesCode"": ""CO"", ""@SpeciesDescription"": ""Carbon Monoxide"", ""@DateMeasurementStarted"": ""2003-12-31 00:00:00"", ""@DateMeasurementFinished"": ""2003-12-31 00:00:00""}, {""@SpeciesCode"": ""NO2"", ""@SpeciesDescription"": ""Nitrogen Dioxide"", ""@DateMeasurementStarted"": ""2003-12-31 00:00:00"", ""@DateMeasurementFinished"": ""2003-12-31 00:00:00""}, {""@SpeciesCode"": ""O3"", ""@SpeciesDescription"": ""Ozone"", ""@DateMeasurementStarted"": ""1998-01-01 00:00:00"", ""@DateMeasurementFinished"": ""2003-03-14 00:00:00""}, {""@SpeciesCode"": ""PM10"", ""@SpeciesDescription"": ""PM10 Particulate"", ""@DateMeasurementStarted"": ""2003-12-13 00:00:00"", ""@DateMeasurementFinished"": ""2003-12-31 00:00:00""}, {""@SpeciesCode"": ""SO2"", ""@SpeciesDescription"": ""Sulphur Dioxide"", ""@DateMeasurementStarted"": ""2003-12-31 00:00:00"", ""@DateMeasurementFinished"": ""2003-12-31 00:00:00""}]","","","",""
"","","","","","","","","","","","","","","","CO","Carbon Monoxide","2003-12-31 00:00:00","2003-12-31 00:00:00"
"","","","","","","","","","","","","","","","NO2","Nitrogen Dioxide","2003-12-31 00:00:00","2003-12-31 00:00:00"
"","","","","","","","","","","","","","","","O3","Ozone","1998-01-01 00:00:00","2003-03-14 00:00:00"
"","","","","","","","","","","","","","","","PM10","PM10 Particulate","2003-12-13 00:00:00","2003-12-31 00:00:00"
"","","","","","","","","","","","","","","","SO2","Sulphur Dioxide","2003-12-31 00:00:00","2003-12-31 00:00:00"
"25","Newham","NM3","Newham - Wren Close","Urban Background","2024-04-02 00:00:00","2003-03-21 00:00:00","51.514727","0.014554","6712853.02465","1620.14386901","Newham","King's College London","http://www.londonair.org.uk/london/asp/publicdetails.asp?site=NM3","[{""@SpeciesCode"": ""CO"", ""@SpeciesDescription"": ""Carbon Monoxide"", ""@DateMeasurementStarted"": ""2009-01-01 00:00:00"", ""@DateMeasurementFinished"": ""2015-11-19 00:00:00""}, {""@SpeciesCode"": ""NO2"", ""@SpeciesDescription"": ""Nitrogen Dioxide"", ""@DateMeasurementStarted"": ""2009-08-20 11:00:00"", ""@DateMeasurementFinished"": ""2024-04-02 00:00:00""}, {""@SpeciesCode"": ""O3"", ""@SpeciesDescription"": ""Ozone"", ""@DateMeasurementStarted"": ""2009-01-01 00:00:00"", ""@DateMeasurementFinished"": ""2016-03-31 00:00:00""}, {""@SpeciesCode"": ""PM10"", ""@SpeciesDescription"": ""PM10 Particulate"", ""@DateMeasurementStarted"": ""2012-02-24 12:00:00"", ""@DateMeasurementFinished"": ""2024-04-02 00:00:00""}, {""@SpeciesCode"": ""PM25"", ""@SpeciesDescription"": ""PM2.5 Particulate"", ""@DateMeasurementStarted"": ""2021-04-01 00:00:00"", ""@DateMeasurementFinished"": ""2024-04-02 00:00:00""}, {""@SpeciesCode"": ""SO2"", ""@SpeciesDescription"": ""Sulphur Dioxide"", ""@DateMeasurementStarted"": ""2009-07-22 12:00:00"", ""@DateMeasurementFinished"": ""2013-04-04 00:00:00""}]","","","",""
"","","","","","","","","","","","","","","","CO","Carbon Monoxide","2009-01-01 00:00:00","2015-11-19 00:00:00"
"","","","","","","","","","","","","","","","NO2","Nitrogen Dioxide","2009-08-20 11:00:00","2024-04-02 00:00:00"
"","","","","","","","","","","","","","","","PM10","PM10 Particulate","2012-02-24 12:00:00","2024-04-02 00:00:00"
"","","","","","","","","","","","","","","","SO2","Sulphur Dioxide","2009-07-22 12:00:00","2013-04-04 00:00:00"
"26","Redbridge","RB3","Redbridge - Fullwell Cross","Kerbside","2012-03-30 10:45:00","1999-11-20 14:00:00","51.593935","0.085516","6727034.09695","9519.59757468","Redbridge","King's College London","http://www.londonair.org.uk/london/asp/publicdetails.asp?site=RB3","[{""@SpeciesCode"": ""NO2"", ""@SpeciesDescription"": ""Nitrogen Dioxide"", ""@DateMeasurementStarted"": ""2008-01-01 00:00:00"", ""@DateMeasurementFinished"": ""2012-03-30 10:45:00""}, {""@SpeciesCode"": ""PM10"", ""@SpeciesDescription"": ""PM10 Particulate"", ""@DateMeasurementStarted"": ""1999-11-20 14:00:00"", ""@DateMeasurementFinished"": ""2012-03-30 10:45:00""}, {""@SpeciesCode"": ""PM10"", ""@SpeciesDescription"": ""PM10 Particulate"", ""@DateMeasurementStarted"": ""1999-11-20 14:00:00"", ""@DateMeasurementFinished"": ""2012-03-30 10:45:00""}]","","","",""
"","","","","","","","","","","","","","","","NO2","Nitrogen Dioxide","2008-01-01 00:00:00","2012-03-30 10:45:00"
"","","","","","","","","","","","","","","","PM10","PM10 Particulate","1999-11-20 14:00:00","2012-03-30 10:45:00"
"26","Redbridge","RB4","Redbridge - Gardner Close","Roadside","2024-04-03 00:00:00","1999-11-21 13:00:00","51.57661","0.030858","6723930.18984","3435.0968469","Redbridge","King's College London","http://www.londonair.org.uk/london/asp/publicdetails.asp?site=RB4","[{""@SpeciesCode"": ""CO"", ""@SpeciesDescription"": ""Carbon Monoxide"", ""@DateMeasurementStarted"": ""1999-12-13 00:00:00"", ""@DateMeasurementFinished"": ""2011-12-23 00:00:00""}, {""@SpeciesCode"": ""NO2"", ""@SpeciesDescription"": ""Nitrogen Dioxide"", ""@DateMeasurementStarted"": ""2005-03-17 09:00:00"", ""@DateMeasurementFinished"": ""2024-04-03 00:00:00""}, {""@SpeciesCode"": ""PM10"", ""@SpeciesDescription"": ""PM10 Particulate"", ""@DateMeasurementStarted"": ""2015-01-01 00:00:00"", ""@DateMeasurementFinished"": ""2024-04-03 00:00:00""}, {""@SpeciesCode"": ""SO2"", ""@SpeciesDescription"": ""Sulphur Dioxide"", ""@DateMeasurementStarted"": ""1999-11-29 00:00:00"", ""@DateMeasurementFinished"": ""2012-04-04 00:00:00""}]","","","",""
"","","","","","","","","","","","","","","","CO","Carbon Monoxide","1999-12-13 00:00:00","2011-12-23 00:00:00"
"","","","","","","","","","","","","","","","NO2","Nitrogen Dioxide","2005-03-17 09:00:00","2024-04-03 00:00:00"
"","","","","","","","","","","","","","","","PM10","PM10 Particulate","2015-01-01 00:00:00","2024-04-03 00:00:00"
"","","","","","","","","","","","","","","","SO2","Sulphur Dioxide","1999-11-29 00:00:00","2012-04-04 00:00:00"
"26","Redbridge","RB2","Redbridge - Ilford Broadway","Kerbside","2003-06-01 00:00:00","1999-12-01 14:00:00","51.5583461865157","0.0699915095238029","6720659.36787","7791.41920004","Redbridge","King's College London","http://www.londonair.org.uk/london/asp/publicdetails.asp?site=RB2","[{""@SpeciesCode"": ""CO"", ""@SpeciesDescription"": ""Carbon Monoxide"", ""@DateMeasurementStarted"": ""1999-12-08 00:00:00"", ""@DateMeasurementFinished"": ""2003-06-01 00:00:00""}, {""@SpeciesCode"": ""NO2"", ""@SpeciesDescription"": ""Nitrogen Dioxide"", ""@DateMeasurementStarted"": ""1999-12-01 14:00:00"", ""@DateMeasurementFinished"": ""2003-06-01 00:00:00""}]","","","",""
"","","","","","","","","","","","","","","","CO","Carbon Monoxide","1999-12-08 00:00:00","2003-06-01 00:00:00"
"","","","","","","","","","","","","","","","NO2","Nitrogen Dioxide","1999-12-01 14:00:00","2003-06-01 00:00:00"
"26","Redbridge","RB7","Redbridge - Ley Street","Urban Background","2024-04-03 00:00:00","2014-05-15 00:00:00","51.5694843315237","0.0829074748964946","6722606.75352","9108.2720562","Redbridge","King's College London","http://www.londonair.org.uk/london/asp/publicdetails.asp?site=RB7","[{""@SpeciesCode"": ""NO2"", ""@SpeciesDescription"": ""Nitrogen Dioxide"", ""@DateMeasurementStarted"": ""2014-05-15 08:00:00"", ""@DateMeasurementFinished"": ""2024-04-03 00:00:00""}, {""@SpeciesCode"": ""O3"", ""@SpeciesDescription"": ""Ozone"", ""@DateMeasurementStarted"": ""2014-05-15 08:00:00"", ""@DateMeasurementFinished"": ""2024-04-03 00:00:00""}, {""@SpeciesCode"": ""PM10"", ""@SpeciesDescription"": ""PM10 Particulate"", ""@DateMeasurementStarted"": ""2015-01-01 00:00:00"", ""@DateMeasurementFinished"": ""2024-04-03 00:00:00""}, {""@SpeciesCode"": ""PM25"", ""@SpeciesDescription"": ""PM2.5 Particulate"", ""@DateMeasurementStarted"": ""2016-04-21 00:00:00"", ""@DateMeasurementFinished"": ""2024-04-03 00:00:00""}]","","","",""
"","","","","","","","","","","","","","","","NO2","Nitrogen Dioxide","2014-05-15 08:00:00","2024-04-03 00:00:00"
"","","","","","","","","","","","","","","","O3","Ozone","2014-05-15 08:00:00","2024-04-03 00:00:00"
"","","","","","","","","","","","","","","","PM25","PM2.5 Particulate","2016-04-21 00:00:00","2024-04-03 00:00:00"
"26","Redbridge","RB1","Redbridge - Perth Terrace","Urban Background","2014-05-13 00:00:00","1999-11-21 10:00:00","51.569221","0.081821","6722606.75352","9108.2720562","Redbridge","King's College London","http://www.londonair.org.uk/london/asp/publicdetails.asp?site=RB1","[{""@SpeciesCode"": ""NO2"", ""@SpeciesDescription"": ""Nitrogen Dioxide"", ""@DateMeasurementStarted"": ""2008-01-01 00:00:00"", ""@DateMeasurementFinished"": ""2014-05-13 00:00:00""}, {""@SpeciesCode"": ""O3"", ""@SpeciesDescription"": ""Ozone"", ""@DateMeasurementStarted"": ""1999-12-08 00:00:00"", ""@DateMeasurementFinished"": ""2014-05-13 00:00:00""}, {""@SpeciesCode"": ""PM10"", ""@SpeciesDescription"": ""PM10 Particulate"", ""@DateMeasurementStarted"": ""1999-11-21 10:00:00"", ""@DateMeasurementFinished"": ""2014-05-13 00:00:00""}]","","","",""
"","","","","","","","","","","","","","","","NO2","Nitrogen Dioxide","2008-01-01 00:00:00","2014-05-13 00:00:00"
"","","","","","","","","","","","","","","","O3","Ozone","1999-12-08 00:00:00","2014-05-13 00:00:00"
"","","","","","","","","","","","","","","","PM10","PM10 Particulate","1999-11-21 10:00:00","2014-05-13 00:00:00"
"26","Redbridge","RB5","Redbridge - South Woodford","Roadside","2012-03-30 10:45:00","2003-11-19 00:00:00","51.595851","0.020087","6727377.43579","2236.07461156","Redbridge","King's College London","http://www.londonair.org.uk/london/asp/publicdetails.asp?site=RB5","[{""@SpeciesCode"": ""CO"", ""@SpeciesDescription"": ""Carbon Monoxide"", ""@DateMeasurementStarted"": ""2003-11-21 10:00:00"", ""@DateMeasurementFinished"": ""2011-06-17 00:00:00""}, {""@SpeciesCode"": ""NO2"", ""@SpeciesDescription"": ""Nitrogen Dioxide"", ""@DateMeasurementStarted"": ""2003-11-21 00:00:00"", ""@DateMeasurementFinished"": ""2012-03-30 10:45:00""}, {""@SpeciesCode"": ""PM10"", ""@SpeciesDescription"": ""PM10 Particulate"", ""@DateMeasurementStarted"": ""2003-11-19 00:00:00"", ""@DateMeasurementFinished"": ""2012-03-30 10:45:00""}]","","","",""
"","","","","","","","","","","","","","","","CO","Carbon Monoxide","2003-11-21 10:00:00","2011-06-17 00:00:00"
"","","","","","","","","","","","","","","","NO2","Nitrogen Dioxide","2003-11-21 00:00:00","2012-03-30 10:45:00"
"","","","","","","","","","","","","","","","PM10","PM10 Particulate","2003-11-19 00:00:00","2012-03-30 10:45:00"
"33","Westminster","CE3","Regent Street (The Crown Estate)","Roadside","","2022-11-02 00:00:00","51.5113771448991","-0.139249367757023","","","Westminster","King's College London","http://www.londonair.org.uk/london/asp/publicdetails.asp?site=CE3","[{""@SpeciesCode"": ""NO2"", ""@SpeciesDescription"": ""Nitrogen Dioxide"", ""@DateMeasurementStarted"": ""2022-10-28 00:00:00"", ""@DateMeasurementFinished"": """"}, {""@SpeciesCode"": ""PM10"", ""@SpeciesDescription"": ""PM10 Particulate"", ""@DateMeasurementStarted"": ""2022-10-28 00:00:00"", ""@DateMeasurementFinished"": """"}, {""@SpeciesCode"": ""PM25"", ""@SpeciesDescription"": ""PM2.5 Particulate"", ""@DateMeasurementStarted"": ""2022-10-28 00:00:00"", ""@DateMeasurementFinished"": """"}]","","","",""
"","","","","","","","","","","","","","","","NO2","Nitrogen Dioxide","2022-10-28 00:00:00",""
"","","","","","","","","","","","","","","","PM10","PM10 Particulate","2022-10-28 00:00:00",""
"","","","","","","","","","","","","","","","PM25","PM2.5 Particulate","2022-10-28 00:00:00",""
"33","Westminster","CE1","Regent Street facade (The Crown Estate)","Roadside","2023-03-01 00:00:00","2020-05-01 00:00:00","51.5111824979787","-0.139114122784456","6712207.95182978","-15479.0357379246","Westminster","King's College London","http://www.londonair.org.uk/london/asp/publicdetails.asp?site=CE1","{""@SpeciesCode"": ""NO2"", ""@SpeciesDescription"": ""Nitrogen Dioxide"", ""@DateMeasurementStarted"": ""2021-03-04 08:30:00"", ""@DateMeasurementFinished"": ""2023-03-01 00:00:00""}","","","",""
"","","","","","","","","","","","","","","","NO2","Nitrogen Dioxide","2021-03-04 08:30:00","2023-03-01 00:00:00"
"27","Richmond","RI2","Richmond Upon Thames - Barnes Wetlands","Suburban","","2001-03-29 10:00:00","51.476168","-0.230427","6705958.50423","-25651.016305","Richmond","King's College London","http://www.londonair.org.uk/london/asp/publicdetails.asp?site=RI2","[{""@SpeciesCode"": ""NO2"", ""@SpeciesDescription"": ""Nitrogen Dioxide"", ""@DateMeasurementStarted"": ""2008-01-01 00:00:00"", ""@DateMeasurementFinished"": """"}, {""@SpeciesCode"": ""O3"", ""@SpeciesDescription"": ""Ozone"", ""@DateMeasurementStarted"": ""2002-07-01 00:00:00"", ""@DateMeasurementFinished"": """"}, {""@SpeciesCode"": ""PM10"", ""@SpeciesDescription"": ""PM10 Particulate"", ""@DateMeasurementStarted"": ""2025-07-09 00:00:00"", ""@DateMeasurementFinished"": """"}, {""@SpeciesCode"": ""PM25"", ""@SpeciesDescription"": ""PM2.5 Particulate"", ""@DateMeasurementStarted"": ""2025-07-09 00:00:00"", ""@DateMeasurementFinished"": """"}]","","","",""
"","","","","","","","","","","","","","","","O3","Ozone","2002-07-01 00:00:00",""
"","","","","","","","","","","","","","","","PM10","PM10 Particulate","2025-07-09 00:00:00",""
"","","","","","","","","","","","","","","","PM25","PM2.5 Particulate","2025-07-09 00:00:00",""
"27","Richmond","RI1","Richmond Upon Thames - Castelnau","Roadside","","2000-06-14 00:15:00","51.480189","-0.237335","6706677.20458","-26420.0113474","Richmond","King's College London","http://www.londonair.org.uk/london/asp/publicdetails.asp?site=RI1","[{""@SpeciesCode"": ""NO2"", ""@SpeciesDescription"": ""Nitrogen Dioxide"", ""@DateMeasurementStarted"": ""2008-01-01 00:00:00"", ""@DateMeasurementFinished"": """"}, {""@SpeciesCode"": ""PM10"", ""@SpeciesDescription"": ""PM10 Particulate"", ""@DateMeasurementStarted"": ""2000-06-14 00:15:00"", ""@DateMeasurementFinished"": """"}]","","","",""
"","","","","","","","","","","","","","","","PM10","PM10 Particulate","2000-06-14 00:15:00",""
"27","Richmond","RHG","Richmond Upon Thames - Chertsey Road","Roadside","2020-08-06 00:00:00","2016-05-24 00:00:00","51.4531422511004","-0.341218138106469","6701844.17704606","-37984.2293834411","Richmond","King's College London","http://www.londonair.org.uk/london/asp/publicdetails.asp?site=RHG","[{""@SpeciesCode"": ""NO2"", ""@SpeciesDescription"": ""Nitrogen Dioxide"", ""@DateMeasurementStarted"": ""2016-05-24 11:15:00"", ""@DateMeasurementFinished"": ""2020-08-06 00:00:00""}, {""@SpeciesCode"": ""PM10"", ""@SpeciesDescription"": ""PM10 Particulate"", ""@DateMeasurementStarted"": ""2016-05-24 00:00:00"", ""@DateMeasurementFinished"": ""2020-08-06 00:00:00""}]","","","",""
"","","","","","","","","","","","","","","","NO2","Nitrogen Dioxide","2016-05-24 11:15:00","2020-08-06 00:00:00"
"","","","","","","","","","","","","","","","PM10","PM10 Particulate","2016-05-24 00:00:00","2020-08-06 00:00:00"
"27","Richmond","RHI","Richmond Upon Thames - Richmond","Kerbside","","2025-02-05 00:00:00","51.4638976490621","-0.301685013378926","6703765.734","-33583.422","Richmond","King's College London","http://www.londonair.org.uk/london/asp/publicdetails.asp?site=RHI","[{""@SpeciesCode"": ""NO2"", ""@SpeciesDescription"": ""Nitrogen Dioxide"", ""@DateMeasurementStarted"": ""2025-02-05 00:00:00"", ""@DateMeasurementFinished"": """"}, {""@SpeciesCode"": ""PM10"", ""@SpeciesDescription"": ""PM10 Particulate"", ""@DateMeasurementStarted"": ""2025-02-05 00:00:00"", ""@DateMeasurementFinished"": """"}, {""@SpeciesCode"": ""PM25"", ""@SpeciesDescription"": ""PM2.5 Particulate"", ""@DateMeasurementStarted"": ""2025-02-05 00:00:00"", ""@DateMeasurementFinished"": """"}]","","","",""
"","","","","","","","","","","","","","","","NO2","Nitrogen Dioxide","2025-02-05 00:00:00",""
"","","","","","","","","","","","","","","","PM10","PM10 Particulate","2025-02-05 00:00:00",""
"","","","","","","","","","","","","","","","PM25","PM2.5 Particulate","2025-02-05 00:00:00",""
"28","Southwark","SK5","Southwark - A2 Old Kent Road","Roadside","","2010-11-24 00:00:00","51.4804994936467","-0.0595528932573422","6706732.70383","-6629.39775267","Southwark","King's College London","http://www.londonair.org.uk/london/asp/publicdetails.asp?site=SK5","[{""@SpeciesCode"": ""NO2"", ""@SpeciesDescription"": ""Nitrogen Dioxide"", ""@DateMeasurementStarted"": ""2010-11-24 00:00:00"", ""@DateMeasurementFinished"": """"}, {""@SpeciesCode"": ""PM10"", ""@SpeciesDescription"": ""PM10 Particulate"", ""@DateMeasurementStarted"": ""2010-11-15 00:00:00"", ""@DateMeasurementFinished"": """"}]","","","",""
"","","","","","","","","","","","","","","","NO2","Nitrogen Dioxide","2010-11-24 00:00:00",""
"","","","","","","","","","","","","","","","PM10","PM10 Particulate","2010-11-15 00:00:00",""
"28","Southwark","SK9","Southwark - A2 Old Kent Road FIDAS","Roadside","2025-03-31 00:00:00","2010-11-24 00:00:00","51.4804994936467","-0.0595528932573422","6706732.70383","-6629.39775267","Southwark","King's College London","http://www.londonair.org.uk/london/asp/publicdetails.asp?site=SK9","[{""@SpeciesCode"": ""PM10"", ""@SpeciesDescription"": ""PM10 Particulate"", ""@DateMeasurementStarted"": ""2020-09-03 00:00:00"", ""@DateMeasurementFinished"": ""2025-03-31 00:00:00""}, {""@SpeciesCode"": ""PM25"", ""@SpeciesDescription"": ""PM2.5 Particulate"", ""@DateMeasurementStarted"": ""2020-09-03 00:00:00"", ""@DateMeasurementFinished"": ""2025-03-31 00:00:00""}]","","","",""
"","","","","","","","","","","","","","","","PM10","PM10 Particulate","2020-09-03 00:00:00","2025-03-31 00:00:00"
"","","","","","","","","","","","","","","","PM25","PM2.5 Particulate","2020-09-03 00:00:00","2025-03-31 00:00:00"
"28","Southwark","SK6","Southwark - Elephant and Castle","Urban Background","2025-03-31 00:00:00","2013-01-23 00:00:00","51.4931557048667","-0.101527038274853","6709004.43394458","-11305.3848459833","Southwark","King's College London","http://www.londonair.org.uk/london/asp/publicdetails.asp?site=SK6","[{""@SpeciesCode"": ""NO2"", ""@SpeciesDescription"": ""Nitrogen Dioxide"", ""@DateMeasurementStarted"": ""2002-02-24 09:30:00"", ""@DateMeasurementFinished"": ""2025-03-31 00:00:00""}, {""@SpeciesCode"": ""O3"", ""@SpeciesDescription"": ""Ozone"", ""@DateMeasurementStarted"": ""2002-02-24 09:30:00"", ""@DateMeasurementFinished"": ""2025-03-31 00:00:00""}, {""@SpeciesCode"": ""PM10"", ""@SpeciesDescription"": ""PM10 Particulate"", ""@DateMeasurementStarted"": ""2020-09-15 00:00:00"", ""@DateMeasurementFinished"": ""2025-03-31 00:00:00""}, {""@SpeciesCode"": ""PM25"", ""@SpeciesDescription"": ""PM2.5 Particulate"", ""@DateMeasurementStarted"": ""2020-09-15 00:00:00"", ""@DateMeasurementFinished"": ""2025-03-31 00:00:00""}]","","","",""
"","","","","","","","","","","","","","","","NO2","Nitrogen Dioxide","2002-02-24 09:30:00","2025-03-31 00:00:00"
"","","","","","","","","","","","","","","","O3","Ozone","2002-02-24 09:30:00","2025-03-31 00:00:00"
"","","","","","","","","","","","","","","","PM10","PM10 Particulate","2020-09-15 00:00:00","2025-03-31 00:00:00"
"","","","","","","","","","","","","","","","PM25","PM2.5 Particulate","2020-09-15 00:00:00","2025-03-31 00:00:00"
"28","Southwark","SK7","Southwark - Heygate","Urban Background","2015-11-11 00:00:00","2014-08-26 00:00:00","51.4929813788003","-0.0985378910481832","6708964.09395799","-10969.1878553268","Southwark","King's College London","http://www.londonair.org.uk/london/asp/publicdetails.asp?site=SK7","{""@SpeciesCode"": ""NO2"", ""@SpeciesDescription"": ""Nitrogen Dioxide"", ""@DateMeasurementStarted"": ""2014-08-26 00:00:00"", ""@DateMeasurementFinished"": ""2015-11-11 00:00:00""}","","","",""
"","","","","","","","","","","","","","","","NO2","Nitrogen Dioxide","2014-08-26 00:00:00","2015-11-11 00:00:00"
"28","Southwark","SK1","Southwark - Larcom Street","Urban Background","2009-06-17 12:00:00","1993-03-01 00:00:00","51.490548","-0.09661","6708529.03021","-10754.5760055","Southwark","King's College London","http://www.londonair.org.uk/london/asp/publicdetails.asp?site=SK1","[{""@SpeciesCode"": ""CO"", ""@SpeciesDescription"": ""Carbon Monoxide"", ""@DateMeasurementStarted"": ""1996-01-01 00:00:00"", ""@DateMeasurementFinished"": ""2009-06-17 12:00:00""}, {""@SpeciesCode"": ""NO2"", ""@SpeciesDescription"": ""Nitrogen Dioxide"", ""@DateMeasurementStarted"": ""2002-01-08 14:00:00"", ""@DateMeasurementFinished"": ""2009-06-17 12:00:00""}, {""@SpeciesCode"": ""O3"", ""@SpeciesDescription"": ""Ozone"", ""@DateMeasurementStarted"": ""1996-01-01 00:00:00"", ""@DateMeasurementFinished"": ""2009-06-17 12:00:00""}, {""@SpeciesCode"": ""PM10"", ""@SpeciesDescription"": ""PM10 Particulate"", ""@DateMeasurementStarted"": ""1993-03-01 00:00:00"", ""@DateMeasurementFinished"": ""2009-06-17 12:00:00""}, {""@SpeciesCode"": ""SO2"", ""@SpeciesDescription"": ""Sulphur Dioxide"", ""@DateMeasurementStarted"": ""1996-01-01 00:00:00"", ""@DateMeasurementFinished"": ""2009-06-17 12:00:00""}]","","","",""
"","","","","","","","","","","","","","","","CO","Carbon Monoxide","1996-01-01 00:00:00","2009-06-17 12:00:00"
"","","","","","","","","","","","","","","","NO2","Nitrogen Dioxide","2002-01-08 14:00:00","2009-06-17 12:00:00"
"","","","","","","","","","","","","","","","O3","Ozone","1996-01-01 00:00:00","2009-06-17 12:00:00"
"","","","","","","","","","","","","","","","PM10","PM10 Particulate","1993-03-01 00:00:00","2009-06-17 12:00:00"
"","","","","","","","","","","","","","","","SO2","Sulphur Dioxide","1996-01-01 00:00:00","2009-06-17 12:00:00"
"28","Southwark","SKA","Southwark - Lower Road","Roadside","2025-03-31 00:00:00","2020-11-24 00:00:00","51.4965604167321","-0.0530504472531612","6709604.03228416","-5905.54877457732","Southwark","King's College London","http://www.londonair.org.uk/london/asp/publicdetails.asp?site=SKA","[{""@SpeciesCode"": ""NO2"", ""@SpeciesDescription"": ""Nitrogen Dioxide"", ""@DateMeasurementStarted"": ""2020-11-24 00:00:00"", ""@DateMeasurementFinished"": ""2025-03-31 00:00:00""}, {""@SpeciesCode"": ""PM10"", ""@SpeciesDescription"": ""PM10 Particulate"", ""@DateMeasurementStarted"": ""2020-11-24 00:00:00"", ""@DateMeasurementFinished"": ""2025-03-31 00:00:00""}, {""@SpeciesCode"": ""PM25"", ""@SpeciesDescription"": ""PM2.5 Particulate"", ""@DateMeasurementStarted"": ""2020-11-24 00:00:00"", ""@DateMeasurementFinished"": ""2025-03-31 00:00:00""}]","","","",""
"","","","","","","","","","","","","","","","NO2","Nitrogen Dioxide","2020-11-24 00:00:00","2025-03-31 00:00:00"
"","","","","","","","","","","","","","","","PM10","PM10 Particulate","2020-11-24 00:00:00","2025-03-31 00:00:00"
"","","","","","","","","","","","","","","","PM25","PM2.5 Particulate","2020-11-24 00:00:00","2025-03-31 00:00:00"
"28","Southwark","SK2","Southwark - Old Kent Road","Roadside","2006-04-21 00:00:00","1994-05-03 00:00:00","51.4819456792926","-0.0627176235171689","6706991.20756","-6981.6939137","Southwark","King's College London","http://www.londonair.org.uk/london/asp/publicdetails.asp?site=SK2","[{""@SpeciesCode"": ""CO"", ""@SpeciesDescription"": ""Carbon Monoxide"", ""@DateMeasurementStarted"": ""1996-01-01 00:00:00"", ""@DateMeasurementFinished"": ""2006-04-21 00:00:00""}, {""@SpeciesCode"": ""NO2"", ""@SpeciesDescription"": ""Nitrogen Dioxide"", ""@DateMeasurementStarted"": ""2002-02-05 13:00:00"", ""@DateMeasurementFinished"": ""2006-04-21 00:00:00""}, {""@SpeciesCode"": ""PM10"", ""@SpeciesDescription"": ""PM10 Particulate"", ""@DateMeasurementStarted"": ""1994-05-03 00:00:00"", ""@DateMeasurementFinished"": ""2006-04-21 00:00:00""}, {""@SpeciesCode"": ""SO2"", ""@SpeciesDescription"": ""Sulphur Dioxide"", ""@DateMeasurementStarted"": ""1996-01-01 00:00:00"", ""@DateMeasurementFinished"": ""2006-04-21 00:00:00""}]","","","",""
"","","","","","","","","","","","","","","","CO","Carbon Monoxide","1996-01-01 00:00:00","2006-04-21 00:00:00"
"","","","","","","","","","","","","","","","NO2","Nitrogen Dioxide","2002-02-05 13:00:00","2006-04-21 00:00:00"
"","","","","","","","","","","","","","","","PM10","PM10 Particulate","1994-05-03 00:00:00","2006-04-21 00:00:00"
"","","","","","","","","","","","","","","","SO2","Sulphur Dioxide","1996-01-01 00:00:00","2006-04-21 00:00:00"
"28","Southwark","SKC","Southwark - South Circular Road","Roadside","2025-03-31 00:00:00","2021-07-22 00:00:00","51.442633","-0.077653974","6699967.03434404","-8644.40084375411","Southwark","King's College London","http://www.londonair.org.uk/london/asp/publicdetails.asp?site=SKC","[{""@SpeciesCode"": ""NO2"", ""@SpeciesDescription"": ""Nitrogen Dioxide"", ""@DateMeasurementStarted"": ""2021-07-22 16:00:00"", ""@DateMeasurementFinished"": ""2025-03-31 00:00:00""}, {""@SpeciesCode"": ""PM10"", ""@SpeciesDescription"": ""PM10 Particulate"", ""@DateMeasurementStarted"": ""2021-07-22 16:00:00"", ""@DateMeasurementFinished"": ""2025-03-31 00:00:00""}, {""@SpeciesCode"": ""PM25"", ""@SpeciesDescription"": ""PM2.5 Particulate"", ""@DateMeasurementStarted"": ""2021-07-22 16:00:00"", ""@DateMeasurementFinished"": ""2025-03-31 00:00:00""}]","","","",""
"","","","","","","","","","","","","","","","NO2","Nitrogen Dioxide","2021-07-22 16:00:00","2025-03-31 00:00:00"
"","","","","","","","","","","","","","","","PM10","PM10 Particulate","2021-07-22 16:00:00","2025-03-31 00:00:00"
"","","","","","","","","","","","","","","","PM25","PM2.5 Particulate","2021-07-22 16:00:00","2025-03-31 00:00:00"
"28","Southwark","SK8","Southwark - Tower Bridge Road","Roadside","2025-03-31 00:00:00","2019-06-01 00:00:00","51.5013906712066","-0.0782034373606952","6710467.7700201","-8705.56682527626","Southwark","King's College London","http://www.londonair.org.uk/london/asp/publicdetails.asp?site=SK8","[{""@SpeciesCode"": ""NO2"", ""@SpeciesDescription"": ""Nitrogen Dioxide"", ""@DateMeasurementStarted"": ""2019-07-25 13:20:00"", ""@DateMeasurementFinished"": ""2025-03-31 00:00:00""}, {""@SpeciesCode"": ""PM10"", ""@SpeciesDescription"": ""PM10 Particulate"", ""@DateMeasurementStarted"": ""2020-05-13 00:00:00"", ""@DateMeasurementFinished"": ""2025-03-31 00:00:00""}, {""@SpeciesCode"": ""PM25"", ""@SpeciesDescription"": ""PM2.5 Particulate"", ""@DateMeasurementStarted"": ""2020-05-13 00:00:00"", ""@DateMeasurementFinished"": ""2025-03-31 00:00:00""}]","","","",""
"","","","","","","","","","","","","","","","NO2","Nitrogen Dioxide","2019-07-25 13:20:00","2025-03-31 00:00:00"
"","","","","","","","","","","","","","","","PM10","PM10 Particulate","2020-05-13 00:00:00","2025-03-31 00:00:00"
"","","","","","","","","","","","","","","","PM25","PM2.5 Particulate","2020-05-13 00:00:00","2025-03-31 00:00:00"
"28","Southwark","SKB","Southwark - Vicarage Grove","Roadside","2025-03-31 00:00:00","2021-01-26 00:00:00","51.4735803479615","-0.0877818536754426","6705496.02929574","-9771.83125203992","Southwark","King's College London","http://www.londonair.org.uk/london/asp/publicdetails.asp?site=SKB","[{""@SpeciesCode"": ""NO2"", ""@SpeciesDescription"": ""Nitrogen Dioxide"", ""@DateMeasurementStarted"": ""2021-01-26 12:00:00"", ""@DateMeasurementFinished"": ""2025-03-31 00:00:00""}, {""@SpeciesCode"": ""PM10"", ""@SpeciesDescription"": ""PM10 Particulate"", ""@DateMeasurementStarted"": ""2021-01-26 12:00:00"", ""@DateMeasurementFinished"": ""2025-03-31 00:00:00""}, {""@SpeciesCode"": ""PM25"", ""@SpeciesDescription"": ""PM2.5 Particulate"", ""@DateMeasurementStarted"": ""2021-01-26 12:00:00"", ""@DateMeasurementFinished"": ""2025-03-31 00:00:00""}]","","","",""
"","","","","","","","","","","","","","","","NO2","Nitrogen Dioxide","2021-01-26 12:00:00","2025-03-31 00:00:00"
"","","","","","","","","","","","","","","","PM10","PM10 Particulate","2021-01-26 12:00:00","2025-03-31 00:00:00"
"","","","","","","","","","","","","","","","PM25","PM2.5 Particulate","2021-01-26 12:00:00","2025-03-31 00:00:00"
"29","Sutton","ST8","Sutton - Beddington Lane ","Industrial","2020-10-16 00:00:00","2012-04-04 00:00:00","51.3835652277943","-0.136417861473301","6689424.4883013","-15185.9668743151","Sutton","King's College London","http://www.londonair.org.uk/london/asp/publicdetails.asp?site=ST8","[{""@SpeciesCode"": ""NO2"", ""@SpeciesDescription"": ""Nitrogen Dioxide"", ""@DateMeasurementStarted"": ""2001-10-08 09:00:00"", ""@DateMeasurementFinished"": ""2020-07-30 00:00:00""}, {""@SpeciesCode"": ""PM10"", ""@SpeciesDescription"": ""PM10 Particulate"", ""@DateMeasurementStarted"": ""2015-06-30 06:00:00"", ""@DateMeasurementFinished"": ""2020-10-16 00:00:00""}, {""@SpeciesCode"": ""PM10"", ""@SpeciesDescription"": ""PM10 Particulate"", ""@DateMeasurementStarted"": ""2015-06-30 06:00:00"", ""@DateMeasurementFinished"": ""2020-10-16 00:00:00""}]","","","",""
"","","","","","","","","","","","","","","","NO2","Nitrogen Dioxide","2001-10-08 09:00:00","2020-07-30 00:00:00"
"","","","","","","","","","","","","","","","PM10","PM10 Particulate","2015-06-30 06:00:00","2020-10-16 00:00:00"
"29","Sutton","ST5","Sutton - Beddington Lane north","Industrial","2024-06-20 00:00:00","2005-12-01 00:00:00","51.389286904505","-0.141661524779893","6690449.76537","-15766.2908005","Sutton","King's College London","http://www.londonair.org.uk/london/asp/publicdetails.asp?site=ST5","[{""@SpeciesCode"": ""NO2"", ""@SpeciesDescription"": ""Nitrogen Dioxide"", ""@DateMeasurementStarted"": ""2008-01-01 00:00:00"", ""@DateMeasurementFinished"": ""2024-06-20 00:00:00""}, {""@SpeciesCode"": ""PM10"", ""@SpeciesDescription"": ""PM10 Particulate"", ""@DateMeasurementStarted"": ""2014-07-31 10:00:00"", ""@DateMeasurementFinished"": ""2024-06-20 00:00:00""}, {""@SpeciesCode"": ""PM25"", ""@SpeciesDescription"": ""PM2.5 Particulate"", ""@DateMeasurementStarted"": ""2014-07-23 00:00:00"", ""@DateMeasurementFinished"": ""2024-06-20 00:00:00""}]","","","",""
"","","","","","","","","","","","","","","","NO2","Nitrogen Dioxide","2008-01-01 00:00:00","2024-06-20 00:00:00"
"","","","","","","","","","","","","","","","PM10","PM10 Particulate","2014-07-31 10:00:00","2024-06-20 00:00:00"
"","","","","","","","","","","","","","","","PM25","PM2.5 Particulate","2014-07-23 00:00:00","2024-06-20 00:00:00"
"29","Sutton","ST9","Sutton - Beddington Village","Roadside","2024-06-21 00:00:00","2020-10-16 00:00:00","51.3712010773161","-0.131948824988095","6687219.43013176","-14688.4760084455","Sutton","King's College London","http://www.londonair.org.uk/london/asp/publicdetails.asp?site=ST9","[{""@SpeciesCode"": ""NO2"", ""@SpeciesDescription"": ""Nitrogen Dioxide"", ""@DateMeasurementStarted"": ""2020-11-10 09:45:00"", ""@DateMeasurementFinished"": ""2024-06-21 00:00:00""}, {""@SpeciesCode"": ""PM10"", ""@SpeciesDescription"": ""PM10 Particulate"", ""@DateMeasurementStarted"": ""2020-10-16 14:00:00"", ""@DateMeasurementFinished"": ""2024-06-21 00:00:00""}]","","","",""
"","","","","","","","","","","","","","","","NO2","Nitrogen Dioxide","2020-11-10 09:45:00","2024-06-21 00:00:00"
"","","","","","","","","","","","","","","","PM10","PM10 Particulate","2020-10-16 14:00:00","2024-06-21 00:00:00"
"29","Sutton","ST3","Sutton - Carshalton","Suburban","2016-07-13 00:00:00","1995-05-05 07:00:00","51.365318","-0.165936","6686170.43427","-18471.9110243","Sutton","King's College London","http://www.londonair.org.uk/london/asp/publicdetails.asp?site=ST3","[{""@SpeciesCode"": ""NO2"", ""@SpeciesDescription"": ""Nitrogen Dioxide"", ""@DateMeasurementStarted"": ""2002-01-11 14:00:00"", ""@DateMeasurementFinished"": ""2016-07-13 00:00:00""}, {""@SpeciesCode"": ""O3"", ""@SpeciesDescription"": ""Ozone"", ""@DateMeasurementStarted"": ""1995-10-03 12:00:00"", ""@DateMeasurementFinished"": ""2016-07-13 00:00:00""}]","","","",""
"","","","","","","","","","","","","","","","NO2","Nitrogen Dioxide","2002-01-11 14:00:00","2016-07-13 00:00:00"
"","","","","","","","","","","","","","","","O3","Ozone","1995-10-03 12:00:00","2016-07-13 00:00:00"
"29","Sutton","ST2","Sutton - North Cheam","Urban Background","2002-05-03 00:00:00","1995-04-25 17:00:00","51.3771892138334","-0.222044077436931","6688287.29725","-24717.8336339","Sutton","King's College London","http://www.londonair.org.uk/london/asp/publicdetails.asp?site=ST2","{""@SpeciesCode"": ""NO2"", ""@SpeciesDescription"": ""Nitrogen Dioxide"", ""@DateMeasurementStarted"": ""1995-04-25 17:00:00"", ""@DateMeasurementFinished"": ""2002-05-03 00:00:00""}","","","",""
"","","","","","","","","","","","","","","","NO2","Nitrogen Dioxide","1995-04-25 17:00:00","2002-05-03 00:00:00"
"29","Sutton","ST1","Sutton - Robin Hood School","Roadside","2002-04-26 00:00:00","1995-04-26 07:00:00","51.365744","-0.195563","6686246.38867","-21769.973578","Sutton","King's College London","http://www.londonair.org.uk/london/asp/publicdetails.asp?site=ST1","[{""@SpeciesCode"": ""CO"", ""@SpeciesDescription"": ""Carbon Monoxide"", ""@DateMeasurementStarted"": ""1995-10-03 11:00:00"", ""@DateMeasurementFinished"": ""2002-04-26 00:00:00""}, {""@SpeciesCode"": ""NO2"", ""@SpeciesDescription"": ""Nitrogen Dioxide"", ""@DateMeasurementStarted"": ""2001-10-02 11:00:00"", ""@DateMeasurementFinished"": ""2002-04-26 00:00:00""}, {""@SpeciesCode"": ""PM10"", ""@SpeciesDescription"": ""PM10 Particulate"", ""@DateMeasurementStarted"": ""1995-04-26 07:00:00"", ""@DateMeasurementFinished"": ""2002-04-26 00:00:00""}, {""@SpeciesCode"": ""SO2"", ""@SpeciesDescription"": ""Sulphur Dioxide"", ""@DateMeasurementStarted"": ""1995-10-03 11:00:00"", ""@DateMeasurementFinished"": ""2002-04-26 00:00:00""}]","","","",""
"","","","","","","","","","","","","","","","CO","Carbon Monoxide","1995-10-03 11:00:00","2002-04-26 00:00:00"
"","","","","","","","","","","","","","","","NO2","Nitrogen Dioxide","2001-10-02 11:00:00","2002-04-26 00:00:00"
"","","","","","","","","","","","","","","","PM10","PM10 Particulate","1995-04-26 07:00:00","2002-04-26 00:00:00"
"","","","","","","","","","","","","","","","SO2","Sulphur Dioxide","1995-10-03 11:00:00","2002-04-26 00:00:00"
"29","Sutton","ST7","Sutton - Therapia Lane","Industrial","2012-02-10 00:00:00","2010-02-09 00:00:00","51.3858391292126","-0.136339857220486","6689830.08727","-15177.2834806","Sutton","King's College London","http://www.londonair.org.uk/london/asp/publicdetails.asp?site=ST7","[{""@SpeciesCode"": ""NO2"", ""@SpeciesDescription"": ""Nitrogen Dioxide"", ""@DateMeasurementStarted"": ""2010-02-10 11:15:00"", ""@DateMeasurementFinished"": ""2012-02-10 00:00:00""}, {""@SpeciesCode"": ""PM10"", ""@SpeciesDescription"": ""PM10 Particulate"", ""@DateMeasurementStarted"": ""2010-02-09 00:00:00"", ""@DateMeasurementFinished"": ""2012-02-10 00:00:00""}]","","","",""
"","","","","","","","","","","","","","","","NO2","Nitrogen Dioxide","2010-02-10 11:15:00","2012-02-10 00:00:00"
"","","","","","","","","","","","","","","","PM10","PM10 Particulate","2010-02-09 00:00:00","2012-02-10 00:00:00"
"29","Sutton","ST4","Sutton - Wallington","Kerbside","2024-06-20 00:00:00","2002-07-17 00:00:00","51.3586596124998","-0.149723946604927","6684987.88329","-16663.3032574","Sutton","King's College London","http://www.londonair.org.uk/london/asp/publicdetails.asp?site=ST4","[{""@SpeciesCode"": ""NO2"", ""@SpeciesDescription"": ""Nitrogen Dioxide"", ""@DateMeasurementStarted"": ""2008-01-01 00:00:00"", ""@DateMeasurementFinished"": ""2024-06-20 00:00:00""}, {""@SpeciesCode"": ""PM10"", ""@SpeciesDescription"": ""PM10 Particulate"", ""@DateMeasurementStarted"": ""2013-04-30 12:00:00"", ""@DateMeasurementFinished"": ""2024-06-20 00:00:00""}]","","","",""
"","","","","","","","","","","","","","","","PM10","PM10 Particulate","2013-04-30 12:00:00","2024-06-20 00:00:00"
"29","Sutton","ST6","Sutton - Worcester Park","Kerbside","2024-06-20 00:00:00","2008-11-04 00:00:00","51.377923","-0.240414","6688418.16328","-26762.7640596","Sutton","King's College London","http://www.londonair.org.uk/london/asp/publicdetails.asp?site=ST6","[{""@SpeciesCode"": ""NO2"", ""@SpeciesDescription"": ""Nitrogen Dioxide"", ""@DateMeasurementStarted"": ""2008-11-05 13:15:00"", ""@DateMeasurementFinished"": ""2024-06-20 00:00:00""}, {""@SpeciesCode"": ""PM10"", ""@SpeciesDescription"": ""PM10 Particulate"", ""@DateMeasurementStarted"": ""2008-11-04 00:00:00"", ""@DateMeasurementFinished"": ""2024-06-20 00:00:00""}]","","","",""
"","","","","","","","","","","","","","","","NO2","Nitrogen Dioxide","2008-11-05 13:15:00","2024-06-20 00:00:00"
"","","","","","","","","","","","","","","","PM10","PM10 Particulate","2008-11-04 00:00:00","2024-06-20 00:00:00"
"30","Tower Hamlets","TH3","Tower Hamlets - Bethnal Green","Urban Background","2009-11-02 00:00:00","1999-10-24 12:00:00","51.526737","-0.053869","6715001.65788","-5996.66964954","Tower Hamlets","King's College London","http://www.londonair.org.uk/london/asp/publicdetails.asp?site=TH3","[{""@SpeciesCode"": ""NO2"", ""@SpeciesDescription"": ""Nitrogen Dioxide"", ""@DateMeasurementStarted"": ""1999-10-01 00:00:00"", ""@DateMeasurementFinished"": ""2009-11-02 00:00:00""}, {""@SpeciesCode"": ""PM10"", ""@SpeciesDescription"": ""PM10 Particulate"", ""@DateMeasurementStarted"": ""1999-10-24 12:00:00"", ""@DateMeasurementFinished"": ""2009-11-02 00:00:00""}, {""@SpeciesCode"": ""SO2"", ""@SpeciesDescription"": ""Sulphur Dioxide"", ""@DateMeasurementStarted"": ""1999-10-01 00:00:00"", ""@DateMeasurementFinished"": ""2009-11-02 00:00:00""}]","","","",""
"","","","","","","","","","","","","","","","NO2","Nitrogen Dioxide","1999-10-01 00:00:00","2009-11-02 00:00:00"
"","","","","","","","","","","","","","","","PM10","PM10 Particulate","1999-10-24 12:00:00","2009-11-02 00:00:00"
"","","","","","","","","","","","","","","","SO2","Sulphur Dioxide","1999-10-01 00:00:00","2009-11-02 00:00:00"
"30","Tower Hamlets","TH4","Tower Hamlets - Blackwall","Roadside","","2006-09-08 00:00:00","51.5150461674013","-0.00841849265642741","6712915.63292","-933.636569283","Tower Hamlets","King's College London","http://www.londonair.org.uk/london/asp/publicdetails.asp?site=TH4","[{""@SpeciesCode"": ""NO2"", ""@SpeciesDescription"": ""Nitrogen Dioxide"", ""@DateMeasurementStarted"": ""2006-09-10 00:00:00"", ""@DateMeasurementFinished"": """"}, {""@SpeciesCode"": ""O3"", ""@SpeciesDescription"": ""Ozone"", ""@DateMeasurementStarted"": ""2006-09-10 00:00:00"", ""@DateMeasurementFinished"": """"}, {""@SpeciesCode"": ""PM10"", ""@SpeciesDescription"": ""PM10 Particulate"", ""@DateMeasurementStarted"": ""2006-09-10 00:00:00"", ""@DateMeasurementFinished"": """"}, {""@SpeciesCode"": ""PM25"", ""@SpeciesDescription"": ""PM2.5 Particulate"", ""@DateMeasurementStarted"": ""2006-09-10 00:00:00"", ""@DateMeasurementFinished"": """"}]","","","",""
"","","","","","","","","","","","","","","","NO2","Nitrogen Dioxide","2006-09-10 00:00:00",""
"","","","","","","","","","","","","","","","O3","Ozone","2006-09-10 00:00:00",""
"","","","","","","","","","","","","","","","PM10","PM10 Particulate","2006-09-10 00:00:00",""
"","","","","","","","","","","","","","","","PM25","PM2.5 Particulate","2006-09-10 00:00:00",""
"12","Hackney","CW3","Tower Hamlets - Jubilee Park","Urban Background","","2022-01-17 00:00:00","51.5029878731458","-0.0180219908165375","","","Hackney","King's College London","http://www.londonair.org.uk/london/asp/publicdetails.asp?site=CW3","[{""@SpeciesCode"": ""NO2"", ""@SpeciesDescription"": ""Nitrogen Dioxide"", ""@DateMeasurementStarted"": ""2022-01-01 10:00:00"", ""@DateMeasurementFinished"": """"}, {""@SpeciesCode"": ""PM10"", ""@SpeciesDescription"": ""PM10 Particulate"", ""@DateMeasurementStarted"": ""2022-01-01 10:00:00"", ""@DateMeasurementFinished"": """"}, {""@SpeciesCode"": ""PM25"", ""@SpeciesDescription"": ""PM2.5 Particulate"", ""@DateMeasurementStarted"": ""2022-01-01 10:00:00"", ""@DateMeasurementFinished"": """"}]","","","",""
"","","","","","","","","","","","","","","","NO2","Nitrogen Dioxide","2022-01-01 10:00:00",""
"","","","","","","","","","","","","","","","PM10","PM10 Particulate","2022-01-01 10:00:00",""
"","","","","","","","","","","","","","","","PM25","PM2.5 Particulate","2022-01-01 10:00:00",""
"30","Tower Hamlets","TH7","Tower Hamlets - King Edward Memorial Park","Urban Background","","2025-04-01 00:00:00","51.5094228799835","-0.0505278232872832","","","Tower Hamlets","King's College London","http://www.londonair.org.uk/london/asp/publicdetails.asp?site=TH7","[{""@SpeciesCode"": ""NO2"", ""@SpeciesDescription"": ""Nitrogen Dioxide"", ""@DateMeasurementStarted"": ""2025-01-01 00:00:00"", ""@DateMeasurementFinished"": """"}, {""@SpeciesCode"": ""PM25"", ""@SpeciesDescription"": ""PM2.5 Particulate"", ""@DateMeasurementStarted"": ""2025-01-01 00:00:00"", ""@DateMeasurementFinished"": """"}]","","","",""
"","","","","","","","","","","","","","","","NO2","Nitrogen Dioxide","2025-01-01 00:00:00",""
"","","","","","","","","","","","","","","","PM25","PM2.5 Particulate","2025-01-01 00:00:00",""
"30","Tower Hamlets","TH2","Tower Hamlets - Mile End Road","Roadside","","1994-03-10 00:00:00","51.5225462561171","-0.0420823040635312","6714255.02857","-4688.33167425","Tower Hamlets","King's College London","http://www.londonair.org.uk/london/asp/publicdetails.asp?site=TH2","[{""@SpeciesCode"": ""CO"", ""@SpeciesDescription"": ""Carbon Monoxide"", ""@DateMeasurementStarted"": ""1995-10-10 14:00:00"", ""@DateMeasurementFinished"": ""2013-04-23 00:00:00""}, {""@SpeciesCode"": ""NO2"", ""@SpeciesDescription"": ""Nitrogen Dioxide"", ""@DateMeasurementStarted"": ""2001-11-08 14:00:00"", ""@DateMeasurementFinished"": """"}, {""@SpeciesCode"": ""PM25"", ""@SpeciesDescription"": ""PM2.5 Particulate"", ""@DateMeasurementStarted"": ""2025-01-01 00:00:00"", ""@DateMeasurementFinished"": """"}]","","","",""
"","","","","","","","","","","","","","","","CO","Carbon Monoxide","1995-10-10 14:00:00","2013-04-23 00:00:00"
"","","","","","","","","","","","","","","","NO2","Nitrogen Dioxide","2001-11-08 14:00:00",""
"30","Tower Hamlets","TH6","Tower Hamlets - Millwall Park","Urban Background","","2015-07-06 00:00:00","51.4891342634","-0.0129769309432","6708276.27893065","-1444.5853446565","Tower Hamlets","King's College London","http://www.londonair.org.uk/london/asp/publicdetails.asp?site=TH6","[{""@SpeciesCode"": ""NO2"", ""@SpeciesDescription"": ""Nitrogen Dioxide"", ""@DateMeasurementStarted"": ""2006-03-15 10:55:00"", ""@DateMeasurementFinished"": """"}, {""@SpeciesCode"": ""O3"", ""@SpeciesDescription"": ""Ozone"", ""@DateMeasurementStarted"": ""2006-03-15 10:55:00"", ""@DateMeasurementFinished"": """"}, {""@SpeciesCode"": ""PM10"", ""@SpeciesDescription"": ""PM10 Particulate"", ""@DateMeasurementStarted"": ""2016-07-07 06:00:00"", ""@DateMeasurementFinished"": """"}]","","","",""
"","","","","","","","","","","","","","","","NO2","Nitrogen Dioxide","2006-03-15 10:55:00",""
"","","","","","","","","","","","","","","","O3","Ozone","2006-03-15 10:55:00",""
"","","","","","","","","","","","","","","","PM10","PM10 Particulate","2016-07-07 06:00:00",""
"30","Tower Hamlets","TH1","Tower Hamlets - Poplar","Urban Background","2013-07-02 00:00:00","1994-01-04 17:00:00","51.510012","-0.019866","6712009.64865","-2211.4730041","Tower Hamlets","King's College London","http://www.londonair.org.uk/london/asp/publicdetails.asp?site=TH1","[{""@SpeciesCode"": ""NO2"", ""@SpeciesDescription"": ""Nitrogen Dioxide"", ""@DateMeasurementStarted"": ""2008-01-01 00:00:00"", ""@DateMeasurementFinished"": ""2013-07-02 00:00:00""}, {""@SpeciesCode"": ""O3"", ""@SpeciesDescription"": ""Ozone"", ""@DateMeasurementStarted"": ""1995-10-01 00:00:00"", ""@DateMeasurementFinished"": ""2013-07-02 00:00:00""}, {""@SpeciesCode"": ""PM10"", ""@SpeciesDescription"": ""PM10 Particulate"", ""@DateMeasurementStarted"": ""1994-01-04 17:00:00"", ""@DateMeasurementFinished"": ""2013-07-02 00:00:00""}, {""@SpeciesCode"": ""SO2"", ""@SpeciesDescription"": ""Sulphur Dioxide"", ""@DateMeasurementStarted"": ""1995-10-02 12:00:00"", ""@DateMeasurementFinished"": ""2013-07-02 00:00:00""}]","","","",""
"","","","","","","","","","","","","","","","NO2","Nitrogen Dioxide","2008-01-01 00:00:00","2013-07-02 00:00:00"
"","","","","","","","","","","","","","","","O3","Ozone","1995-10-01 00:00:00","2013-07-02 00:00:00"
"","","","","","","","","","","","","","","","PM10","PM10 Particulate","1994-01-04 17:00:00","2013-07-02 00:00:00"
"","","","","","","","","","","","","","","","SO2","Sulphur Dioxide","1995-10-02 12:00:00","2013-07-02 00:00:00"
"30","Tower Hamlets","TH5","Tower Hamlets - Victoria Park","Urban Background","","2012-07-25 00:00:00","51.5399327394691","-0.0331740581778178","6717468.09487173","-3707.7615695525","Tower Hamlets","King's College London","http://www.londonair.org.uk/london/asp/publicdetails.asp?site=TH5","[{""@SpeciesCode"": ""NO2"", ""@SpeciesDescription"": ""Nitrogen Dioxide"", ""@DateMeasurementStarted"": ""2012-07-25 14:00:00"", ""@DateMeasurementFinished"": """"}, {""@SpeciesCode"": ""O3"", ""@SpeciesDescription"": ""Ozone"", ""@DateMeasurementStarted"": ""2012-07-25 14:00:00"", ""@DateMeasurementFinished"": ""2012-09-24 00:00:00""}, {""@SpeciesCode"": ""PM10"", ""@SpeciesDescription"": ""PM10 Particulate"", ""@DateMeasurementStarted"": ""2012-10-22 11:00:00"", ""@DateMeasurementFinished"": """"}, {""@SpeciesCode"": ""PM25"", ""@SpeciesDescription"": ""PM2.5 Particulate"", ""@DateMeasurementStarted"": ""2025-01-01 00:00:00"", ""@DateMeasurementFinished"": """"}, {""@SpeciesCode"": ""SO2"", ""@SpeciesDescription"": ""Sulphur Dioxide"", ""@DateMeasurementStarted"": ""2012-07-25 14:00:00"", ""@DateMeasurementFinished"": """"}]","","","",""
"","","","","","","","","","","","","","","","NO2","Nitrogen Dioxide","2012-07-25 14:00:00",""
"","","","","","","","","","","","","","","","O3","Ozone","2012-07-25 14:00:00","2012-09-24 00:00:00"
"","","","","","","","","","","","","","","","PM10","PM10 Particulate","2012-10-22 11:00:00",""
"","","","","","","","","","","","","","","","SO2","Sulphur Dioxide","2012-07-25 14:00:00",""
"31","Waltham Forest","WL3","Waltham Forest - Chingford","Roadside","2007-04-18 00:00:00","2003-07-14 12:00:00","51.6251928602333","-0.0225973251092037","6732637.17949","-2515.52272445","Waltham Forest","King's College London","http://www.londonair.org.uk/london/asp/publicdetails.asp?site=WL3","[{""@SpeciesCode"": ""NO2"", ""@SpeciesDescription"": ""Nitrogen Dioxide"", ""@DateMeasurementStarted"": ""2003-07-14 12:00:00"", ""@DateMeasurementFinished"": ""2007-04-18 00:00:00""}, {""@SpeciesCode"": ""PM10"", ""@SpeciesDescription"": ""PM10 Particulate"", ""@DateMeasurementStarted"": ""2003-07-14 12:00:00"", ""@DateMeasurementFinished"": ""2007-04-18 00:00:00""}, {""@SpeciesCode"": ""SO2"", ""@SpeciesDescription"": ""Sulphur Dioxide"", ""@DateMeasurementStarted"": ""2003-07-09 14:00:00"", ""@DateMeasurementFinished"": ""2007-04-18 00:00:00""}]","","","",""
"","","","","","","","","","","","","","","","NO2","Nitrogen Dioxide","2003-07-14 12:00:00","2007-04-18 00:00:00"
"","","","","","","","","","","","","","","","PM10","PM10 Particulate","2003-07-14 12:00:00","2007-04-18 00:00:00"
"","","","","","","","","","","","","","","","SO2","Sulphur Dioxide","2003-07-09 14:00:00","2007-04-18 00:00:00"
"31","Waltham Forest","WL4","Waltham Forest - Crooked Billet","Kerbside","2011-04-01 00:00:00","2007-11-01 00:00:00","51.601718495597","-0.016498263136","6728428.95552","-1836.57825127","Waltham Forest","King's College London","http://www.londonair.org.uk/london/asp/publicdetails.asp?site=WL4","[{""@SpeciesCode"": ""NO2"", ""@SpeciesDescription"": ""Nitrogen Dioxide"", ""@DateMeasurementStarted"": ""2007-11-01 00:00:00"", ""@DateMeasurementFinished"": ""2011-04-01 00:00:00""}, {""@SpeciesCode"": ""PM10"", ""@SpeciesDescription"": ""PM10 Particulate"", ""@DateMeasurementStarted"": ""2007-11-01 00:00:00"", ""@DateMeasurementFinished"": ""2011-04-01 00:00:00""}]","","","",""
"","","","","","","","","","","","","","","","NO2","Nitrogen Dioxide","2007-11-01 00:00:00","2011-04-01 00:00:00"
"","","","","","","","","","","","","","","","PM10","PM10 Particulate","2007-11-01 00:00:00","2011-04-01 00:00:00"
"31","Waltham Forest","WL1","Waltham Forest - Dawlish Road","Urban Background","2011-04-01 00:00:00","1998-07-05 08:00:00","51.562422","-0.004891","6721389.18152","-544.46362947","Waltham Forest","King's College London","http://www.londonair.org.uk/london/asp/publicdetails.asp?site=WL1","[{""@SpeciesCode"": ""NO2"", ""@SpeciesDescription"": ""Nitrogen Dioxide"", ""@DateMeasurementStarted"": ""2008-01-01 00:00:00"", ""@DateMeasurementFinished"": ""2011-04-01 00:00:00""}, {""@SpeciesCode"": ""PM10"", ""@SpeciesDescription"": ""PM10 Particulate"", ""@DateMeasurementStarted"": ""1998-07-05 08:00:00"", ""@DateMeasurementFinished"": ""2011-04-01 00:00:00""}, {""@SpeciesCode"": ""SO2"", ""@SpeciesDescription"": ""Sulphur Dioxide"", ""@DateMeasurementStarted"": ""1998-06-08 10:00:00"", ""@DateMeasurementFinished"": ""2009-06-08 00:00:00""}]","","","",""
"","","","","","","","","","","","","","","","NO2","Nitrogen Dioxide","2008-01-01 00:00:00","2011-04-01 00:00:00"
"","","","","","","","","","","","","","","","PM10","PM10 Particulate","1998-07-05 08:00:00","2011-04-01 00:00:00"
"","","","","","","","","","","","","","","","SO2","Sulphur Dioxide","1998-06-08 10:00:00","2009-06-08 00:00:00"
"31","Waltham Forest","WL5","Waltham Forest - Leyton","Roadside","2011-04-01 00:00:00","2007-09-20 00:00:00","51.556257676576","-0.013629679065","6720285.4254","-1517.24893319","Waltham Forest","King's College London","http://www.londonair.org.uk/london/asp/publicdetails.asp?site=WL5","[{""@SpeciesCode"": ""NO2"", ""@SpeciesDescription"": ""Nitrogen Dioxide"", ""@DateMeasurementStarted"": ""2007-09-20 00:00:00"", ""@DateMeasurementFinished"": ""2011-04-01 00:00:00""}, {""@SpeciesCode"": ""PM10"", ""@SpeciesDescription"": ""PM10 Particulate"", ""@DateMeasurementStarted"": ""2007-09-20 00:00:00"", ""@DateMeasurementFinished"": ""2011-04-01 00:00:00""}, {""@SpeciesCode"": ""SO2"", ""@SpeciesDescription"": ""Sulphur Dioxide"", ""@DateMeasurementStarted"": ""2005-09-20 00:00:00"", ""@DateMeasurementFinished"": ""2009-06-10 00:00:00""}]","","","",""
"","","","","","","","","","","","","","","","NO2","Nitrogen Dioxide","2007-09-20 00:00:00","2011-04-01 00:00:00"
"","","","","","","","","","","","","","","","PM10","PM10 Particulate","2007-09-20 00:00:00","2011-04-01 00:00:00"
"","","","","","","","","","","","","","","","SO2","Sulphur Dioxide","2005-09-20 00:00:00","2009-06-10 00:00:00"
"31","Waltham Forest","WL2","Waltham Forest - Mobile","Roadside","2001-10-12 11:00:00","1998-07-09 12:15:00","51.564725703428","0.00399595335237289","6721801.71074","444.82749242","Waltham Forest","King's College London","http://www.londonair.org.uk/london/asp/publicdetails.asp?site=WL2","[{""@SpeciesCode"": ""NO2"", ""@SpeciesDescription"": ""Nitrogen Dioxide"", ""@DateMeasurementStarted"": ""1998-07-09 12:15:00"", ""@DateMeasurementFinished"": ""2001-10-12 11:00:00""}, {""@SpeciesCode"": ""PM10"", ""@SpeciesDescription"": ""PM10 Particulate"", ""@DateMeasurementStarted"": ""1998-07-09 12:15:00"", ""@DateMeasurementFinished"": ""2001-10-12 11:00:00""}, {""@SpeciesCode"": ""SO2"", ""@SpeciesDescription"": ""Sulphur Dioxide"", ""@DateMeasurementStarted"": ""2001-07-06 12:00:00"", ""@DateMeasurementFinished"": ""2001-10-12 11:00:00""}]","","","",""
"","","","","","","","","","","","","","","","NO2","Nitrogen Dioxide","1998-07-09 12:15:00","2001-10-12 11:00:00"
"","","","","","","","","","","","","","","","PM10","PM10 Particulate","1998-07-09 12:15:00","2001-10-12 11:00:00"
"","","","","","","","","","","","","","","","SO2","Sulphur Dioxide","2001-07-06 12:00:00","2001-10-12 11:00:00"
"32","Wandsworth","WAA","Wandsworth - Battersea","Roadside","","2012-06-19 00:00:00","51.4794395281222","-0.141786953606306","6706543.24163182","-15783.6514765835","Wandsworth","King's College London","http://www.londonair.org.uk/london/asp/publicdetails.asp?site=WAA","[{""@SpeciesCode"": ""NO2"", ""@SpeciesDescription"": ""Nitrogen Dioxide"", ""@DateMeasurementStarted"": ""2012-06-19 00:00:00"", ""@DateMeasurementFinished"": """"}, {""@SpeciesCode"": ""PM10"", ""@SpeciesDescription"": ""PM10 Particulate"", ""@DateMeasurementStarted"": ""2012-06-19 00:00:00"", ""@DateMeasurementFinished"": """"}, {""@SpeciesCode"": ""PM25"", ""@SpeciesDescription"": ""PM2.5 Particulate"", ""@DateMeasurementStarted"": ""2024-08-16 00:00:00"", ""@DateMeasurementFinished"": """"}]","","","",""
"","","","","","","","","","","","","","","","NO2","Nitrogen Dioxide","2012-06-19 00:00:00",""
"","","","","","","","","","","","","","","","PM10","PM10 Particulate","2012-06-19 00:00:00",""
"","","","","","","","","","","","","","","","PM25","PM2.5 Particulate","2024-08-16 00:00:00",""
"32","Wandsworth","WA1","Wandsworth - Garratt Lane","Roadside","1996-02-26 00:00:00","1995-04-01 00:00:00","51.4548722085","-0.193003999857021","6702153.22021","-21485.1069851","Wandsworth","King's College London","http://www.londonair.org.uk/london/asp/publicdetails.asp?site=WA1","[{""@SpeciesCode"": ""CO"", ""@SpeciesDescription"": ""Carbon Monoxide"", ""@DateMeasurementStarted"": ""1995-10-04 12:00:00"", ""@DateMeasurementFinished"": ""1996-02-26 00:00:00""}, {""@SpeciesCode"": ""NO2"", ""@SpeciesDescription"": ""Nitrogen Dioxide"", ""@DateMeasurementStarted"": ""1995-04-01 00:00:00"", ""@DateMeasurementFinished"": ""1996-02-26 00:00:00""}]","","","",""
"","","","","","","","","","","","","","","","CO","Carbon Monoxide","1995-10-04 12:00:00","1996-02-26 00:00:00"
"","","","","","","","","","","","","","","","NO2","Nitrogen Dioxide","1995-04-01 00:00:00","1996-02-26 00:00:00"
"32","Wandsworth","WA4","Wandsworth - High Street","Roadside","2007-08-30 08:45:00","1998-01-31 23:00:00","51.4564354037312","-0.191157408342927","6702432.48271","-21279.5453581","Wandsworth","King's College London","http://www.londonair.org.uk/london/asp/publicdetails.asp?site=WA4","[{""@SpeciesCode"": ""CO"", ""@SpeciesDescription"": ""Carbon Monoxide"", ""@DateMeasurementStarted"": ""1998-02-09 12:00:00"", ""@DateMeasurementFinished"": ""2007-08-30 08:45:00""}, {""@SpeciesCode"": ""NO2"", ""@SpeciesDescription"": ""Nitrogen Dioxide"", ""@DateMeasurementStarted"": ""1998-01-31 23:00:00"", ""@DateMeasurementFinished"": ""2007-08-30 08:45:00""}, {""@SpeciesCode"": ""PM10"", ""@SpeciesDescription"": ""PM10 Particulate"", ""@DateMeasurementStarted"": ""1998-01-31 23:00:00"", ""@DateMeasurementFinished"": ""2007-08-30 08:45:00""}]","","","",""
"","","","","","","","","","","","","","","","CO","Carbon Monoxide","1998-02-09 12:00:00","2007-08-30 08:45:00"
"","","","","","","","","","","","","","","","NO2","Nitrogen Dioxide","1998-01-31 23:00:00","2007-08-30 08:45:00"
"","","","","","","","","","","","","","","","PM10","PM10 Particulate","1998-01-31 23:00:00","2007-08-30 08:45:00"
"32","Wandsworth","WA9","Wandsworth - Putney","Urban Background","","2011-01-04 00:00:00","51.4650325059122","-0.215824580947572","6703968.51315","-24025.4824518","Wandsworth","King's College London","http://www.londonair.org.uk/london/asp/publicdetails.asp?site=WA9","[{""@SpeciesCode"": ""CO"", ""@SpeciesDescription"": ""Carbon Monoxide"", ""@DateMeasurementStarted"": ""2011-01-04 00:00:00"", ""@DateMeasurementFinished"": ""2012-09-13 00:00:00""}, {""@SpeciesCode"": ""NO2"", ""@SpeciesDescription"": ""Nitrogen Dioxide"", ""@DateMeasurementStarted"": ""2011-01-04 00:00:00"", ""@DateMeasurementFinished"": """"}, {""@SpeciesCode"": ""PM10"", ""@SpeciesDescription"": ""PM10 Particulate"", ""@DateMeasurementStarted"": ""2011-01-04 00:00:00"", ""@DateMeasurementFinished"": """"}, {""@SpeciesCode"": ""PM25"", ""@SpeciesDescription"": ""PM2.5 Particulate"", ""@DateMeasurementStarted"": ""2024-09-01 00:00:00"", ""@DateMeasurementFinished"": """"}]","","","",""
"","","","","","","","","","","","","","","","CO","Carbon Monoxide","2011-01-04 00:00:00","2012-09-13 00:00:00"
"","","","","","","","","","","","","","","","NO2","Nitrogen Dioxide","2011-01-04 00:00:00",""
"","","","","","","","","","","","","","","","PM10","PM10 Particulate","2011-01-04 00:00:00",""
"","","","","","","","","","","","","","","","PM25","PM2.5 Particulate","2024-09-01 00:00:00",""
"32","Wandsworth","WA7","Wandsworth - Putney High Street","Kerbside","","2009-07-09 00:00:00","51.463429","-0.215871","6703681.99537","-24030.649797","Wandsworth","King's College London","http://www.londonair.org.uk/london/asp/publicdetails.asp?site=WA7","[{""@SpeciesCode"": ""NO2"", ""@SpeciesDescription"": ""Nitrogen Dioxide"", ""@DateMeasurementStarted"": ""2009-07-09 00:00:00"", ""@DateMeasurementFinished"": """"}, {""@SpeciesCode"": ""PM10"", ""@SpeciesDescription"": ""PM10 Particulate"", ""@DateMeasurementStarted"": ""2009-07-09 00:00:00"", ""@DateMeasurementFinished"": """"}, {""@SpeciesCode"": ""PM25"", ""@SpeciesDescription"": ""PM2.5 Particulate"", ""@DateMeasurementStarted"": ""2024-08-01 00:00:00"", ""@DateMeasurementFinished"": """"}]","","","",""
"","","","","","","","","","","","","","","","NO2","Nitrogen Dioxide","2009-07-09 00:00:00",""
"","","","","","","","","","","","","","","","PM10","PM10 Particulate","2009-07-09 00:00:00",""
"","","","","","","","","","","","","","","","PM25","PM2.5 Particulate","2024-08-01 00:00:00",""
"32","Wandsworth","WA8","Wandsworth - Putney High Street Facade","Roadside","2024-01-25 00:00:00","2010-04-23 00:00:00","51.4637206047191","-0.215890144123119","6703734.09916","-24032.7809111","Wandsworth","King's College London","http://www.londonair.org.uk/london/asp/publicdetails.asp?site=WA8","{""@SpeciesCode"": ""NO2"", ""@SpeciesDescription"": ""Nitrogen Dioxide"", ""@DateMeasurementStarted"": ""2010-04-23 09:00:00"", ""@DateMeasurementFinished"": ""2024-01-25 00:00:00""}","","","",""
"","","","","","","","","","","","","","","","NO2","Nitrogen Dioxide","2010-04-23 09:00:00","2024-01-25 00:00:00"
"32","Wandsworth","WA3","Wandsworth - Roehampton","Rural","2000-11-24 13:45:00","1994-10-31 00:00:00","51.4569204685076","-0.245562490498382","6702519.14075","-27335.8914002","Wandsworth","King's College London","http://www.londonair.org.uk/london/asp/publicdetails.asp?site=WA3","[{""@SpeciesCode"": ""O3"", ""@SpeciesDescription"": ""Ozone"", ""@DateMeasurementStarted"": ""1995-10-04 11:00:00"", ""@DateMeasurementFinished"": ""2000-11-24 13:45:00""}, {""@SpeciesCode"": ""SO2"", ""@SpeciesDescription"": ""Sulphur Dioxide"", ""@DateMeasurementStarted"": ""1995-10-04 11:00:00"", ""@DateMeasurementFinished"": ""2000-11-24 13:45:00""}]","","","",""
"","","","","","","","","","","","","","","","O3","Ozone","1995-10-04 11:00:00","2000-11-24 13:45:00"
"","","","","","","","","","","","","","","","SO2","Sulphur Dioxide","1995-10-04 11:00:00","2000-11-24 13:45:00"
"32","Wandsworth","WA6","Wandsworth - Tooting","Roadside","2009-08-28 13:30:00","2008-07-01 00:00:00","51.425284","-0.164452","6696869.13346","-18306.7128999","Wandsworth","King's College London","http://www.londonair.org.uk/london/asp/publicdetails.asp?site=WA6","[{""@SpeciesCode"": ""NO2"", ""@SpeciesDescription"": ""Nitrogen Dioxide"", ""@DateMeasurementStarted"": ""2008-04-02 13:15:00"", ""@DateMeasurementFinished"": ""2009-07-28 13:30:00""}, {""@SpeciesCode"": ""PM10"", ""@SpeciesDescription"": ""PM10 Particulate"", ""@DateMeasurementStarted"": ""2008-07-01 00:00:00"", ""@DateMeasurementFinished"": ""2009-08-28 13:30:00""}]","","","",""
"","","","","","","","","","","","","","","","NO2","Nitrogen Dioxide","2008-04-02 13:15:00","2009-07-28 13:30:00"
"","","","","","","","","","","","","","","","PM10","PM10 Particulate","2008-07-01 00:00:00","2009-08-28 13:30:00"
"32","Wandsworth","WAB","Wandsworth - Tooting High Street","Roadside","","2015-06-11 00:00:00","51.429331","-0.166524","6697591.67537674","-18537.3668848591","Wandsworth","King's College London","http://www.londonair.org.uk/london/asp/publicdetails.asp?site=WAB","[{""@SpeciesCode"": ""NO2"", ""@SpeciesDescription"": ""Nitrogen Dioxide"", ""@DateMeasurementStarted"": ""2002-06-10 11:50:00"", ""@DateMeasurementFinished"": """"}, {""@SpeciesCode"": ""PM10"", ""@SpeciesDescription"": ""PM10 Particulate"", ""@DateMeasurementStarted"": ""2025-01-17 00:00:00"", ""@DateMeasurementFinished"": """"}, {""@SpeciesCode"": ""PM25"", ""@SpeciesDescription"": ""PM2.5 Particulate"", ""@DateMeasurementStarted"": ""2025-01-17 00:00:00"", ""@DateMeasurementFinished"": """"}]","","","",""
"","","","","","","","","","","","","","","","NO2","Nitrogen Dioxide","2002-06-10 11:50:00",""
"","","","","","","","","","","","","","","","PM10","PM10 Particulate","2025-01-17 00:00:00",""
"","","","","","","","","","","","","","","","PM25","PM2.5 Particulate","2025-01-17 00:00:00",""
"32","Wandsworth","WA2","Wandsworth - Wandsworth Town Hall","Urban Background","2024-01-24 00:00:00","1994-10-11 14:00:00","51.456962","-0.191074","6702526.5605","-21270.2603838","Wandsworth","King's College London","http://www.londonair.org.uk/london/asp/publicdetails.asp?site=WA2","[{""@SpeciesCode"": ""CO"", ""@SpeciesDescription"": ""Carbon Monoxide"", ""@DateMeasurementStarted"": ""1995-09-19 11:00:00"", ""@DateMeasurementFinished"": ""2016-08-01 00:00:00""}, {""@SpeciesCode"": ""NO2"", ""@SpeciesDescription"": ""Nitrogen Dioxide"", ""@DateMeasurementStarted"": ""2001-12-20 13:00:00"", ""@DateMeasurementFinished"": ""2024-01-24 00:00:00""}, {""@SpeciesCode"": ""O3"", ""@SpeciesDescription"": ""Ozone"", ""@DateMeasurementStarted"": ""1995-10-04 11:00:00"", ""@DateMeasurementFinished"": ""2024-01-24 00:00:00""}, {""@SpeciesCode"": ""SO2"", ""@SpeciesDescription"": ""Sulphur Dioxide"", ""@DateMeasurementStarted"": ""1995-10-04 11:00:00"", ""@DateMeasurementFinished"": ""2016-08-01 00:00:00""}]","","","",""
"","","","","","","","","","","","","","","","CO","Carbon Monoxide","1995-09-19 11:00:00","2016-08-01 00:00:00"
"","","","","","","","","","","","","","","","NO2","Nitrogen Dioxide","2001-12-20 13:00:00","2024-01-24 00:00:00"
"","","","","","","","","","","","","","","","O3","Ozone","1995-10-04 11:00:00","2024-01-24 00:00:00"
"","","","","","","","","","","","","","","","SO2","Sulphur Dioxide","1995-10-04 11:00:00","2016-08-01 00:00:00"
"33","Westminster","CE2","Waterloo Place (The Crown Estate)","Roadside","","2020-12-21 00:00:00","51.5075819137762","-0.133068372704093","6711575.01117305","-14813.1034901092","Westminster","King's College London","http://www.londonair.org.uk/london/asp/publicdetails.asp?site=CE2","[{""@SpeciesCode"": ""NO2"", ""@SpeciesDescription"": ""Nitrogen Dioxide"", ""@DateMeasurementStarted"": ""2021-09-24 09:40:00"", ""@DateMeasurementFinished"": """"}, {""@SpeciesCode"": ""O3"", ""@SpeciesDescription"": ""Ozone"", ""@DateMeasurementStarted"": ""2020-12-21 12:00:00"", ""@DateMeasurementFinished"": """"}, {""@SpeciesCode"": ""PM10"", ""@SpeciesDescription"": ""PM10 Particulate"", ""@DateMeasurementStarted"": ""2020-12-21 00:00:00"", ""@DateMeasurementFinished"": """"}, {""@SpeciesCode"": ""PM25"", ""@SpeciesDescription"": ""PM2.5 Particulate"", ""@DateMeasurementStarted"": ""2020-12-21 00:00:00"", ""@DateMeasurementFinished"": """"}]","","","",""
"","","","","","","","","","","","","","","","NO2","Nitrogen Dioxide","2021-09-24 09:40:00",""
"","","","","","","","","","","","","","","","O3","Ozone","2020-12-21 12:00:00",""
"","","","","","","","","","","","","","","","PM10","PM10 Particulate","2020-12-21 00:00:00",""
"","","","","","","","","","","","","","","","PM25","PM2.5 Particulate","2020-12-21 00:00:00",""
"33","Westminster","BP0","Westminster - Bridge Place","Urban Background","1999-11-21 13:45:00","1990-07-03 00:00:00","51.4938505656999","-0.143808451030166","6709119.5015","-16008.6835404","Westminster","King's College London","http://www.londonair.org.uk/london/asp/publicdetails.asp?site=BP0","[{""@SpeciesCode"": ""CO"", ""@SpeciesDescription"": ""Carbon Monoxide"", ""@DateMeasurementStarted"": ""1990-07-03 00:00:00"", ""@DateMeasurementFinished"": ""1999-11-21 13:45:00""}, {""@SpeciesCode"": ""NO2"", ""@SpeciesDescription"": ""Nitrogen Dioxide"", ""@DateMeasurementStarted"": ""1990-07-03 00:00:00"", ""@DateMeasurementFinished"": ""1999-11-21 13:45:00""}, {""@SpeciesCode"": ""O3"", ""@SpeciesDescription"": ""Ozone"", ""@DateMeasurementStarted"": ""1990-07-03 00:00:00"", ""@DateMeasurementFinished"": ""1999-11-21 13:45:00""}, {""@SpeciesCode"": ""SO2"", ""@SpeciesDescription"": ""Sulphur Dioxide"", ""@DateMeasurementStarted"": ""1990-07-03 00:00:00"", ""@DateMeasurementFinished"": ""1999-11-21 13:45:00""}]","","","",""
"","","","","","","","","","","","","","","","CO","Carbon Monoxide","1990-07-03 00:00:00","1999-11-21 13:45:00"
"","","","","","","","","","","","","","","","NO2","Nitrogen Dioxide","1990-07-03 00:00:00","1999-11-21 13:45:00"
"","","","","","","","","","","","","","","","O3","Ozone","1990-07-03 00:00:00","1999-11-21 13:45:00"
"","","","","","","","","","","","","","","","SO2","Sulphur Dioxide","1990-07-03 00:00:00","1999-11-21 13:45:00"
"33","Westminster","WMA","Westminster - Buckingham Palace Road","Roadside","2020-04-27 10:00:00","2018-02-18 00:00:00","51.4932327916861","-0.147391757027028","","","Westminster","King's College London","http://www.londonair.org.uk/london/asp/publicdetails.asp?site=WMA","{""@SpeciesCode"": ""NO2"", ""@SpeciesDescription"": ""Nitrogen Dioxide"", ""@DateMeasurementStarted"": ""2018-02-18 08:00:00"", ""@DateMeasurementFinished"": ""2020-04-27 10:00:00""}","","","",""
"","","","","","","","","","","","","","","","NO2","Nitrogen Dioxide","2018-02-18 08:00:00","2020-04-27 10:00:00"
"33","Westminster","WMC","Westminster - Cavendish Square","Roadside","2023-06-08 00:00:00","2018-05-31 12:00:00","51.5168016452062","-0.145657269364411","6713226.17707297","-16227.821409371","Westminster","King's College London","http://www.londonair.org.uk/london/asp/publicdetails.asp?site=WMC","[{""@SpeciesCode"": ""NO2"", ""@SpeciesDescription"": ""Nitrogen Dioxide"", ""@DateMeasurementStarted"": ""2018-05-31 09:00:00"", ""@DateMeasurementFinished"": ""2023-06-08 00:00:00""}, {""@SpeciesCode"": ""PM10"", ""@SpeciesDescription"": ""PM10 Particulate"", ""@DateMeasurementStarted"": ""2018-05-31 09:00:00"", ""@DateMeasurementFinished"": ""2023-06-08 00:00:00""}]","","","",""
"","","","","","","","","","","","","","","","NO2","Nitrogen Dioxide","2018-05-31 09:00:00","2023-06-08 00:00:00"
"","","","","","","","","","","","","","","","PM10","PM10 Particulate","2018-05-31 09:00:00","2023-06-08 00:00:00"
"33","Westminster","WM4","Westminster - Charing Cross Library","Roadside","2011-01-11 00:00:00","2007-02-01 00:00:00","51.510205","-0.128177","6712044.16901","-14268.5983714","Westminster","King's College London","http://www.londonair.org.uk/london/asp/publicdetails.asp?site=WM4","{""@SpeciesCode"": ""NO2"", ""@SpeciesDescription"": ""Nitrogen Dioxide"", ""@DateMeasurementStarted"": ""2007-02-01 00:00:00"", ""@DateMeasurementFinished"": ""2011-01-11 00:00:00""}","","","",""
"","","","","","","","","","","","","","","","NO2","Nitrogen Dioxide","2007-02-01 00:00:00","2011-01-11 00:00:00"
"33","Westminster","WM5","Westminster - Covent Garden","Urban Background","2026-04-01 00:00:00","2009-07-10 00:00:00","51.5119769825798","-0.12162720332856","6712361.11612","-13539.4783411","Westminster","King's College London","http://www.londonair.org.uk/london/asp/publicdetails.asp?site=WM5","[{""@SpeciesCode"": ""NO2"", ""@SpeciesDescription"": ""Nitrogen Dioxide"", ""@DateMeasurementStarted"": ""2009-06-20 00:00:00"", ""@DateMeasurementFinished"": ""2026-04-01 00:00:00""}, {""@SpeciesCode"": ""PM25"", ""@SpeciesDescription"": ""PM2.5 Particulate"", ""@DateMeasurementStarted"": ""2023-11-15 00:00:00"", ""@DateMeasurementFinished"": ""2026-04-01 00:00:00""}]","","","",""
"","","","","","","","","","","","","","","","NO2","Nitrogen Dioxide","2009-06-20 00:00:00","2026-04-01 00:00:00"
"","","","","","","","","","","","","","","","PM25","PM2.5 Particulate","2023-11-15 00:00:00","2026-04-01 00:00:00"
"33","Westminster","GV2","Westminster - Duke Street (Grosvenor)","Roadside","2024-01-08 00:00:00","2019-08-22 16:00:00","51.5129998832095","-0.150913488159214","6712548.93416217","-16799.8922725577","Westminster","King's College London","http://www.londonair.org.uk/london/asp/publicdetails.asp?site=GV2","{""@SpeciesCode"": ""NO2"", ""@SpeciesDescription"": ""Nitrogen Dioxide"", ""@DateMeasurementStarted"": ""2019-08-22 16:00:00"", ""@DateMeasurementFinished"": ""2024-01-08 00:00:00""}","","","",""
"","","","","","","","","","","","","","","","NO2","Nitrogen Dioxide","2019-08-22 16:00:00","2024-01-08 00:00:00"
"33","Westminster","GV1","Westminster - Ebury Street (Grosvenor)","Roadside","2023-11-15 00:00:00","2018-12-11 09:00:00","51.493492","-0.149906","6709055.39086079","-16687.4595868565","Westminster","King's College London","http://www.londonair.org.uk/london/asp/publicdetails.asp?site=GV1","{""@SpeciesCode"": ""NO2"", ""@SpeciesDescription"": ""Nitrogen Dioxide"", ""@DateMeasurementStarted"": ""2019-03-01 10:45:00"", ""@DateMeasurementFinished"": ""2023-11-15 00:00:00""}","","","",""
"","","","","","","","","","","","","","","","NO2","Nitrogen Dioxide","2019-03-01 10:45:00","2023-11-15 00:00:00"
"33","Westminster","WMD","Westminster - Elizabeth Bridge","Roadside","2026-04-01 00:00:00","2020-04-27 00:00:00","51.4922482333024","-0.147114752900186","6708833.01244356","-16376.739381027","Westminster","King's College London","http://www.londonair.org.uk/london/asp/publicdetails.asp?site=WMD","[{""@SpeciesCode"": ""NO2"", ""@SpeciesDescription"": ""Nitrogen Dioxide"", ""@DateMeasurementStarted"": ""2020-04-28 10:00:00"", ""@DateMeasurementFinished"": ""2026-04-01 00:00:00""}, {""@SpeciesCode"": ""PM25"", ""@SpeciesDescription"": ""PM2.5 Particulate"", ""@DateMeasurementStarted"": ""2020-04-27 00:00:00"", ""@DateMeasurementFinished"": ""2026-04-01 00:00:00""}]","","","",""
"","","","","","","","","","","","","","","","NO2","Nitrogen Dioxide","2020-04-28 10:00:00","2026-04-01 00:00:00"
"","","","","","","","","","","","","","","","PM25","PM2.5 Particulate","2020-04-27 00:00:00","2026-04-01 00:00:00"
"33","Westminster","WM0","Westminster - Horseferry Road","Urban Background","","2001-07-17 00:00:00","51.494681","-0.131938","6709267.98298","-14687.2709763","Westminster","King's College London","http://www.londonair.org.uk/london/asp/publicdetails.asp?site=WM0","[{""@SpeciesCode"": ""CO"", ""@SpeciesDescription"": ""Carbon Monoxide"", ""@DateMeasurementStarted"": ""2001-07-17 00:00:00"", ""@DateMeasurementFinished"": ""2012-07-03 00:00:00""}, {""@SpeciesCode"": ""NO2"", ""@SpeciesDescription"": ""Nitrogen Dioxide"", ""@DateMeasurementStarted"": ""2001-07-17 00:00:00"", ""@DateMeasurementFinished"": """"}, {""@SpeciesCode"": ""O3"", ""@SpeciesDescription"": ""Ozone"", ""@DateMeasurementStarted"": ""2001-07-17 00:00:00"", ""@DateMeasurementFinished"": ""2013-12-31 00:00:00""}, {""@SpeciesCode"": ""PM10"", ""@SpeciesDescription"": ""PM10 Particulate"", ""@DateMeasurementStarted"": ""2009-12-23 00:00:00"", ""@DateMeasurementFinished"": ""2021-01-13 00:00:00""}, {""@SpeciesCode"": ""PM25"", ""@SpeciesDescription"": ""PM2.5 Particulate"", ""@DateMeasurementStarted"": ""2001-07-17 00:00:00"", ""@DateMeasurementFinished"": """"}, {""@SpeciesCode"": ""SO2"", ""@SpeciesDescription"": ""Sulphur Dioxide"", ""@DateMeasurementStarted"": ""2001-07-17 00:00:00"", ""@DateMeasurementFinished"": ""2012-07-03 00:00:00""}]","","","",""
"","","","","","","","","","","","","","","","CO","Carbon Monoxide","2001-07-17 00:00:00","2012-07-03 00:00:00"
"","","","","","","","","","","","","","","","NO2","Nitrogen Dioxide","2001-07-17 00:00:00",""
"","","","","","","","","","","","","","","","O3","Ozone","2001-07-17 00:00:00","2013-12-31 00:00:00"
"","","","","","","","","","","","","","","","PM10","PM10 Particulate","2009-12-23 00:00:00","2021-01-13 00:00:00"
"","","","","","","","","","","","","","","","PM25","PM2.5 Particulate","2001-07-17 00:00:00",""
"","","","","","","","","","","","","","","","SO2","Sulphur Dioxide","2001-07-17 00:00:00","2012-07-03 00:00:00"
"33","Westminster","MY1","Westminster - Marylebone Road","Kerbside","","1997-05-26 12:00:00","51.52254","-0.15459","6714250.73471","-17208.8800817","Westminster","King's College London","http://www.londonair.org.uk/london/asp/publicdetails.asp?site=MY1","[{""@SpeciesCode"": ""CO"", ""@SpeciesDescription"": ""Carbon Monoxide"", ""@DateMeasurementStarted"": ""1997-05-25 00:00:00"", ""@DateMeasurementFinished"": """"}, {""@SpeciesCode"": ""NO2"", ""@SpeciesDescription"": ""Nitrogen Dioxide"", ""@DateMeasurementStarted"": ""1997-05-01 00:00:00"", ""@DateMeasurementFinished"": """"}, {""@SpeciesCode"": ""O3"", ""@SpeciesDescription"": ""Ozone"", ""@DateMeasurementStarted"": ""1997-05-25 00:00:00"", ""@DateMeasurementFinished"": """"}, {""@SpeciesCode"": ""PM10"", ""@SpeciesDescription"": ""PM10 Particulate"", ""@DateMeasurementStarted"": ""1997-05-26 12:00:00"", ""@DateMeasurementFinished"": ""2019-02-15 00:00:00""}, {""@SpeciesCode"": ""SO2"", ""@SpeciesDescription"": ""Sulphur Dioxide"", ""@DateMeasurementStarted"": ""1997-05-25 00:00:00"", ""@DateMeasurementFinished"": """"}]","","","",""
"","","","","","","","","","","","","","","","CO","Carbon Monoxide","1997-05-25 00:00:00",""
"","","","","","","","","","","","","","","","NO2","Nitrogen Dioxide","1997-05-01 00:00:00",""
"","","","","","","","","","","","","","","","O3","Ozone","1997-05-25 00:00:00",""
"","","","","","","","","","","","","","","","PM10","PM10 Particulate","1997-05-26 12:00:00","2019-02-15 00:00:00"
"","","","","","","","","","","","","","","","SO2","Sulphur Dioxide","1997-05-25 00:00:00",""
"33","Westminster","MY7","Westminster - Marylebone Road FDMS","Kerbside","2021-12-21 08:00:00","2004-01-22 12:00:00","51.52254","-0.15459","6714250.73471","-17208.8800817","Westminster","King's College London","http://www.londonair.org.uk/london/asp/publicdetails.asp?site=MY7","[{""@SpeciesCode"": ""PM10"", ""@SpeciesDescription"": ""PM10 Particulate"", ""@DateMeasurementStarted"": ""2004-01-01 00:00:00"", ""@DateMeasurementFinished"": ""2021-12-21 08:00:00""}, {""@SpeciesCode"": ""PM25"", ""@SpeciesDescription"": ""PM2.5 Particulate"", ""@DateMeasurementStarted"": ""2009-03-19 09:00:00"", ""@DateMeasurementFinished"": ""2021-12-21 08:00:00""}]","","","",""
"","","","","","","","","","","","","","","","PM10","PM10 Particulate","2004-01-01 00:00:00","2021-12-21 08:00:00"
"","","","","","","","","","","","","","","","PM25","PM2.5 Particulate","2009-03-19 09:00:00","2021-12-21 08:00:00"
"33","Westminster","WM6","Westminster - Oxford Street","Kerbside","2026-04-01 00:00:00","2011-01-01 00:00:00","51.5139287404213","-0.152792701881935","6712710.23315","-17008.8057704","Westminster","King's College London","http://www.londonair.org.uk/london/asp/publicdetails.asp?site=WM6","[{""@SpeciesCode"": ""NO2"", ""@SpeciesDescription"": ""Nitrogen Dioxide"", ""@DateMeasurementStarted"": ""2016-01-12 13:00:00"", ""@DateMeasurementFinished"": ""2026-04-01 00:00:00""}, {""@SpeciesCode"": ""PM10"", ""@SpeciesDescription"": ""PM10 Particulate"", ""@DateMeasurementStarted"": ""2011-01-01 00:00:00"", ""@DateMeasurementFinished"": ""2024-02-02 00:00:00""}, {""@SpeciesCode"": ""PM25"", ""@SpeciesDescription"": ""PM2.5 Particulate"", ""@DateMeasurementStarted"": ""2024-02-02 13:00:00"", ""@DateMeasurementFinished"": ""2026-04-01 00:00:00""}]","","","",""
"","","","","","","","","","","","","","","","NO2","Nitrogen Dioxide","2016-01-12 13:00:00","2026-04-01 00:00:00"
"","","","","","","","","","","","","","","","PM10","PM10 Particulate","2011-01-01 00:00:00","2024-02-02 00:00:00"
"","","","","","","","","","","","","","","","PM25","PM2.5 Particulate","2024-02-02 13:00:00","2026-04-01 00:00:00"
"33","Westminster","WMZ","Westminster - Oxford Street 2","Kerbside","2016-09-08 00:00:00","2016-05-13 00:00:00","51.5139287404213","-0.152792701881935","6712710.23315","-17008.8057704","Westminster","King's College London","http://www.londonair.org.uk/london/asp/publicdetails.asp?site=WMZ","{""@SpeciesCode"": ""NO2"", ""@SpeciesDescription"": ""Nitrogen Dioxide"", ""@DateMeasurementStarted"": ""2016-05-13 00:00:00"", ""@DateMeasurementFinished"": ""2016-09-08 00:00:00""}","","","",""
"","","","","","","","","","","","","","","","NO2","Nitrogen Dioxide","2016-05-13 00:00:00","2016-09-08 00:00:00"
"33","Westminster","WMB","Westminster - Oxford Street East","Roadside","2023-06-08 00:00:00","2018-06-05 00:00:00","51.516066","-0.13516388","6712710.23315","-17008.8057704","Westminster","King's College London","http://www.londonair.org.uk/london/asp/publicdetails.asp?site=WMB","[{""@SpeciesCode"": ""NO2"", ""@SpeciesDescription"": ""Nitrogen Dioxide"", ""@DateMeasurementStarted"": ""2018-06-05 12:00:00"", ""@DateMeasurementFinished"": ""2023-06-08 00:00:00""}, {""@SpeciesCode"": ""PM10"", ""@SpeciesDescription"": ""PM10 Particulate"", ""@DateMeasurementStarted"": ""2018-06-05 12:00:00"", ""@DateMeasurementFinished"": ""2023-06-08 00:00:00""}]","","","",""
"","","","","","","","","","","","","","","","NO2","Nitrogen Dioxide","2018-06-05 12:00:00","2023-06-08 00:00:00"
"","","","","","","","","","","","","","","","PM10","PM10 Particulate","2018-06-05 12:00:00","2023-06-08 00:00:00"
"33","Westminster","WME","Westminster - Queens Park Gardens","Urban Background","2026-04-01 00:00:00","2025-07-03 00:00:00","51.5286629697555","-0.20875365618309","","","Westminster","King's College London","http://www.londonair.org.uk/london/asp/publicdetails.asp?site=WME","[{""@SpeciesCode"": ""NO2"", ""@SpeciesDescription"": ""Nitrogen Dioxide"", ""@DateMeasurementStarted"": ""2025-07-03 00:00:00"", ""@DateMeasurementFinished"": ""2026-04-01 00:00:00""}, {""@SpeciesCode"": ""O3"", ""@SpeciesDescription"": ""Ozone"", ""@DateMeasurementStarted"": ""2025-07-04 10:30:00"", ""@DateMeasurementFinished"": ""2026-04-01 00:00:00""}, {""@SpeciesCode"": ""PM25"", ""@SpeciesDescription"": ""PM2.5 Particulate"", ""@DateMeasurementStarted"": ""2025-07-03 00:00:00"", ""@DateMeasurementFinished"": ""2026-04-01 00:00:00""}]","","","",""
"","","","","","","","","","","","","","","","NO2","Nitrogen Dioxide","2025-07-03 00:00:00","2026-04-01 00:00:00"
"","","","","","","","","","","","","","","","O3","Ozone","2025-07-04 10:30:00","2026-04-01 00:00:00"
"","","","","","","","","","","","","","","","PM25","PM2.5 Particulate","2025-07-03 00:00:00","2026-04-01 00:00:00"
"33","Westminster","NB1","Westminster - Strand (Northbank BID)","Roadside","2023-08-12 00:00:00","2015-04-28 00:00:00","51.5119701188277","-0.116713103528546","6712364.87549212","-12992.6543679369","Westminster","King's College London","http://www.londonair.org.uk/london/asp/publicdetails.asp?site=NB1","{""@SpeciesCode"": ""NO2"", ""@SpeciesDescription"": ""Nitrogen Dioxide"", ""@DateMeasurementStarted"": ""2015-10-13 12:45:00"", ""@DateMeasurementFinished"": ""2023-08-12 00:00:00""}","","","",""
"","","","","","","","","","","","","","","","NO2","Nitrogen Dioxide","2015-10-13 12:45:00","2023-08-12 00:00:00"
"33","Westminster","WM8","Westminster - Victoria","Urban Background","2016-04-04 00:00:00","2014-01-06 00:00:00","51.497066177578","-0.142438820740121","6709694.46727186","-15856.2169939846","Westminster","King's College London","http://www.londonair.org.uk/london/asp/publicdetails.asp?site=WM8","{""@SpeciesCode"": ""NO2"", ""@SpeciesDescription"": ""Nitrogen Dioxide"", ""@DateMeasurementStarted"": ""2013-11-22 00:00:00"", ""@DateMeasurementFinished"": ""2016-04-04 00:00:00""}","","","",""
"","","","","","","","","","","","","","","","NO2","Nitrogen Dioxide","2013-11-22 00:00:00","2016-04-04 00:00:00"
"33","Westminster","WM9","Westminster - Victoria (Victoria BID)","Roadside","2017-09-20 00:00:00","2016-08-08 00:00:00","51.4977331829735","-0.14424140916201","6709818.70995547","-16057.0573104942","Westminster","King's College London","http://www.londonair.org.uk/london/asp/publicdetails.asp?site=WM9","{""@SpeciesCode"": ""NO2"", ""@SpeciesDescription"": ""Nitrogen Dioxide"", ""@DateMeasurementStarted"": ""2016-08-08 14:00:00"", ""@DateMeasurementFinished"": ""2017-09-20 00:00:00""}","","","",""
"","","","","","","","","","","","","","","","NO2","Nitrogen Dioxide","2016-08-08 14:00:00","2017-09-20 00:00:00"
"33","Westminster","VS1","Westminster - Victoria Street","Kerbside","2008-04-01 00:00:00","2003-05-02 15:00:00","51.4992450135925","-0.131285173980659","6710084.07594","-14614.5987162","Westminster","King's College London","http://www.londonair.org.uk/london/asp/publicdetails.asp?site=VS1","[{""@SpeciesCode"": ""CO"", ""@SpeciesDescription"": ""Carbon Monoxide"", ""@DateMeasurementStarted"": ""2003-05-02 15:00:00"", ""@DateMeasurementFinished"": ""2008-04-01 00:00:00""}, {""@SpeciesCode"": ""NO2"", ""@SpeciesDescription"": ""Nitrogen Dioxide"", ""@DateMeasurementStarted"": ""2003-05-02 15:00:00"", ""@DateMeasurementFinished"": ""2008-04-01 00:00:00""}, {""@SpeciesCode"": ""O3"", ""@SpeciesDescription"": ""Ozone"", ""@DateMeasurementStarted"": ""2003-05-02 15:00:00"", ""@DateMeasurementFinished"": ""2008-04-01 00:00:00""}, {""@SpeciesCode"": ""PM10"", ""@SpeciesDescription"": ""PM10 Particulate"", ""@DateMeasurementStarted"": ""2003-05-02 15:00:00"", ""@DateMeasurementFinished"": ""2008-04-01 00:00:00""}, {""@SpeciesCode"": ""PM25"", ""@SpeciesDescription"": ""PM2.5 Particulate"", ""@DateMeasurementStarted"": ""2003-05-02 15:00:00"", ""@DateMeasurementFinished"": ""2008-04-01 00:00:00""}]","","","",""
"","","","","","","","","","","","","","","","CO","Carbon Monoxide","2003-05-02 15:00:00","2008-04-01 00:00:00"
"","","","","","","","","","","","","","","","NO2","Nitrogen Dioxide","2003-05-02 15:00:00","2008-04-01 00:00:00"
"","","","","","","","","","","","","","","","O3","Ozone","2003-05-02 15:00:00","2008-04-01 00:00:00"
"","","","","","","","","","","","","","","","PM10","PM10 Particulate","2003-05-02 15:00:00","2008-04-01 00:00:00"
"","","","","","","","","","","","","","","","PM25","PM2.5 Particulate","2003-05-02 15:00:00","2008-04-01 00:00:00"
