"site_code","site_name","site_type","local_authority_code","local_authority_name","latitude","longitude","species_code","species_description","measurement_started","measurement_finished","units","lat","lon","is_current_or_unknown"
"TD0","- National Physical Laboratory, Teddington","Suburban","27","Richmond","51.4243043441456","-0.345714576446947","NO2","Nitrogen Dioxide","2007-12-01 00:00:00","2018-01-01 00:00:00","","51.4243043441456","-0.345714576446947","False"
"TD0","- National Physical Laboratory, Teddington","Suburban","27","Richmond","51.4243043441456","-0.345714576446947","O3","Ozone","2007-12-01 00:00:00","2018-01-01 00:00:00","","51.4243043441456","-0.345714576446947","False"
"TD0","- National Physical Laboratory, Teddington","Suburban","27","Richmond","51.4243043441456","-0.345714576446947","PM25","PM2.5 Particulate","2007-01-01 00:00:00","2018-01-01 00:00:00","","51.4243043441456","-0.345714576446947","False"
"TD0","- National Physical Laboratory, Teddington","Suburban","27","Richmond","51.4243043441456","-0.345714576446947","SO2","Sulphur Dioxide","2007-12-01 00:00:00","2007-10-01 00:00:00","","51.4243043441456","-0.345714576446947","False"
"BG3","Barking and Dagenham - North Street","Kerbside","1","Barking and Dagenham","51.540444","0.074418","NO2","Nitrogen Dioxide","2008-01-01 00:00:00","2011-05-25 00:00:00","","51.540444","0.074418","False"
"BG1","Barking and Dagenham - Rush Green","Suburban","1","Barking and Dagenham","51.563752","0.177891","NO2","Nitrogen Dioxide","2008-01-01 00:00:00","","","51.563752","0.177891","True"
"BG1","Barking and Dagenham - Rush Green","Suburban","1","Barking and Dagenham","51.563752","0.177891","SO2","Sulphur Dioxide","1999-10-23 00:00:00","","","51.563752","0.177891","True"
"BG2","Barking and Dagenham - Scrattons Farm","Suburban","1","Barking and Dagenham","51.529389","0.132857","NO2","Nitrogen Dioxide","2007-11-21 00:00:00","","","51.529389","0.132857","True"
"BG2","Barking and Dagenham - Scrattons Farm","Suburban","1","Barking and Dagenham","51.529389","0.132857","PM10","PM10 Particulate","1999-10-17 00:00:00","","","51.529389","0.132857","True"
"BN2","Barnet - Finchley","Urban Background","2","Barnet","51.591901","-0.205992","NO2","Nitrogen Dioxide","2008-01-01 00:00:00","2012-04-20 00:00:00","","51.591901","-0.205992","False"
"BN2","Barnet - Finchley","Urban Background","2","Barnet","51.591901","-0.205992","PM10","PM10 Particulate","2012-01-31 13:00:00","2012-04-20 00:00:00","","51.591901","-0.205992","False"
"BN3","Barnet - Strawberry Vale ","Urban Background","2","Barnet","51.6008848453589","-0.172297542087178","NO2","Nitrogen Dioxide","1999-04-01 00:00:00","2002-05-15 00:00:00","","51.6008848453589","-0.172297542087178","False"
"BN3","Barnet - Strawberry Vale ","Urban Background","2","Barnet","51.6008848453589","-0.172297542087178","PM10","PM10 Particulate","2000-08-14 14:00:00","2002-05-15 00:00:00","","51.6008848453589","-0.172297542087178","False"
"BN1","Barnet - Tally Ho Corner","Kerbside","2","Barnet","51.614675","-0.176607","NO2","Nitrogen Dioxide","2008-01-01 00:00:00","2012-04-20 00:00:00","","51.614675","-0.176607","False"
"BN1","Barnet - Tally Ho Corner","Kerbside","2","Barnet","51.614675","-0.176607","PM10","PM10 Particulate","2012-01-31 12:00:00","2012-04-20 00:00:00","","51.614675","-0.176607","False"
"BX5","Bexley - Bedonwell ","Suburban","3","Bexley","51.4788023547334","0.133873839062683","CO","Carbon Monoxide","1999-10-01 00:00:00","2004-04-08 00:00:00","","51.4788023547334","0.133873839062683","False"
"BX5","Bexley - Bedonwell ","Suburban","3","Bexley","51.4788023547334","0.133873839062683","NO2","Nitrogen Dioxide","2002-01-18 11:00:00","2004-04-08 00:00:00","","51.4788023547334","0.133873839062683","False"
"BX5","Bexley - Bedonwell ","Suburban","3","Bexley","51.4788023547334","0.133873839062683","SO2","Sulphur Dioxide","1999-10-01 00:00:00","2004-04-08 00:00:00","","51.4788023547334","0.133873839062683","False"
"BX2","Bexley - Belvedere","Suburban","3","Bexley","51.4906102082147","0.158914493927518","NO2","Nitrogen Dioxide","2002-01-17 10:00:00","","","51.4906102082147","0.158914493927518","True"
"BX2","Bexley - Belvedere","Suburban","3","Bexley","51.4906102082147","0.158914493927518","PM10","PM10 Particulate","2011-09-21 07:00:00","","","51.4906102082147","0.158914493927518","True"
"BX2","Bexley - Belvedere","Suburban","3","Bexley","51.4906102082147","0.158914493927518","PM25","PM2.5 Particulate","2022-02-15 00:00:00","","","51.4906102082147","0.158914493927518","True"
"BX0","Bexley - Belvedere FDMS","Suburban","3","Bexley","51.4906102082147","0.158914493927518","PM10","PM10 Particulate","2004-04-25 00:00:00","2022-01-28 00:00:00","","51.4906102082147","0.158914493927518","False"
"BQ7","Bexley - Belvedere West","Urban Background","3","Bexley","51.4946486813055","0.137279111232178","NO2","Nitrogen Dioxide","2010-08-24 00:00:00","","","51.4946486813055","0.137279111232178","True"
"BQ7","Bexley - Belvedere West","Urban Background","3","Bexley","51.4946486813055","0.137279111232178","O3","Ozone","2010-08-24 00:00:00","","","51.4946486813055","0.137279111232178","True"
"BQ7","Bexley - Belvedere West","Urban Background","3","Bexley","51.4946486813055","0.137279111232178","PM10","PM10 Particulate","2022-02-24 16:00:00","","","51.4946486813055","0.137279111232178","True"
"BQ7","Bexley - Belvedere West","Urban Background","3","Bexley","51.4946486813055","0.137279111232178","PM25","PM2.5 Particulate","2022-02-24 00:00:00","","","51.4946486813055","0.137279111232178","True"
"BQ8","Bexley - Belvedere West FDMS","Urban Background","3","Bexley","51.4946486813055","0.137279111232178","PM10","PM10 Particulate","2010-08-24 00:00:00","2022-02-23 00:00:00","","51.4946486813055","0.137279111232178","False"
"BX4","Bexley - Erith","Industrial","3","Bexley","51.477670796298","0.190836225974902","NO2","Nitrogen Dioxide","2008-01-01 00:00:00","2014-12-19 00:00:00","","51.477670796298","0.190836225974902","False"
"BX4","Bexley - Erith","Industrial","3","Bexley","51.477670796298","0.190836225974902","PM10","PM10 Particulate","1999-04-28 00:00:00","2014-12-19 00:00:00","","51.477670796298","0.190836225974902","False"
"BX4","Bexley - Erith","Industrial","3","Bexley","51.477670796298","0.190836225974902","PM25","PM2.5 Particulate","2009-09-23 00:00:00","2014-12-19 00:00:00","","51.477670796298","0.190836225974902","False"
"BQ6","Bexley - Manor Road East Gravimetric","Industrial","3","Bexley","51.477670796298","0.190836225974902","PM10","PM10 Particulate","2010-02-12 00:00:00","2014-10-28 00:00:00","","51.477670796298","0.190836225974902","False"
"BQ5","Bexley - Manor Road West Gravimetric","Industrial","3","Bexley","51.4781935083933","0.187404883999095","PM10","PM10 Particulate","2010-02-12 00:00:00","2014-10-28 00:00:00","","51.4781935083933","0.187404883999095","False"
"BX1","Bexley - Slade Green","Suburban","3","Bexley","51.4659832746662","0.184877126994369","CO","Carbon Monoxide","1996-01-01 00:00:00","2013-01-30 00:00:00","","51.4659832746662","0.184877126994369","False"
"BX1","Bexley - Slade Green","Suburban","3","Bexley","51.4659832746662","0.184877126994369","NO2","Nitrogen Dioxide","2010-01-20 09:00:00","","","51.4659832746662","0.184877126994369","True"
"BX1","Bexley - Slade Green","Suburban","3","Bexley","51.4659832746662","0.184877126994369","O3","Ozone","1996-01-01 00:00:00","","","51.4659832746662","0.184877126994369","True"
"BX1","Bexley - Slade Green","Suburban","3","Bexley","51.4659832746662","0.184877126994369","PM10","PM10 Particulate","2012-04-12 12:00:00","2020-10-01 00:00:00","","51.4659832746662","0.184877126994369","False"
"BX1","Bexley - Slade Green","Suburban","3","Bexley","51.4659832746662","0.184877126994369","SO2","Sulphur Dioxide","1996-01-01 00:00:00","","","51.4659832746662","0.184877126994369","True"
"BX9","Bexley - Slade Green FDMS","Suburban","3","Bexley","51.4659832746662","0.184877126994369","PM25","PM2.5 Particulate","2008-10-21 12:00:00","2020-10-01 00:00:00","","51.4659832746662","0.184877126994369","False"
"BQ9","Bexley - Slade Green Fidas","Suburban","3","Bexley","51.4659832746662","0.184877126994369","PM10","PM10 Particulate","2020-10-01 10:00:00","","","51.4659832746662","0.184877126994369","True"
"BQ9","Bexley - Slade Green Fidas","Suburban","3","Bexley","51.4659832746662","0.184877126994369","PM25","PM2.5 Particulate","2020-10-01 10:00:00","","","51.4659832746662","0.184877126994369","True"
"BX7","Bexley - Thames Road North","Roadside","3","Bexley","51.457159","0.195294","NO2","Nitrogen Dioxide","2008-01-01 00:00:00","2010-03-23 00:00:00","","51.457159","0.195294","False"
"BX7","Bexley - Thames Road North","Roadside","3","Bexley","51.457159","0.195294","O3","Ozone","2004-06-10 11:00:00","2010-03-23 00:00:00","","51.457159","0.195294","False"
"BX7","Bexley - Thames Road North","Roadside","3","Bexley","51.457159","0.195294","PM10","PM10 Particulate","2004-04-08 00:00:00","2010-03-23 00:00:00","","51.457159","0.195294","False"
"BX6","Bexley - Thames Road North FDMS","Roadside","3","Bexley","51.457159","0.195294","PM10","PM10 Particulate","2004-04-01 00:00:00","2010-03-23 00:00:00","","51.457159","0.195294","False"
"BX8","Bexley - Thames Road South","Roadside","3","Bexley","51.456887","0.194582","NO2","Nitrogen Dioxide","2008-01-01 00:00:00","2010-04-15 00:00:00","","51.456887","0.194582","False"
"BX8","Bexley - Thames Road South","Roadside","3","Bexley","51.456887","0.194582","O3","Ozone","2004-06-10 11:00:00","2010-04-15 00:00:00","","51.456887","0.194582","False"
"BX8","Bexley - Thames Road South","Roadside","3","Bexley","51.456887","0.194582","PM10","PM10 Particulate","2004-04-06 00:00:00","2010-04-15 00:00:00","","51.456887","0.194582","False"
"BX3","Bexley - Thamesmead","Suburban","3","Bexley","51.510808","0.121617","PM10","PM10 Particulate","1998-01-24 15:00:00","2003-02-20 14:30:00","","51.510808","0.121617","False"
"BT8","Brent - ARK Franklin Primary Academy","Roadside","4","Brent","51.5324054617809","-0.217718908639377","NO2","Nitrogen Dioxide","2017-03-30 06:00:00","","","51.5324054617809","-0.217718908639377","True"
"BT8","Brent - ARK Franklin Primary Academy","Roadside","4","Brent","51.5324054617809","-0.217718908639377","PM10","PM10 Particulate","2023-08-23 00:00:00","","","51.5324054617809","-0.217718908639377","True"
"BT8","Brent - ARK Franklin Primary Academy","Roadside","4","Brent","51.5324054617809","-0.217718908639377","PM25","PM2.5 Particulate","2023-08-23 00:00:00","","","51.5324054617809","-0.217718908639377","True"
"BT3","Brent - Harlesden","Roadside","4","Brent","51.5370800298103","-0.249273425299457","NO2","Nitrogen Dioxide","2004-09-17 14:00:00","2006-09-27 00:00:00","","51.5370800298103","-0.249273425299457","False"
"BT3","Brent - Harlesden","Roadside","4","Brent","51.5370800298103","-0.249273425299457","PM10","PM10 Particulate","2001-10-31 00:00:00","2006-09-27 00:00:00","","51.5370800298103","-0.249273425299457","False"
"BT3","Brent - Harlesden","Roadside","4","Brent","51.5370800298103","-0.249273425299457","SO2","Sulphur Dioxide","2001-10-02 16:00:00","2006-09-27 00:00:00","","51.5370800298103","-0.249273425299457","False"
"BT4","Brent - Ikea","Roadside","4","Brent","51.552476","-0.258089","NO2","Nitrogen Dioxide","2004-09-17 10:00:00","","","51.552476","-0.258089","True"
"BT4","Brent - Ikea","Roadside","4","Brent","51.552476","-0.258089","O3","Ozone","2006-05-25 10:30:00","","","51.552476","-0.258089","True"
"BT4","Brent - Ikea","Roadside","4","Brent","51.552476","-0.258089","PM10","PM10 Particulate","2020-04-02 06:00:00","","","51.552476","-0.258089","True"
"BT4","Brent - Ikea","Roadside","4","Brent","51.552476","-0.258089","PM25","PM2.5 Particulate","2020-10-07 00:00:00","","","51.552476","-0.258089","True"
"BT4","Brent - Ikea","Roadside","4","Brent","51.552476","-0.258089","SO2","Sulphur Dioxide","2003-06-17 00:00:00","2011-11-01 00:00:00","","51.552476","-0.258089","False"
"BT2","Brent - Ikea Car Park","Roadside","4","Brent","51.5524326273922","-0.260338843869077","NO2","Nitrogen Dioxide","2001-06-17 12:00:00","2003-06-16 00:00:00","","51.5524326273922","-0.260338843869077","False"
"BT2","Brent - Ikea Car Park","Roadside","4","Brent","51.5524326273922","-0.260338843869077","PM10","PM10 Particulate","2001-06-17 12:00:00","2003-06-16 00:00:00","","51.5524326273922","-0.260338843869077","False"
"BT2","Brent - Ikea Car Park","Roadside","4","Brent","51.5524326273922","-0.260338843869077","SO2","Sulphur Dioxide","2001-05-25 14:00:00","2003-06-16 00:00:00","","51.5524326273922","-0.260338843869077","False"
"BT6","Brent - John Keble Primary School","Roadside","4","Brent","51.537799","-0.247793","NO2","Nitrogen Dioxide","2006-11-15 12:00:00","","","51.537799","-0.247793","True"
"BT6","Brent - John Keble Primary School","Roadside","4","Brent","51.537799","-0.247793","PM10","PM10 Particulate","2023-08-30 08:00:00","","","51.537799","-0.247793","True"
"BT6","Brent - John Keble Primary School","Roadside","4","Brent","51.537799","-0.247793","PM25","PM2.5 Particulate","2023-08-30 08:00:00","","","51.537799","-0.247793","True"
"BT6","Brent - John Keble Primary School","Roadside","4","Brent","51.537799","-0.247793","SO2","Sulphur Dioxide","2006-11-01 00:00:00","2012-05-16 00:00:00","","51.537799","-0.247793","False"
"BT1","Brent - Kingsbury","Suburban","4","Brent","51.589618","-0.275519","CO","Carbon Monoxide","1995-05-02 12:00:00","2010-11-16 00:00:00","","51.589618","-0.275519","False"
"BT1","Brent - Kingsbury","Suburban","4","Brent","51.589618","-0.275519","NO2","Nitrogen Dioxide","2002-08-21 15:00:00","2010-11-16 00:00:00","","51.589618","-0.275519","False"
"BT1","Brent - Kingsbury","Suburban","4","Brent","51.589618","-0.275519","O3","Ozone","1995-01-01 01:00:00","2010-11-16 00:00:00","","51.589618","-0.275519","False"
"BT1","Brent - Kingsbury","Suburban","4","Brent","51.589618","-0.275519","PM10","PM10 Particulate","1996-01-26 00:00:00","2010-11-16 00:00:00","","51.589618","-0.275519","False"
"BT1","Brent - Kingsbury","Suburban","4","Brent","51.589618","-0.275519","SO2","Sulphur Dioxide","1995-01-01 01:00:00","2010-11-16 00:00:00","","51.589618","-0.275519","False"
"BT5","Brent - Neasden Lane","Industrial","4","Brent","51.552656","-0.248774","NO2","Nitrogen Dioxide","2004-03-01 00:00:00","","","51.552656","-0.248774","True"
"BT5","Brent - Neasden Lane","Industrial","4","Brent","51.552656","-0.248774","PM10","PM10 Particulate","2023-07-06 00:00:00","","","51.552656","-0.248774","True"
"BT5","Brent - Neasden Lane","Industrial","4","Brent","51.552656","-0.248774","PM25","PM2.5 Particulate","2023-07-06 11:00:00","","","51.552656","-0.248774","True"
"BT7","Brent - St Marys Primary School","Urban Background","4","Brent","51.534718","-0.196664","NO2","Nitrogen Dioxide","2009-01-15 13:00:00","2010-12-21 00:00:00","","51.534718","-0.196664","False"
"BT7","Brent - St Marys Primary School","Urban Background","4","Brent","51.534718","-0.196664","PM10","PM10 Particulate","2008-01-04 00:00:00","2010-12-21 00:00:00","","51.534718","-0.196664","False"
"BY5","Bromley - Biggin Hill","Suburban","5","Bromley","51.314562","0.042019","O3","Ozone","1996-03-12 14:00:00","2010-07-09 08:45:00","","51.314562","0.042019","False"
"BY7","Bromley - Harwood Avenue","Roadside","5","Bromley","51.405546","0.018882","CO","Carbon Monoxide","1998-07-01 00:00:00","2010-07-01 00:00:00","","51.405546","0.018882","False"
"BY7","Bromley - Harwood Avenue","Roadside","5","Bromley","51.405546","0.018882","NO2","Nitrogen Dioxide","2001-10-10 09:00:00","2026-01-05 00:00:00","","51.405546","0.018882","False"
"BY7","Bromley - Harwood Avenue","Roadside","5","Bromley","51.405546","0.018882","PM10","PM10 Particulate","2019-12-23 00:00:00","2026-01-05 00:00:00","","51.405546","0.018882","False"
"BY7","Bromley - Harwood Avenue","Roadside","5","Bromley","51.405546","0.018882","PM25","PM2.5 Particulate","2020-04-17 00:00:00","2026-01-05 00:00:00","","51.405546","0.018882","False"
"BY1","Bromley - Rent Office","Urban Background","5","Bromley","51.4132338948359","0.00721471618770671","CO","Carbon Monoxide","1995-10-03 11:00:00","1996-01-11 21:00:00","","51.4132338948359","0.00721471618770671","False"
"BY1","Bromley - Rent Office","Urban Background","5","Bromley","51.4132338948359","0.00721471618770671","NO2","Nitrogen Dioxide","1993-01-01 00:00:00","1996-01-11 21:00:00","","51.4132338948359","0.00721471618770671","False"
"BY1","Bromley - Rent Office","Urban Background","5","Bromley","51.4132338948359","0.00721471618770671","O3","Ozone","1995-10-03 11:00:00","1996-01-11 21:00:00","","51.4132338948359","0.00721471618770671","False"
"BY4","Bromley - Tweedy Rd","Roadside","5","Bromley","51.403834810795","0.020390228913718","CO","Carbon Monoxide","1996-01-01 00:00:00","1998-07-06 10:45:00","","51.403834810795","0.020390228913718","False"
"BY4","Bromley - Tweedy Rd","Roadside","5","Bromley","51.403834810795","0.020390228913718","NO2","Nitrogen Dioxide","1996-01-28 11:00:00","1998-07-06 10:45:00","","51.403834810795","0.020390228913718","False"
"BL0","Camden - Bloomsbury","Urban Background","6","Camden","51.522287","-0.125848","CO","Carbon Monoxide","2007-12-01 00:00:00","","","51.522287","-0.125848","True"
"BL0","Camden - Bloomsbury","Urban Background","6","Camden","51.522287","-0.125848","NO2","Nitrogen Dioxide","2007-12-01 00:00:00","","","51.522287","-0.125848","True"
"BL0","Camden - Bloomsbury","Urban Background","6","Camden","51.522287","-0.125848","O3","Ozone","2007-12-01 00:00:00","","","51.522287","-0.125848","True"
"BL0","Camden - Bloomsbury","Urban Background","6","Camden","51.522287","-0.125848","PM10","PM10 Particulate","2007-01-01 00:00:00","","","51.522287","-0.125848","True"
"BL0","Camden - Bloomsbury","Urban Background","6","Camden","51.522287","-0.125848","PM25","PM2.5 Particulate","2007-12-01 00:00:00","","","51.522287","-0.125848","True"
"BL0","Camden - Bloomsbury","Urban Background","6","Camden","51.522287","-0.125848","SO2","Sulphur Dioxide","2007-12-01 00:00:00","","","51.522287","-0.125848","True"
"KX4","Camden - Coopers Lane","Industrial","6","Camden","51.533238","-0.129594","PM10","PM10 Particulate","2009-01-01 00:00:00","2020-07-01 00:00:00","","51.533238","-0.129594","False"
"CD9","Camden - Euston Road","Roadside","6","Camden","51.527975","-0.1287742","NO2","Nitrogen Dioxide","2011-01-26 00:00:00","2020-07-02 00:00:00","","51.527975","-0.1287742","False"
"CD9","Camden - Euston Road","Roadside","6","Camden","51.527975","-0.1287742","PM10","PM10 Particulate","2014-10-01 09:00:00","2020-07-02 00:00:00","","51.527975","-0.1287742","False"
"CD9","Camden - Euston Road","Roadside","6","Camden","51.527975","-0.1287742","PM25","PM2.5 Particulate","2014-10-01 09:00:00","2020-07-02 00:00:00","","51.527975","-0.1287742","False"
"IM1","Camden - Holborn (Bee Midtown)","Kerbside","6","Camden","51.5173675146177","-0.1201947113171","NO2","Nitrogen Dioxide","2014-02-06 00:00:00","2023-05-02 00:00:00","","51.5173675146177","-0.1201947113171","False"
"CD3","Camden - Shaftesbury Avenue","Roadside","6","Camden","51.515532","-0.127027","NO2","Nitrogen Dioxide","2008-01-01 00:00:00","2016-11-04 00:00:00","","51.515532","-0.127027","False"
"CD3","Camden - Shaftesbury Avenue","Roadside","6","Camden","51.515532","-0.127027","PM10","PM10 Particulate","2000-04-20 06:00:00","2016-11-04 00:00:00","","51.515532","-0.127027","False"
"CD4","Camden - St Martins College (NOX 1)","Urban Background","6","Camden","51.518846","-0.12034","NO2","Nitrogen Dioxide","2007-06-22 00:00:00","2010-07-13 00:00:00","","51.518846","-0.12034","False"
"CD5","Camden - St Martins College (NOX 2)","Urban Background","6","Camden","51.518846","-0.12034","NO2","Nitrogen Dioxide","2007-06-22 00:00:00","2011-01-15 00:00:00","","51.518846","-0.12034","False"
"CD1","Camden - Swiss Cottage","Kerbside","6","Camden","51.544219","-0.175284","NO2","Nitrogen Dioxide","2001-12-10 17:00:00","","","51.544219","-0.175284","True"
"CD1","Camden - Swiss Cottage","Kerbside","6","Camden","51.544219","-0.175284","PM10","PM10 Particulate","2010-02-12 11:00:00","","","51.544219","-0.175284","True"
"CD1","Camden - Swiss Cottage","Kerbside","6","Camden","51.544219","-0.175284","PM25","PM2.5 Particulate","2008-02-11 00:00:00","","","51.544219","-0.175284","True"
"CT4","City of London - Beech Street","Roadside","7","City of London","51.520225273171","-0.0961060474176381","NO2","Nitrogen Dioxide","2002-01-01 00:00:00","2023-07-03 00:00:00","","51.520225273171","-0.0961060474176381","False"
"CT4","City of London - Beech Street","Roadside","7","City of London","51.520225273171","-0.0961060474176381","PM10","PM10 Particulate","2021-01-28 09:00:00","2023-07-03 00:00:00","","51.520225273171","-0.0961060474176381","False"
"CTA","City of London - Bell Wharf Lane","Roadside","7","City of London","51.5105969158391","-0.0921029031922594","NO2","Nitrogen Dioxide","2023-01-09 00:00:00","2023-07-03 00:00:00","","51.5105969158391","-0.0921029031922594","False"
"CTA","City of London - Bell Wharf Lane","Roadside","7","City of London","51.5105969158391","-0.0921029031922594","PM10","PM10 Particulate","2022-05-12 06:00:00","2023-07-03 00:00:00","","51.5105969158391","-0.0921029031922594","False"
"CT2","City of London - Farringdon Street","Kerbside","7","City of London","51.5145253362314","-0.104515626337876","NO2","Nitrogen Dioxide","2002-01-01 00:00:00","2006-10-01 00:00:00","","51.5145253362314","-0.104515626337876","False"
"CT2","City of London - Farringdon Street","Kerbside","7","City of London","51.5145253362314","-0.104515626337876","O3","Ozone","2003-01-01 00:00:00","1995-08-31 00:00:00","","51.5145253362314","-0.104515626337876","False"
"CT2","City of London - Farringdon Street","Kerbside","7","City of London","51.5145253362314","-0.104515626337876","PM10","PM10 Particulate","2003-01-01 00:00:00","2006-10-01 00:00:00","","51.5145253362314","-0.104515626337876","False"
"CT2","City of London - Farringdon Street","Kerbside","7","City of London","51.5145253362314","-0.104515626337876","PM25","PM2.5 Particulate","2015-07-31 10:00:00","2023-07-03 00:00:00","","51.5145253362314","-0.104515626337876","False"
"CT9","City of London - Guildhall","Urban Background","7","City of London","51.515907","-0.092023986","O3","Ozone","2003-07-26 14:30:00","2023-07-04 00:00:00","","51.515907","-0.092023986","False"
"CT1","City of London - Senator House","Urban Background","7","City of London","51.511491","-0.095807","NO2","Nitrogen Dioxide","2002-01-11 14:00:00","2013-01-16 00:00:00","","51.511491","-0.095807","False"
"CT1","City of London - Senator House","Urban Background","7","City of London","51.511491","-0.095807","O3","Ozone","2001-06-09 12:00:00","2013-01-16 00:00:00","","51.511491","-0.095807","False"
"CT1","City of London - Senator House","Urban Background","7","City of London","51.511491","-0.095807","SO2","Sulphur Dioxide","2001-10-01 00:00:00","2013-01-16 00:00:00","","51.511491","-0.095807","False"
"CT3","City of London - The Aldgate School","Urban Background","7","City of London","51.513847178423","-0.077765681752","NO2","Nitrogen Dioxide","1996-01-01 00:00:00","2023-06-30 00:00:00","","51.513847178423","-0.077765681752","False"
"CT3","City of London - The Aldgate School","Urban Background","7","City of London","51.513847178423","-0.077765681752","PM10","PM10 Particulate","2015-01-01 00:00:00","2023-06-30 00:00:00","","51.513847178423","-0.077765681752","False"
"CT3","City of London - The Aldgate School","Urban Background","7","City of London","51.513847178423","-0.077765681752","PM25","PM2.5 Particulate","2015-12-22 00:00:00","2023-06-30 00:00:00","","51.513847178423","-0.077765681752","False"
"CT8","City of London - Upper Thames Street","Roadside","7","City of London","51.5095436853913","-0.0873571979556188","PM10","PM10 Particulate","2020-04-29 10:00:00","2021-09-13 00:00:00","","51.5095436853913","-0.0873571979556188","False"
"CT6","City of London - Walbrook Wharf","Roadside","7","City of London","51.510499","-0.091634","CO","Carbon Monoxide","2007-04-01 00:00:00","2010-04-08 00:00:00","","51.510499","-0.091634","False"
"CT6","City of London - Walbrook Wharf","Roadside","7","City of London","51.510499","-0.091634","NO2","Nitrogen Dioxide","2008-01-01 00:00:00","2023-01-09 00:00:00","","51.510499","-0.091634","False"
"CT6","City of London - Walbrook Wharf","Roadside","7","City of London","51.510499","-0.091634","O3","Ozone","2009-04-09 00:00:00","2013-01-31 00:00:00","","51.510499","-0.091634","False"
"CR6","Croydon - Euston Road","Suburban","8","Croydon","51.3786978969719","-0.113796403332539","NO2","Nitrogen Dioxide","2008-01-01 00:00:00","2009-05-22 00:00:00","","51.3786978969719","-0.113796403332539","False"
"CR4","Croydon - George Street","Roadside","8","Croydon","51.374312","-0.096503","NO2","Nitrogen Dioxide","1999-09-01 00:00:00","2015-04-02 00:00:00","","51.374312","-0.096503","False"
"CR4","Croydon - George Street","Roadside","8","Croydon","51.374312","-0.096503","PM10","PM10 Particulate","1999-09-20 07:45:00","2015-04-02 00:00:00","","51.374312","-0.096503","False"
"CR4","Croydon - George Street","Roadside","8","Croydon","51.374312","-0.096503","SO2","Sulphur Dioxide","1999-09-01 00:00:00","2006-05-10 13:45:00","","51.374312","-0.096503","False"
"CR5","Croydon - Norbury","Kerbside","8","Croydon","51.411349","-0.12311","NO2","Nitrogen Dioxide","2008-01-01 00:00:00","","","51.411349","-0.12311","True"
"CR8","Croydon - Norbury Manor","Urban Background","8","Croydon","51.4100146321438","-0.127520139142022","PM25","PM2.5 Particulate","2014-12-01 01:00:00","2025-04-01 00:00:00","","51.4100146321438","-0.127520139142022","False"
"CR9","Croydon - Park Lane","Roadside","8","Croydon","51.3739530635378","-0.0967638468323854","NO2","Nitrogen Dioxide","2016-03-07 08:15:00","","","51.3739530635378","-0.0967638468323854","True"
"CR9","Croydon - Park Lane","Roadside","8","Croydon","51.3739530635378","-0.0967638468323854","PM10","PM10 Particulate","2015-11-02 00:00:00","","","51.3739530635378","-0.0967638468323854","True"
"CR2","Croydon - Purley Way","Roadside","8","Croydon","51.362638","-0.117952","NO2","Nitrogen Dioxide","2008-01-01 00:00:00","2010-10-08 00:00:00","","51.362638","-0.117952","False"
"CR7","Croydon - Purley Way A23","Roadside","8","Croydon","51.3622305655403","-0.117604507351392","NO2","Nitrogen Dioxide","2012-01-19 00:00:00","","","51.3622305655403","-0.117604507351392","True"
"CR3","Croydon - Thornton Heath","Suburban","8","Croydon","51.40401","-0.098814","O3","Ozone","1997-06-01 00:00:00","2013-02-08 00:00:00","","51.40401","-0.098814","False"
"CR3","Croydon - Thornton Heath","Suburban","8","Croydon","51.40401","-0.098814","PM10","PM10 Particulate","1997-06-13 02:30:00","2013-02-08 00:00:00","","51.40401","-0.098814","False"
"CY1","Crystal Palace - Crystal Palace Parade","Roadside","8","Croydon","51.424812","-0.075449","CO","Carbon Monoxide","1999-09-01 00:00:00","2010-07-29 00:00:00","","51.424812","-0.075449","False"
"CY1","Crystal Palace - Crystal Palace Parade","Roadside","8","Croydon","51.424812","-0.075449","NO2","Nitrogen Dioxide","1999-09-01 00:00:00","2010-07-29 00:00:00","","51.424812","-0.075449","False"
"CY1","Crystal Palace - Crystal Palace Parade","Roadside","8","Croydon","51.424812","-0.075449","PM10","PM10 Particulate","1999-09-29 23:00:00","2010-07-29 00:00:00","","51.424812","-0.075449","False"
"CY1","Crystal Palace - Crystal Palace Parade","Roadside","8","Croydon","51.424812","-0.075449","SO2","Sulphur Dioxide","1999-09-01 00:00:00","2010-07-29 00:00:00","","51.424812","-0.075449","False"
"EA2","Ealing - Acton Town Hall","Roadside","9","Ealing","51.506628","-0.267934","CO","Carbon Monoxide","1996-08-01 00:00:00","2012-01-17 00:00:00","","51.506628","-0.267934","False"
"EA2","Ealing - Acton Town Hall","Roadside","9","Ealing","51.506628","-0.267934","NO2","Nitrogen Dioxide","2008-02-09 09:00:00","2012-01-17 00:00:00","","51.506628","-0.267934","False"
"EA2","Ealing - Acton Town Hall","Roadside","9","Ealing","51.506628","-0.267934","O3","Ozone","2005-04-22 12:00:00","2011-12-29 00:00:00","","51.506628","-0.267934","False"
"EA2","Ealing - Acton Town Hall","Roadside","9","Ealing","51.506628","-0.267934","PM10","PM10 Particulate","1996-09-09 15:00:00","2012-01-17 00:00:00","","51.506628","-0.267934","False"
"EG1","Ealing - Acton Town Hall (Partisol)","Roadside","9","Ealing","51.5065947337762","-0.267964378025953","PM25","PM2.5 Particulate","2005-09-01 00:00:00","2006-10-04 00:00:00","","51.5065947337762","-0.267964378025953","False"
"EA0","Ealing - Acton Town Hall FDMS","Roadside","9","Ealing","51.506628","-0.267934","PM10","PM10 Particulate","2005-04-29 08:00:00","2011-12-29 00:00:00","","51.506628","-0.267934","False"
"EI3","Ealing - Acton Vale ","Urban Background","9","Ealing","51.5038527919816","-0.254668101620372","NO2","Nitrogen Dioxide","2018-02-22 08:40:00","2025-02-14 00:00:00","","51.5038527919816","-0.254668101620372","False"
"EI3","Ealing - Acton Vale ","Urban Background","9","Ealing","51.5038527919816","-0.254668101620372","PM10","PM10 Particulate","2017-11-01 00:00:00","2025-02-14 00:00:00","","51.5038527919816","-0.254668101620372","False"
"EA9","Ealing - Court Way","Roadside","9","Ealing","51.5225651213491","-0.264922414775277","NO2","Nitrogen Dioxide","2005-05-04 15:00:00","2006-06-01 00:00:00","","51.5225651213491","-0.264922414775277","False"
"EA1","Ealing - Ealing Town Hall","Urban Background","9","Ealing","51.5133230466548","-0.307529015473585","CO","Carbon Monoxide","1995-10-13 13:00:00","1996-09-10 00:00:00","","51.5133230466548","-0.307529015473585","False"
"EA1","Ealing - Ealing Town Hall","Urban Background","9","Ealing","51.5133230466548","-0.307529015473585","NO2","Nitrogen Dioxide","2010-02-18 08:00:00","2012-01-10 00:00:00","","51.5133230466548","-0.307529015473585","False"
"EA1","Ealing - Ealing Town Hall","Urban Background","9","Ealing","51.5133230466548","-0.307529015473585","O3","Ozone","1995-10-13 13:00:00","2012-01-10 00:00:00","","51.5133230466548","-0.307529015473585","False"
"EA1","Ealing - Ealing Town Hall","Urban Background","9","Ealing","51.5133230466548","-0.307529015473585","SO2","Sulphur Dioxide","1995-10-13 13:00:00","2012-01-10 00:00:00","","51.5133230466548","-0.307529015473585","False"
"EI0","Ealing - Greenford","Urban Background","9","Ealing","51.5439296252862","-0.352801776049933","PM10","PM10 Particulate","2008-03-25 00:00:00","2009-04-15 00:00:00","","51.5439296252862","-0.352801776049933","False"
"EA6","Ealing - Hanger Lane Gyratory","Roadside","9","Ealing","51.53085","-0.292488","NO2","Nitrogen Dioxide","2009-04-14 11:00:00","2026-01-05 00:00:00","","51.53085","-0.292488","False"
"EA6","Ealing - Hanger Lane Gyratory","Roadside","9","Ealing","51.53085","-0.292488","PM10","PM10 Particulate","2012-02-29 14:00:00","2026-01-05 00:00:00","","51.53085","-0.292488","False"
"EA8","Ealing - Horn Lane","Industrial","9","Ealing","51.518948","-0.265617","NO2","Nitrogen Dioxide","2009-12-30 00:00:00","2026-01-05 00:00:00","","51.518948","-0.265617","False"
"EA8","Ealing - Horn Lane","Industrial","9","Ealing","51.518948","-0.265617","PM10","PM10 Particulate","2014-05-07 00:00:00","2026-01-05 00:00:00","","51.518948","-0.265617","False"
"EI8","Ealing - Horn Lane TEOM","Industrial","9","Ealing","51.5189160348806","-0.265652052386222","PM10","PM10 Particulate","2005-02-25 00:00:00","2026-01-05 00:00:00","","51.5189160348806","-0.265652052386222","False"
"EA7","Ealing - Southall","Urban Background","9","Ealing","51.508549","-0.392179","NO2","Nitrogen Dioxide","2010-02-11 10:30:00","2016-01-26 00:00:00","","51.508549","-0.392179","False"
"EA7","Ealing - Southall","Urban Background","9","Ealing","51.508549","-0.392179","O3","Ozone","2012-01-10 15:30:00","2016-01-26 00:00:00","","51.508549","-0.392179","False"
"EA7","Ealing - Southall","Urban Background","9","Ealing","51.508549","-0.392179","PM10","PM10 Particulate","2004-07-13 11:00:00","2016-01-26 00:00:00","","51.508549","-0.392179","False"
"EI7","Ealing - Southall FDMS","Urban Background","9","Ealing","51.5085164816243","-0.392208459173292","PM10","PM10 Particulate","2011-12-29 15:00:00","2014-01-14 00:00:00","","51.5085164816243","-0.392208459173292","False"
"EI7","Ealing - Southall FDMS","Urban Background","9","Ealing","51.5085164816243","-0.392208459173292","PM25","PM2.5 Particulate","2014-01-14 00:00:00","2016-01-26 00:00:00","","51.5085164816243","-0.392208459173292","False"
"EI2","Ealing - Southall Railway","Roadside","9","Ealing","51.5058699783726","-0.380241031512669","NO2","Nitrogen Dioxide","2011-04-08 00:00:00","2014-01-06 00:00:00","","51.5058699783726","-0.380241031512669","False"
"EI2","Ealing - Southall Railway","Roadside","9","Ealing","51.5058699783726","-0.380241031512669","PM10","PM10 Particulate","2011-04-08 00:00:00","2014-01-06 00:00:00","","51.5058699783726","-0.380241031512669","False"
"EI1","Ealing - Western Avenue","Roadside","9","Ealing","51.5236078191481","-0.265502631799754","NO2","Nitrogen Dioxide","2010-03-19 00:00:00","2026-01-05 00:00:00","","51.5236078191481","-0.265502631799754","False"
"EI1","Ealing - Western Avenue","Roadside","9","Ealing","51.5236078191481","-0.265502631799754","PM10","PM10 Particulate","2014-08-05 11:00:00","2026-01-05 00:00:00","","51.5236078191481","-0.265502631799754","False"
"EN5","Enfield - Bowes Primary School","Roadside","10","Enfield","51.613865","-0.125338","NO2","Nitrogen Dioxide","2008-02-07 00:00:00","","","51.613865","-0.125338","True"
"EN5","Enfield - Bowes Primary School","Roadside","10","Enfield","51.613865","-0.125338","PM10","PM10 Particulate","2008-08-27 00:00:00","","","51.613865","-0.125338","True"
"EN5","Enfield - Bowes Primary School","Roadside","10","Enfield","51.613865","-0.125338","PM25","PM2.5 Particulate","2025-04-30 00:00:00","","","51.613865","-0.125338","True"
"EN1","Enfield - Bush Hill Park","Suburban","10","Enfield","51.6450367266602","-0.0661800662229116","NO2","Nitrogen Dioxide","2008-01-01 00:00:00","","","51.6450367266602","-0.0661800662229116","True"
"EN2","Enfield - Church Street","Roadside","10","Enfield","51.6524364979749","-0.084224624306898","CO","Carbon Monoxide","1997-12-12 12:00:00","2006-09-14 00:00:00","","51.6524364979749","-0.084224624306898","False"
"EN2","Enfield - Church Street","Roadside","10","Enfield","51.6524364979749","-0.084224624306898","NO2","Nitrogen Dioxide","2012-03-27 13:10:00","2006-09-14 00:00:00","","51.6524364979749","-0.084224624306898","False"
"EN2","Enfield - Church Street","Roadside","10","Enfield","51.6524364979749","-0.084224624306898","PM10","PM10 Particulate","1997-12-21 16:00:00","2006-09-14 00:00:00","","51.6524364979749","-0.084224624306898","False"
"EN4","Enfield - Derby Road","Roadside","10","Enfield","51.614864007","-0.0507658363689","NO2","Nitrogen Dioxide","2008-01-01 00:00:00","","","51.614864007","-0.0507658363689","True"
"EN4","Enfield - Derby Road","Roadside","10","Enfield","51.614864007","-0.0507658363689","PM10","PM10 Particulate","2015-01-01 00:00:00","2016-09-10 00:00:00","","51.614864007","-0.0507658363689","False"
"EN4","Enfield - Derby Road","Roadside","10","Enfield","51.614864007","-0.0507658363689","SO2","Sulphur Dioxide","2000-02-29 12:00:00","2019-10-11 00:00:00","","51.614864007","-0.0507658363689","False"
"EN7","Enfield - Prince of Wales School","Urban Background","10","Enfield","51.66864334727","-0.02200720557","NO2","Nitrogen Dioxide","2012-07-06 09:00:00","","","51.66864334727","-0.02200720557","True"
"EN3","Enfield - Salisbury School","Urban Background","10","Enfield","51.6374794858769","-0.0442461406121593","CO","Carbon Monoxide","1998-10-01 00:00:00","2008-07-28 00:00:00","","51.6374794858769","-0.0442461406121593","False"
"EN3","Enfield - Salisbury School","Urban Background","10","Enfield","51.6374794858769","-0.0442461406121593","NO2","Nitrogen Dioxide","2008-01-01 00:00:00","2008-07-28 00:00:00","","51.6374794858769","-0.0442461406121593","False"
"EN3","Enfield - Salisbury School","Urban Background","10","Enfield","51.6374794858769","-0.0442461406121593","O3","Ozone","1998-10-01 00:00:00","2008-07-28 00:00:00","","51.6374794858769","-0.0442461406121593","False"
"EN3","Enfield - Salisbury School","Urban Background","10","Enfield","51.6374794858769","-0.0442461406121593","PM10","PM10 Particulate","1998-11-03 10:00:00","2008-07-28 00:00:00","","51.6374794858769","-0.0442461406121593","False"
"EN3","Enfield - Salisbury School","Urban Background","10","Enfield","51.6374794858769","-0.0442461406121593","SO2","Sulphur Dioxide","1998-11-05 00:00:00","2008-07-28 00:00:00","","51.6374794858769","-0.0442461406121593","False"
"GN0","Greenwich - A206 Burrage Grove","Roadside","11","Greenwich","51.490532","0.074003","NO2","Nitrogen Dioxide","2008-01-01 00:00:00","","","51.490532","0.074003","True"
"GN0","Greenwich - A206 Burrage Grove","Roadside","11","Greenwich","51.490532","0.074003","PM10","PM10 Particulate","2008-06-19 00:00:00","","","51.490532","0.074003","True"
"GN0","Greenwich - A206 Burrage Grove","Roadside","11","Greenwich","51.490532","0.074003","PM25","PM2.5 Particulate","2008-06-19 00:00:00","","","51.490532","0.074003","True"
"GR7","Greenwich - Blackheath","Roadside","11","Greenwich","51.472504","-0.012381","NO2","Nitrogen Dioxide","2002-03-01 00:00:00","","","51.472504","-0.012381","True"
"GR7","Greenwich - Blackheath","Roadside","11","Greenwich","51.472504","-0.012381","PM10","PM10 Particulate","2008-08-07 08:00:00","","","51.472504","-0.012381","True"
"GR4","Greenwich - Eltham","Suburban","11","Greenwich","51.45258","0.070766","NO2","Nitrogen Dioxide","2001-11-20 11:00:00","","","51.45258","0.070766","True"
"GR4","Greenwich - Eltham","Suburban","11","Greenwich","51.45258","0.070766","O3","Ozone","1995-10-02 11:00:00","","","51.45258","0.070766","True"
"GR4","Greenwich - Eltham","Suburban","11","Greenwich","51.45258","0.070766","PM10","PM10 Particulate","2008-07-29 12:00:00","","","51.45258","0.070766","True"
"GR4","Greenwich - Eltham","Suburban","11","Greenwich","51.45258","0.070766","PM25","PM2.5 Particulate","2008-05-10 13:00:00","","","51.45258","0.070766","True"
"GR4","Greenwich - Eltham","Suburban","11","Greenwich","51.45258","0.070766","SO2","Sulphur Dioxide","1995-10-01 00:00:00","","","51.45258","0.070766","True"
"GB6","Greenwich - Falconwood","Roadside","3","Bexley","51.4563","0.085606","NO2","Nitrogen Dioxide","2008-01-01 00:00:00","","","51.4563","0.085606","True"
"GB6","Greenwich - Falconwood","Roadside","3","Bexley","51.4563","0.085606","O3","Ozone","2004-09-30 14:00:00","","","51.4563","0.085606","True"
"GB6","Greenwich - Falconwood","Roadside","3","Bexley","51.4563","0.085606","PM10","PM10 Particulate","2011-03-04 10:00:00","","","51.4563","0.085606","True"
"GB0","Greenwich - Falconwood FDMS","Roadside","3","Bexley","51.4563","0.085606","PM10","PM10 Particulate","2009-03-16 00:00:00","2015-07-09 00:00:00","","51.4563","0.085606","False"
"GB0","Greenwich - Falconwood FDMS","Roadside","3","Bexley","51.4563","0.085606","PM25","PM2.5 Particulate","2009-05-28 00:00:00","","","51.4563","0.085606","True"
"GN4","Greenwich - Fiveways Sidcup Rd A20","Roadside","11","Greenwich","51.4346627060562","0.0642224671704697","NO2","Nitrogen Dioxide","2011-01-24 00:00:00","","","51.4346627060562","0.0642224671704697","True"
"GN4","Greenwich - Fiveways Sidcup Rd A20","Roadside","11","Greenwich","51.4346627060562","0.0642224671704697","PM10","PM10 Particulate","2011-01-24 00:00:00","2022-08-11 00:00:00","","51.4346627060562","0.0642224671704697","False"
"GN6","Greenwich - John Harrison Way","Roadside","11","Greenwich","51.4937746695818","0.0107796237032558","NO2","Nitrogen Dioxide","2018-07-17 09:00:00","","","51.4937746695818","0.0107796237032558","True"
"GN6","Greenwich - John Harrison Way","Roadside","11","Greenwich","51.4937746695818","0.0107796237032558","PM10","PM10 Particulate","2018-07-02 00:00:00","","","51.4937746695818","0.0107796237032558","True"
"GN6","Greenwich - John Harrison Way","Roadside","11","Greenwich","51.4937746695818","0.0107796237032558","PM25","PM2.5 Particulate","2018-07-02 00:00:00","","","51.4937746695818","0.0107796237032558","True"
"GN2","Greenwich - Millennium Village","Industrial","11","Greenwich","51.492571","0.017697","NO2","Nitrogen Dioxide","2008-01-01 00:00:00","2016-10-20 00:00:00","","51.492571","0.017697","False"
"GN2","Greenwich - Millennium Village","Industrial","11","Greenwich","51.492571","0.017697","PM10","PM10 Particulate","2004-08-01 00:00:00","2016-10-20 00:00:00","","51.492571","0.017697","False"
"GN2","Greenwich - Millennium Village","Industrial","11","Greenwich","51.492571","0.017697","PM25","PM2.5 Particulate","2004-08-01 00:00:00","2016-10-20 00:00:00","","51.492571","0.017697","False"
"GN3","Greenwich - Plumstead High Street","Roadside","11","Greenwich","51.486957","0.095111","NO2","Nitrogen Dioxide","2008-01-01 00:00:00","","","51.486957","0.095111","True"
"GN3","Greenwich - Plumstead High Street","Roadside","11","Greenwich","51.486957","0.095111","O3","Ozone","2006-01-27 14:00:00","","","51.486957","0.095111","True"
"GN3","Greenwich - Plumstead High Street","Roadside","11","Greenwich","51.486957","0.095111","PM10","PM10 Particulate","2006-01-27 10:00:00","","","51.486957","0.095111","True"
"GN3","Greenwich - Plumstead High Street","Roadside","11","Greenwich","51.486957","0.095111","PM25","PM2.5 Particulate","2006-01-27 10:00:00","","","51.486957","0.095111","True"
"GR5","Greenwich - Trafalgar Road","Roadside","11","Greenwich","51.4834490664601","-0.000145562683198809","NO2","Nitrogen Dioxide","2008-01-01 00:00:00","2015-12-02 00:00:00","","51.4834490664601","-0.000145562683198809","False"
"GR5","Greenwich - Trafalgar Road","Roadside","11","Greenwich","51.4834490664601","-0.000145562683198809","PM10","PM10 Particulate","1996-11-27 00:00:00","2015-12-02 00:00:00","","51.4834490664601","-0.000145562683198809","False"
"GN5","Greenwich - Trafalgar Road (Hoskins St)","Roadside","11","Greenwich","51.4839072533485","0.000407396935849736","NO2","Nitrogen Dioxide","2017-12-04 11:25:00","","","51.4839072533485","0.000407396935849736","True"
"GN5","Greenwich - Trafalgar Road (Hoskins St)","Roadside","11","Greenwich","51.4839072533485","0.000407396935849736","PM10","PM10 Particulate","2017-10-12 00:00:00","","","51.4839072533485","0.000407396935849736","True"
"TL4","Greenwich - Tunnel Avenue","Roadside","11","Greenwich","51.495057","0.0041074676","NO2","Nitrogen Dioxide","2021-08-16 07:00:00","","","51.495057","0.0041074676","True"
"GR9","Greenwich - Westhorne Avenue","Roadside","11","Greenwich","51.456357","0.040725","NO2","Nitrogen Dioxide","2008-01-01 00:00:00","","","51.456357","0.040725","True"
"GR9","Greenwich - Westhorne Avenue","Roadside","11","Greenwich","51.456357","0.040725","O3","Ozone","2006-05-26 12:00:00","","","51.456357","0.040725","True"
"GR9","Greenwich - Westhorne Avenue","Roadside","11","Greenwich","51.456357","0.040725","PM10","PM10 Particulate","2004-11-01 00:00:00","","","51.456357","0.040725","True"
"GR9","Greenwich - Westhorne Avenue","Roadside","11","Greenwich","51.456357","0.040725","PM25","PM2.5 Particulate","2004-11-01 00:00:00","","","51.456357","0.040725","True"
"GR8","Greenwich - Woolwich Flyover","Roadside","11","Greenwich","51.486884","0.017901","NO2","Nitrogen Dioxide","2002-12-07 08:40:00","","","51.486884","0.017901","True"
"GR8","Greenwich - Woolwich Flyover","Roadside","11","Greenwich","51.486884","0.017901","PM10","PM10 Particulate","2004-07-08 00:00:00","","","51.486884","0.017901","True"
"GR8","Greenwich - Woolwich Flyover","Roadside","11","Greenwich","51.486884","0.017901","PM25","PM2.5 Particulate","2021-08-24 00:00:00","","","51.486884","0.017901","True"
"HN0","Hackney - Amhurst Road","Roadside","12","Hackney","51.5500559909969","-0.0633016026789864","NO2","Nitrogen Dioxide","2023-02-11 12:00:00","2022-07-18 00:00:00","","51.5500559909969","-0.0633016026789864","False"
"HN0","Hackney - Amhurst Road","Roadside","12","Hackney","51.5500559909969","-0.0633016026789864","PM10","PM10 Particulate","2022-04-01 00:00:00","2022-07-18 00:00:00","","51.5500559909969","-0.0633016026789864","False"
"HK4","Hackney - Clapton","Urban Background","12","Hackney","51.558884","-0.056388","CO","Carbon Monoxide","1996-01-01 00:00:00","2011-08-31 00:00:00","","51.558884","-0.056388","False"
"HK4","Hackney - Clapton","Urban Background","12","Hackney","51.558884","-0.056388","NO2","Nitrogen Dioxide","2001-11-06 14:00:00","2011-08-31 00:00:00","","51.558884","-0.056388","False"
"HK4","Hackney - Clapton","Urban Background","12","Hackney","51.558884","-0.056388","O3","Ozone","1996-01-01 00:00:00","2011-08-31 00:00:00","","51.558884","-0.056388","False"
"HN1","Hackney - Homerton Library","Roadside","12","Hackney","51.5487472103442","-0.0418806967224562","NO2","Nitrogen Dioxide","2022-04-01 00:00:00","2022-07-18 00:00:00","","51.5487472103442","-0.0418806967224562","False"
"HN1","Hackney - Homerton Library","Roadside","12","Hackney","51.5487472103442","-0.0418806967224562","PM10","PM10 Particulate","2022-04-01 00:00:00","2022-07-18 00:00:00","","51.5487472103442","-0.0418806967224562","False"
"HK6","Hackney - Old Street","Roadside","12","Hackney","51.526454","-0.08491","NO2","Nitrogen Dioxide","2000-06-01 00:00:00","","","51.526454","-0.08491","True"
"HK6","Hackney - Old Street","Roadside","12","Hackney","51.526454","-0.08491","O3","Ozone","2006-05-24 12:00:00","","","51.526454","-0.08491","True"
"HK6","Hackney - Old Street","Roadside","12","Hackney","51.526454","-0.08491","PM10","PM10 Particulate","2000-05-31 23:00:00","","","51.526454","-0.08491","True"
"HK6","Hackney - Old Street","Roadside","12","Hackney","51.526454","-0.08491","PM25","PM2.5 Particulate","2022-02-28 00:00:00","","","51.526454","-0.08491","True"
"HK9","Hackney - Queensbridge Road","Roadside","12","Hackney","51.539324","-0.070078971","NO2","Nitrogen Dioxide","2022-01-01 00:00:00","2022-07-18 00:00:00","","51.539324","-0.070078971","False"
"HK9","Hackney - Queensbridge Road","Roadside","12","Hackney","51.539324","-0.070078971","PM10","PM10 Particulate","2022-01-01 00:00:00","2022-07-18 00:00:00","","51.539324","-0.070078971","False"
"HF1","Hammersmith and Fulham - Broadway","Roadside","13","Hammersmith and Fulham","51.4927663395234","-0.223601338284455","NO2","Nitrogen Dioxide","2008-01-01 00:00:00","2009-01-20 00:00:00","","51.4927663395234","-0.223601338284455","False"
"HF1","Hammersmith and Fulham - Broadway","Roadside","13","Hammersmith and Fulham","51.4927663395234","-0.223601338284455","PM10","PM10 Particulate","2008-10-17 09:00:00","2009-01-20 00:00:00","","51.4927663395234","-0.223601338284455","False"
"HF1","Hammersmith and Fulham - Broadway","Roadside","13","Hammersmith and Fulham","51.4927663395234","-0.223601338284455","SO2","Sulphur Dioxide","2001-05-11 00:00:00","2007-03-27 00:00:00","","51.4927663395234","-0.223601338284455","False"
"HF2","Hammersmith and Fulham - Brook Green","Urban Background","13","Hammersmith and Fulham","51.4964961786764","-0.220502981077703","NO2","Nitrogen Dioxide","2008-01-01 00:00:00","2009-01-21 00:00:00","","51.4964961786764","-0.220502981077703","False"
"HF2","Hammersmith and Fulham - Brook Green","Urban Background","13","Hammersmith and Fulham","51.4964961786764","-0.220502981077703","PM10","PM10 Particulate","2003-07-28 12:00:00","2009-01-21 00:00:00","","51.4964961786764","-0.220502981077703","False"
"HF3","Hammersmith and Fulham - Scrubs Lane","Kerbside","13","Hammersmith and Fulham","51.5308895141056","-0.237011005357313","NO2","Nitrogen Dioxide","2005-03-20 12:00:00","2005-10-27 14:00:00","","51.5308895141056","-0.237011005357313","False"
"HF3","Hammersmith and Fulham - Scrubs Lane","Kerbside","13","Hammersmith and Fulham","51.5308895141056","-0.237011005357313","PM10","PM10 Particulate","2005-03-30 12:00:00","2005-10-27 14:00:00","","51.5308895141056","-0.237011005357313","False"
"HF4","Hammersmith and Fulham - Shepherds Bush","Roadside","13","Hammersmith and Fulham","51.5045625671557","-0.224670007031603","NO2","Nitrogen Dioxide","2011-10-31 00:00:00","2017-10-27 00:00:00","","51.5045625671557","-0.224670007031603","False"
"HF4","Hammersmith and Fulham - Shepherds Bush","Roadside","13","Hammersmith and Fulham","51.5045625671557","-0.224670007031603","PM10","PM10 Particulate","2011-10-31 00:00:00","2017-10-27 00:00:00","","51.5045625671557","-0.224670007031603","False"
"HG4","Haringey  - Priory Park South","Urban Background","14","Haringey","51.5839769007709","-0.125400278484885","NO2","Nitrogen Dioxide","2012-10-25 00:00:00","","","51.5839769007709","-0.125400278484885","True"
"HG4","Haringey  - Priory Park South","Urban Background","14","Haringey","51.5839769007709","-0.125400278484885","O3","Ozone","2012-10-25 00:00:00","","","51.5839769007709","-0.125400278484885","True"
"HG3","Haringey - Bounds Green","Roadside","14","Haringey","51.6059499474804","-0.123441120322547","NO2","Nitrogen Dioxide","1999-06-21 00:15:00","2001-03-11 23:45:00","","51.6059499474804","-0.123441120322547","False"
"HG3","Haringey - Bounds Green","Roadside","14","Haringey","51.6059499474804","-0.123441120322547","PM10","PM10 Particulate","1999-06-21 00:15:00","2001-03-11 23:45:00","","51.6059499474804","-0.123441120322547","False"
"HG3","Haringey - Bounds Green","Roadside","14","Haringey","51.6059499474804","-0.123441120322547","SO2","Sulphur Dioxide","1999-05-01 00:00:00","2011-02-04 00:00:00","","51.6059499474804","-0.123441120322547","False"
"HG1","Haringey - Haringey Town Hall","Roadside","14","Haringey","51.599302","-0.068218","NO2","Nitrogen Dioxide","2001-11-26 17:00:00","","","51.599302","-0.068218","True"
"HG1","Haringey - Haringey Town Hall","Roadside","14","Haringey","51.599302","-0.068218","PM10","PM10 Particulate","2010-06-21 13:00:00","2014-05-07 00:00:00","","51.599302","-0.068218","False"
"HG1","Haringey - Haringey Town Hall","Roadside","14","Haringey","51.599302","-0.068218","PM25","PM2.5 Particulate","2009-02-18 00:00:00","2016-02-10 00:00:00","","51.599302","-0.068218","False"
"HG1","Haringey - Haringey Town Hall","Roadside","14","Haringey","51.599302","-0.068218","SO2","Sulphur Dioxide","1999-05-01 00:00:00","2011-02-04 00:00:00","","51.599302","-0.068218","False"
"HG2","Haringey - Priory Park","Urban Background","14","Haringey","51.586029","-0.126486","NO2","Nitrogen Dioxide","2008-08-14 11:00:00","2012-10-25 00:00:00","","51.586029","-0.126486","False"
"HG2","Haringey - Priory Park","Urban Background","14","Haringey","51.586029","-0.126486","O3","Ozone","1996-03-20 12:00:00","2012-10-25 00:00:00","","51.586029","-0.126486","False"
"HG2","Haringey - Priory Park","Urban Background","14","Haringey","51.586029","-0.126486","PM10","PM10 Particulate","1996-03-29 00:00:00","2012-04-24 00:00:00","","51.586029","-0.126486","False"
"HR2","Harrow - Pinner Road","Roadside","15","Harrow","51.588417","-0.362989","NO2","Nitrogen Dioxide","2008-01-01 00:00:00","2023-07-31 00:00:00","","51.588417","-0.362989","False"
"HR2","Harrow - Pinner Road","Roadside","15","Harrow","51.588417","-0.362989","PM10","PM10 Particulate","2003-06-16 00:00:00","2023-07-31 00:00:00","","51.588417","-0.362989","False"
"HR1","Harrow - Stanmore","Urban Background","15","Harrow","51.617327","-0.298775","NO2","Nitrogen Dioxide","2006-03-21 14:30:00","2023-08-14 00:00:00","","51.617327","-0.298775","False"
"HR1","Harrow - Stanmore","Urban Background","15","Harrow","51.617327","-0.298775","PM10","PM10 Particulate","1999-04-10 10:00:00","2023-08-14 00:00:00","","51.617327","-0.298775","False"
"HR1","Harrow - Stanmore","Urban Background","15","Harrow","51.617327","-0.298775","PM25","PM2.5 Particulate","2008-12-16 10:00:00","2018-01-01 00:00:00","","51.617327","-0.298775","False"
"HR1","Harrow - Stanmore","Urban Background","15","Harrow","51.617327","-0.298775","SO2","Sulphur Dioxide","2000-02-24 14:00:00","2011-04-07 00:00:00","","51.617327","-0.298775","False"
"HV2","Havering - Harold Hill","Suburban","16","Havering","51.6065992159427","0.225359558329898","PM10","PM10 Particulate","1998-03-31 23:00:00","2000-11-12 14:45:00","","51.6065992159427","0.225359558329898","False"
"HV1","Havering - Rainham","Roadside","16","Havering","51.520787459334","0.205460705694044","NO2","Nitrogen Dioxide","1995-12-01 00:00:00","","","51.520787459334","0.205460705694044","True"
"HV1","Havering - Rainham","Roadside","16","Havering","51.520787459334","0.205460705694044","PM10","PM10 Particulate","2013-03-13 00:00:00","","","51.520787459334","0.205460705694044","True"
"HV1","Havering - Rainham","Roadside","16","Havering","51.520787459334","0.205460705694044","PM25","PM2.5 Particulate","2013-03-13 00:00:00","","","51.520787459334","0.205460705694044","True"
"HV3","Havering - Romford","Roadside","16","Havering","51.572976","0.179079","NO2","Nitrogen Dioxide","2008-01-01 00:00:00","","","51.572976","0.179079","True"
"HV3","Havering - Romford","Roadside","16","Havering","51.572976","0.179079","PM10","PM10 Particulate","2008-11-14 00:00:00","","","51.572976","0.179079","True"
"HV3","Havering - Romford","Roadside","16","Havering","51.572976","0.179079","SO2","Sulphur Dioxide","1998-12-20 09:00:00","2009-06-11 00:00:00","","51.572976","0.179079","False"
"LH2","Heathrow Airport","Industrial","17","Hillingdon","51.4792338864893","-0.440530703282971","CO","Carbon Monoxide","1999-01-01 00:00:00","2007-12-11 12:45:00","","51.4792338864893","-0.440530703282971","False"
"LH2","Heathrow Airport","Industrial","17","Hillingdon","51.4792338864893","-0.440530703282971","NO2","Nitrogen Dioxide","1999-01-01 00:00:00","2011-02-24 00:00:00","","51.4792338864893","-0.440530703282971","False"
"LH2","Heathrow Airport","Industrial","17","Hillingdon","51.4792338864893","-0.440530703282971","O3","Ozone","1999-01-01 00:00:00","2007-12-11 12:45:00","","51.4792338864893","-0.440530703282971","False"
"LH2","Heathrow Airport","Industrial","17","Hillingdon","51.4792338864893","-0.440530703282971","PM10","PM10 Particulate","2007-01-01 00:00:00","2011-02-24 00:00:00","","51.4792338864893","-0.440530703282971","False"
"LH0","Hillingdon - Harlington","Urban Background","17","Hillingdon","51.48878","-0.441627","CO","Carbon Monoxide","2004-01-01 00:00:00","2008-03-03 00:00:00","","51.48878","-0.441627","False"
"LH0","Hillingdon - Harlington","Urban Background","17","Hillingdon","51.48878","-0.441627","NO2","Nitrogen Dioxide","2004-01-01 00:00:00","","","51.48878","-0.441627","True"
"LH0","Hillingdon - Harlington","Urban Background","17","Hillingdon","51.48878","-0.441627","O3","Ozone","2004-01-01 00:00:00","","","51.48878","-0.441627","True"
"LH0","Hillingdon - Harlington","Urban Background","17","Hillingdon","51.48878","-0.441627","PM10","PM10 Particulate","2007-01-01 00:00:00","","","51.48878","-0.441627","True"
"LH0","Hillingdon - Harlington","Urban Background","17","Hillingdon","51.48878","-0.441627","PM25","PM2.5 Particulate","2007-01-01 00:00:00","","","51.48878","-0.441627","True"
"HI2","Hillingdon - Hillingdon Hospital","Roadside","17","Hillingdon","51.526115","-0.459128","NO2","Nitrogen Dioxide","2008-09-04 12:00:00","2011-06-01 00:00:00","","51.526115","-0.459128","False"
"HI2","Hillingdon - Hillingdon Hospital","Roadside","17","Hillingdon","51.526115","-0.459128","PM10","PM10 Particulate","2011-03-11 14:00:00","2011-06-01 00:00:00","","51.526115","-0.459128","False"
"HI0","Hillingdon - Keats Way","Suburban","17","Hillingdon","51.496309","-0.460826","CO","Carbon Monoxide","2007-12-01 00:00:00","2007-10-01 00:00:00","","51.496309","-0.460826","False"
"HI0","Hillingdon - Keats Way","Suburban","17","Hillingdon","51.496309","-0.460826","NO2","Nitrogen Dioxide","2007-12-01 00:00:00","","","51.496309","-0.460826","True"
"HI0","Hillingdon - Keats Way","Suburban","17","Hillingdon","51.496309","-0.460826","O3","Ozone","2007-12-01 00:00:00","","","51.496309","-0.460826","True"
"HI0","Hillingdon - Keats Way","Suburban","17","Hillingdon","51.496309","-0.460826","PM10","PM10 Particulate","1996-08-02 00:00:00","2007-10-01 00:00:00","","51.496309","-0.460826","False"
"HI0","Hillingdon - Keats Way","Suburban","17","Hillingdon","51.496309","-0.460826","SO2","Sulphur Dioxide","2007-12-01 00:00:00","2007-10-01 00:00:00","","51.496309","-0.460826","False"
"HI3","Hillingdon - Oxford Avenue","Roadside","17","Hillingdon","51.481131839058","-0.423760323968","NO2","Nitrogen Dioxide","2005-03-01 00:00:00","2011-06-01 00:00:00","","51.481131839058","-0.423760323968","False"
"HI3","Hillingdon - Oxford Avenue","Roadside","17","Hillingdon","51.481131839058","-0.423760323968","PM10","PM10 Particulate","2005-03-01 12:00:00","2011-06-01 00:00:00","","51.481131839058","-0.423760323968","False"
"HI1","Hillingdon - South Ruislip","Roadside","17","Hillingdon","51.552264","-0.402779","NO2","Nitrogen Dioxide","2008-09-01 11:00:00","2011-06-01 00:00:00","","51.552264","-0.402779","False"
"HI1","Hillingdon - South Ruislip","Roadside","17","Hillingdon","51.552264","-0.402779","O3","Ozone","1994-01-01 00:00:00","1995-03-31 00:00:00","","51.552264","-0.402779","False"
"HI1","Hillingdon - South Ruislip","Roadside","17","Hillingdon","51.552264","-0.402779","PM10","PM10 Particulate","1994-01-01 00:00:00","2011-06-01 00:00:00","","51.552264","-0.402779","False"
"HI1","Hillingdon - South Ruislip","Roadside","17","Hillingdon","51.552264","-0.402779","SO2","Sulphur Dioxide","1994-01-01 00:00:00","1994-12-08 00:00:00","","51.552264","-0.402779","False"
"HS1","Hounslow - Brentford","Roadside","18","Hounslow","51.489321","-0.310002","CO","Carbon Monoxide","1995-01-10 00:00:00","2003-01-01 00:00:00","","51.489321","-0.310002","False"
"HS5","Hounslow - Brentford","Roadside","18","Hounslow","51.489398","-0.310081","CO","Carbon Monoxide","2003-06-09 14:00:00","2007-07-10 00:00:00","","51.489398","-0.310081","False"
"HS1","Hounslow - Brentford","Roadside","18","Hounslow","51.489321","-0.310002","NO2","Nitrogen Dioxide","2001-11-19 11:00:00","2003-01-01 00:00:00","","51.489321","-0.310002","False"
"HS5","Hounslow - Brentford","Roadside","18","Hounslow","51.489398","-0.310081","NO2","Nitrogen Dioxide","2003-06-02 00:00:00","2012-04-01 00:00:00","","51.489398","-0.310081","False"
"HS1","Hounslow - Brentford","Roadside","18","Hounslow","51.489321","-0.310002","O3","Ozone","1994-09-15 00:00:00","2003-01-01 00:00:00","","51.489321","-0.310002","False"
"HS5","Hounslow - Brentford","Roadside","18","Hounslow","51.489398","-0.310081","PM10","PM10 Particulate","2011-05-11 15:00:00","2012-04-01 00:00:00","","51.489398","-0.310081","False"
"HS3","Hounslow - Brentford","Roadside","18","Hounslow","51.489321","-0.310002","PM10","PM10 Particulate","1999-03-20 12:00:00","2003-01-01 00:00:00","","51.489321","-0.310002","False"
"HS4","Hounslow - Chiswick High Road","Roadside","18","Hounslow","51.492507","-0.257252","NO2","Nitrogen Dioxide","1999-08-01 00:00:00","2012-04-01 00:00:00","","51.492507","-0.257252","False"
"HS4","Hounslow - Chiswick High Road","Roadside","18","Hounslow","51.492507","-0.257252","PM10","PM10 Particulate","2009-10-05 12:00:00","2012-04-01 00:00:00","","51.492507","-0.257252","False"
"HS4","Hounslow - Chiswick High Road","Roadside","18","Hounslow","51.492507","-0.257252","SO2","Sulphur Dioxide","1999-08-26 00:00:00","2009-02-11 00:00:00","","51.492507","-0.257252","False"
"HS2","Hounslow - Cranford","Suburban","18","Hounslow","51.482982","-0.411895","NO2","Nitrogen Dioxide","1999-01-27 00:00:00","2012-04-01 00:00:00","","51.482982","-0.411895","False"
"HS2","Hounslow - Cranford","Suburban","18","Hounslow","51.482982","-0.411895","O3","Ozone","2000-05-01 11:00:00","2012-04-01 00:00:00","","51.482982","-0.411895","False"
"HS2","Hounslow - Cranford","Suburban","18","Hounslow","51.482982","-0.411895","PM10","PM10 Particulate","2009-10-06 13:00:00","2012-04-01 00:00:00","","51.482982","-0.411895","False"
"HS2","Hounslow - Cranford","Suburban","18","Hounslow","51.482982","-0.411895","SO2","Sulphur Dioxide","1999-01-01 00:00:00","2012-04-01 00:00:00","","51.482982","-0.411895","False"
"HS9","Hounslow - Feltham","Roadside","18","Hounslow","51.4473877655456","-0.408732837243793","NO2","Nitrogen Dioxide","2009-08-19 00:00:00","2012-04-01 00:00:00","","51.4473877655456","-0.408732837243793","False"
"HS9","Hounslow - Feltham","Roadside","18","Hounslow","51.4473877655456","-0.408732837243793","PM10","PM10 Particulate","2009-08-19 00:00:00","2012-04-01 00:00:00","","51.4473877655456","-0.408732837243793","False"
"HS7","Hounslow - Hatton Cross","Urban Background","18","Hounslow","51.463402","-0.427525","NO2","Nitrogen Dioxide","2008-11-28 00:00:00","2012-04-01 00:00:00","","51.463402","-0.427525","False"
"HS7","Hounslow - Hatton Cross","Urban Background","18","Hounslow","51.463402","-0.427525","PM10","PM10 Particulate","2011-07-13 15:00:00","2012-04-01 00:00:00","","51.463402","-0.427525","False"
"HS6","Hounslow - Heston Road","Roadside","18","Hounslow","51.479129","-0.36476","NO2","Nitrogen Dioxide","2008-08-01 00:00:00","2012-04-01 00:00:00","","51.479129","-0.36476","False"
"HS6","Hounslow - Heston Road","Roadside","18","Hounslow","51.479129","-0.36476","PM10","PM10 Particulate","2006-04-13 00:00:00","2012-04-01 00:00:00","","51.479129","-0.36476","False"
"HS8","Hounslow and Ealing - Gunnersbury Avenue","Roadside","18","Hounslow","51.500676298573","-0.284383168481281","NO2","Nitrogen Dioxide","2012-02-01 00:00:00","2015-02-09 00:00:00","","51.500676298573","-0.284383168481281","False"
"HS8","Hounslow and Ealing - Gunnersbury Avenue","Roadside","18","Hounslow","51.500676298573","-0.284383168481281","PM10","PM10 Particulate","2012-02-09 00:00:00","2015-02-09 00:00:00","","51.500676298573","-0.284383168481281","False"
"IS6","Islington - Arsenal","Urban Background","19","Islington","51.557895","-0.106989","NO2","Nitrogen Dioxide","2003-03-05 11:45:00","2026-04-01 00:00:00","","51.557895","-0.106989","False"
"IS6","Islington - Arsenal","Urban Background","19","Islington","51.557895","-0.106989","PM10","PM10 Particulate","2025-01-09 00:00:00","2026-04-01 00:00:00","","51.557895","-0.106989","False"
"IS6","Islington - Arsenal","Urban Background","19","Islington","51.557895","-0.106989","PM25","PM2.5 Particulate","2025-01-09 00:00:00","2026-04-01 00:00:00","","51.557895","-0.106989","False"
"IS5","Islington - Duncan Terrace","Roadside","19","Islington","51.5322658877275","-0.104413186512037","PM10","PM10 Particulate","2006-04-19 12:00:00","2009-03-11 00:00:00","","51.5322658877275","-0.104413186512037","False"
"IS4","Islington - Foxham Gardens","Urban Background","19","Islington","51.5600403385285","-0.131679425163847","PM10","PM10 Particulate","2006-04-19 12:00:00","2009-03-11 00:00:00","","51.5600403385285","-0.131679425163847","False"
"IS2","Islington - Holloway Road","Roadside","19","Islington","51.555378","-0.116146","CO","Carbon Monoxide","2000-07-01 00:00:00","2014-06-13 00:00:00","","51.555378","-0.116146","False"
"IS2","Islington - Holloway Road","Roadside","19","Islington","51.555378","-0.116146","NO2","Nitrogen Dioxide","2000-07-01 00:00:00","2026-04-01 00:00:00","","51.555378","-0.116146","False"
"IS2","Islington - Holloway Road","Roadside","19","Islington","51.555378","-0.116146","PM10","PM10 Particulate","2025-01-21 13:00:00","2026-04-01 00:00:00","","51.555378","-0.116146","False"
"IS2","Islington - Holloway Road","Roadside","19","Islington","51.555378","-0.116146","PM25","PM2.5 Particulate","2025-01-21 13:00:00","2026-04-01 00:00:00","","51.555378","-0.116146","False"
"IS1","Islington - Upper Street","Urban Background","19","Islington","51.5407003385595","-0.103269578193151","CO","Carbon Monoxide","1995-10-01 10:00:00","1998-05-10 00:00:00","","51.5407003385595","-0.103269578193151","False"
"IS1","Islington - Upper Street","Urban Background","19","Islington","51.5407003385595","-0.103269578193151","NO2","Nitrogen Dioxide","1994-05-13 01:00:00","2007-03-14 00:00:00","","51.5407003385595","-0.103269578193151","False"
"IS1","Islington - Upper Street","Urban Background","19","Islington","51.5407003385595","-0.103269578193151","PM10","PM10 Particulate","1994-05-13 01:00:00","2007-03-14 00:00:00","","51.5407003385595","-0.103269578193151","False"
"KC2","Kensington and Chelsea - Cromwell Road","Roadside","20","Kensington and Chelsea","51.49550391","-0.178809464","CO","Carbon Monoxide","2007-12-01 00:00:00","2013-01-10 00:00:00","","51.49550391","-0.178809464","False"
"KC2","Kensington and Chelsea - Cromwell Road","Roadside","20","Kensington and Chelsea","51.49550391","-0.178809464","NO2","Nitrogen Dioxide","2007-12-01 00:00:00","2017-10-27 00:00:00","","51.49550391","-0.178809464","False"
"KC2","Kensington and Chelsea - Cromwell Road","Roadside","20","Kensington and Chelsea","51.49550391","-0.178809464","PM10","PM10 Particulate","2009-08-10 00:00:00","2017-10-27 00:00:00","","51.49550391","-0.178809464","False"
"KC2","Kensington and Chelsea - Cromwell Road","Roadside","20","Kensington and Chelsea","51.49550391","-0.178809464","PM25","PM2.5 Particulate","2009-08-04 00:00:00","2017-10-27 00:00:00","","51.49550391","-0.178809464","False"
"KC2","Kensington and Chelsea - Cromwell Road","Roadside","20","Kensington and Chelsea","51.49550391","-0.178809464","SO2","Sulphur Dioxide","2007-12-01 00:00:00","2013-01-10 00:00:00","","51.49550391","-0.178809464","False"
"KC5","Kensington and Chelsea - Earls Court Rd","Kerbside","20","Kensington and Chelsea","51.49019756","-0.190863311","NO2","Nitrogen Dioxide","2008-03-27 10:00:00","2017-10-27 00:00:00","","51.49019756","-0.190863311","False"
"KC5","Kensington and Chelsea - Earls Court Rd","Kerbside","20","Kensington and Chelsea","51.49019756","-0.190863311","PM10","PM10 Particulate","2002-04-29 15:00:00","2017-10-27 00:00:00","","51.49019756","-0.190863311","False"
"KG2","Kensington and Chelsea - Green Screen BG","Urban Background","20","Kensington and Chelsea","51.4894131144322","-0.193640886158949","NO2","Nitrogen Dioxide","2013-10-29 11:30:00","2014-10-31 00:00:00","","51.4894131144322","-0.193640886158949","False"
"KG1","Kensington and Chelsea - Green Screen RS","Roadside","20","Kensington and Chelsea","51.4894131144322","-0.193640886158949","NO2","Nitrogen Dioxide","2013-10-29 11:30:00","2014-10-31 00:00:00","","51.4894131144322","-0.193640886158949","False"
"KC4","Kensington and Chelsea - Kings Road","Roadside","20","Kensington and Chelsea","51.48743685","-0.168397129","NO2","Nitrogen Dioxide","2008-01-01 00:00:00","2017-10-26 00:00:00","","51.48743685","-0.168397129","False"
"KC3","Kensington and Chelsea - Knightsbridge","Roadside","20","Kensington and Chelsea","51.49913951","-0.164337605","NO2","Nitrogen Dioxide","2008-01-01 00:00:00","2017-10-26 00:00:00","","51.49913951","-0.164337605","False"
"KC1","Kensington and Chelsea - North Ken","Urban Background","20","Kensington and Chelsea","51.5210467476039","-0.213492139585065","CO","Carbon Monoxide","1995-10-13 10:00:00","","","51.5210467476039","-0.213492139585065","True"
"KC1","Kensington and Chelsea - North Ken","Urban Background","20","Kensington and Chelsea","51.5210467476039","-0.213492139585065","NO2","Nitrogen Dioxide","2001-11-28 15:00:00","","","51.5210467476039","-0.213492139585065","True"
"KC1","Kensington and Chelsea - North Ken","Urban Background","20","Kensington and Chelsea","51.5210467476039","-0.213492139585065","O3","Ozone","1995-10-01 00:00:00","","","51.5210467476039","-0.213492139585065","True"
"KC1","Kensington and Chelsea - North Ken","Urban Background","20","Kensington and Chelsea","51.5210467476039","-0.213492139585065","PM10","PM10 Particulate","1995-03-17 00:00:00","2018-01-01 00:00:00","","51.5210467476039","-0.213492139585065","False"
"KC1","Kensington and Chelsea - North Ken","Urban Background","20","Kensington and Chelsea","51.5210467476039","-0.213492139585065","PM25","PM2.5 Particulate","2008-12-17 00:00:00","2018-01-01 00:00:00","","51.5210467476039","-0.213492139585065","False"
"KC1","Kensington and Chelsea - North Ken","Urban Background","20","Kensington and Chelsea","51.5210467476039","-0.213492139585065","SO2","Sulphur Dioxide","1995-10-01 00:00:00","","","51.5210467476039","-0.213492139585065","True"
"KC7","Kensington and Chelsea - North Ken FDMS","Urban Background","20","Kensington and Chelsea","51.5210467476039","-0.213492139585065","PM10","PM10 Particulate","2003-01-01 00:00:00","2018-03-01 00:00:00","","51.5210467476039","-0.213492139585065","False"
"KF1","Kensington and Chelsea - North Ken FIDAS","Urban Background","20","Kensington and Chelsea","51.5210467476039","-0.213492139585065","PM10","PM10 Particulate","2017-07-20 15:00:00","","","51.5210467476039","-0.213492139585065","True"
"KF1","Kensington and Chelsea - North Ken FIDAS","Urban Background","20","Kensington and Chelsea","51.5210467476039","-0.213492139585065","PM25","PM2.5 Particulate","2017-07-20 15:00:00","","","51.5210467476039","-0.213492139585065","True"
"WE0","Kensington and Chelsea - Pembroke Road","Urban Background","20","Kensington and Chelsea","51.4942847451596","-0.199340350918702","CO","Carbon Monoxide","1987-01-01 00:00:00","2007-09-30 00:00:00","","51.4942847451596","-0.199340350918702","False"
"WE0","Kensington and Chelsea - Pembroke Road","Urban Background","20","Kensington and Chelsea","51.4942847451596","-0.199340350918702","NO2","Nitrogen Dioxide","1987-01-01 00:00:00","2007-09-30 00:00:00","","51.4942847451596","-0.199340350918702","False"
"GT1","Kensington and Chelsea - Station Walk","Urban Background","20","Kensington and Chelsea","51.5140519844289","-0.216532947379263","NO2","Nitrogen Dioxide","2025-06-24 13:00:00","","","51.5140519844289","-0.216532947379263","True"
"GT1","Kensington and Chelsea - Station Walk","Urban Background","20","Kensington and Chelsea","51.5140519844289","-0.216532947379263","PM10","PM10 Particulate","2025-06-24 00:00:00","","","51.5140519844289","-0.216532947379263","True"
"GT1","Kensington and Chelsea - Station Walk","Urban Background","20","Kensington and Chelsea","51.5140519844289","-0.216532947379263","PM25","PM2.5 Particulate","2025-06-24 00:00:00","","","51.5140519844289","-0.216532947379263","True"
"KT1","Kingston - Chessington","Suburban","21","Kingston","51.3566466913867","-0.316770841962737","O3","Ozone","1996-01-01 00:00:00","2008-07-07 12:00:00","","51.3566466913867","-0.316770841962737","False"
"A30","Kingston - Kingston Bypass A3","Roadside","21","Kingston","51.373553348648","-0.291969827871431","CO","Carbon Monoxide","1997-03-20 00:00:00","2007-09-30 00:00:00","","51.373553348648","-0.291969827871431","False"
"A30","Kingston - Kingston Bypass A3","Roadside","21","Kingston","51.373553348648","-0.291969827871431","NO2","Nitrogen Dioxide","1997-03-20 00:00:00","2007-09-30 00:00:00","","51.373553348648","-0.291969827871431","False"
"A30","Kingston - Kingston Bypass A3","Roadside","21","Kingston","51.373553348648","-0.291969827871431","PM10","PM10 Particulate","1997-03-20 00:00:00","2007-09-30 00:00:00","","51.373553348648","-0.291969827871431","False"
"KT2","Kingston - Town Centre","Roadside","21","Kingston","51.4144307605309","-0.301706822060131","NO2","Nitrogen Dioxide","1996-04-26 06:00:00","2000-06-23 08:45:00","","51.4144307605309","-0.301706822060131","False"
"KT2","Kingston - Town Centre","Roadside","21","Kingston","51.4144307605309","-0.301706822060131","PM10","PM10 Particulate","1996-04-26 06:00:00","2000-06-23 08:45:00","","51.4144307605309","-0.301706822060131","False"
"KT5","Kingston Upon Thames - Cromwell Road","Roadside","21","Kingston","51.412308","-0.29658478","NO2","Nitrogen Dioxide","2018-04-05 12:15:00","2024-06-19 00:00:00","","51.412308","-0.29658478","False"
"KT5","Kingston Upon Thames - Cromwell Road","Roadside","21","Kingston","51.412308","-0.29658478","PM10","PM10 Particulate","2018-04-05 00:00:00","2024-06-19 00:00:00","","51.412308","-0.29658478","False"
"KT6","Kingston Upon Thames - Kingston Vale","Roadside","21","Kingston","51.4355006647773","-0.257029893767993","NO2","Nitrogen Dioxide","2018-03-12 11:15:00","2024-06-19 00:00:00","","51.4355006647773","-0.257029893767993","False"
"KT6","Kingston Upon Thames - Kingston Vale","Roadside","21","Kingston","51.4355006647773","-0.257029893767993","PM10","PM10 Particulate","2018-03-12 12:00:00","2024-06-19 00:00:00","","51.4355006647773","-0.257029893767993","False"
"KT3","Kingston Upon Thames - Sopwith Way","Roadside","21","Kingston","51.413691","-0.302269","NO2","Nitrogen Dioxide","2015-03-10 13:15:00","2016-07-13 00:00:00","","51.413691","-0.302269","False"
"KT3","Kingston Upon Thames - Sopwith Way","Roadside","21","Kingston","51.413691","-0.302269","PM10","PM10 Particulate","2015-01-01 00:00:00","2016-07-13 00:00:00","","51.413691","-0.302269","False"
"KT4","Kingston Upon Thames - Tolworth Broadway","Roadside","21","Kingston","51.379312","-0.281259","NO2","Nitrogen Dioxide","2015-04-17 07:15:00","2024-06-20 00:00:00","","51.379312","-0.281259","False"
"KT4","Kingston Upon Thames - Tolworth Broadway","Roadside","21","Kingston","51.379312","-0.281259","PM10","PM10 Particulate","2015-01-01 00:00:00","2022-05-23 00:00:00","","51.379312","-0.281259","False"
"KT4","Kingston Upon Thames - Tolworth Broadway","Roadside","21","Kingston","51.379312","-0.281259","PM25","PM2.5 Particulate","2022-05-18 11:00:00","2024-06-20 00:00:00","","51.379312","-0.281259","False"
"LB5","Lambeth - Bondway Interchange","Industrial","22","Lambeth","51.4854867739729","-0.124545234819213","NO2","Nitrogen Dioxide","2013-11-25 15:30:00","","","51.4854867739729","-0.124545234819213","True"
"LB5","Lambeth - Bondway Interchange","Industrial","22","Lambeth","51.4854867739729","-0.124545234819213","PM10","PM10 Particulate","2015-01-01 00:00:00","","","51.4854867739729","-0.124545234819213","True"
"LB5","Lambeth - Bondway Interchange","Industrial","22","Lambeth","51.4854867739729","-0.124545234819213","SO2","Sulphur Dioxide","2005-02-01 00:00:00","","","51.4854867739729","-0.124545234819213","True"
"LB4","Lambeth - Brixton Road","Kerbside","22","Lambeth","51.464113541162","-0.11458102695123","NO2","Nitrogen Dioxide","2003-12-20 00:00:00","","","51.464113541162","-0.11458102695123","True"
"LB4","Lambeth - Brixton Road","Kerbside","22","Lambeth","51.464113541162","-0.11458102695123","PM10","PM10 Particulate","2015-01-01 00:00:00","","","51.464113541162","-0.11458102695123","True"
"LB4","Lambeth - Brixton Road","Kerbside","22","Lambeth","51.464113541162","-0.11458102695123","PM25","PM2.5 Particulate","2022-01-28 13:00:00","","","51.464113541162","-0.11458102695123","True"
"LB4","Lambeth - Brixton Road","Kerbside","22","Lambeth","51.464113541162","-0.11458102695123","SO2","Sulphur Dioxide","2003-12-20 00:00:00","2014-12-10 00:00:00","","51.464113541162","-0.11458102695123","False"
"LB1","Lambeth - Christchurch Road","Roadside","22","Lambeth","51.444249","-0.121731","NO2","Nitrogen Dioxide","2000-09-24 09:00:00","2010-12-02 00:00:00","","51.444249","-0.121731","False"
"LB1","Lambeth - Christchurch Road","Roadside","22","Lambeth","51.444249","-0.121731","PM10","PM10 Particulate","2000-09-24 09:00:00","2010-12-02 00:00:00","","51.444249","-0.121731","False"
"LB1","Lambeth - Christchurch Road","Roadside","22","Lambeth","51.444249","-0.121731","SO2","Sulphur Dioxide","2000-09-24 00:00:00","2010-12-02 00:00:00","","51.444249","-0.121731","False"
"LB3","Lambeth - Loughborough Junct","Urban Background","22","Lambeth","51.464866","-0.099161","NO2","Nitrogen Dioxide","2001-12-19 11:00:00","2010-12-20 00:00:00","","51.464866","-0.099161","False"
"LB3","Lambeth - Loughborough Junct","Urban Background","22","Lambeth","51.464866","-0.099161","PM10","PM10 Particulate","2001-12-19 11:00:00","2010-12-20 00:00:00","","51.464866","-0.099161","False"
"LB3","Lambeth - Loughborough Junct","Urban Background","22","Lambeth","51.464866","-0.099161","SO2","Sulphur Dioxide","2001-12-19 00:00:00","2010-12-20 00:00:00","","51.464866","-0.099161","False"
"LB6","Lambeth - Streatham Green","Urban Background","22","Lambeth","51.4282131429499","-0.13186863879576","NO2","Nitrogen Dioxide","2009-08-17 00:00:00","","","51.4282131429499","-0.13186863879576","True"
"LB6","Lambeth - Streatham Green","Urban Background","22","Lambeth","51.4282131429499","-0.13186863879576","PM10","PM10 Particulate","2015-01-01 00:00:00","","","51.4282131429499","-0.13186863879576","True"
"LB2","Lambeth - Vauxhall Cross","Roadside","22","Lambeth","51.4849123099475","-0.125173736606014","NO2","Nitrogen Dioxide","2001-12-19 15:00:00","2003-07-01 00:00:00","","51.4849123099475","-0.125173736606014","False"
"LB2","Lambeth - Vauxhall Cross","Roadside","22","Lambeth","51.4849123099475","-0.125173736606014","PM10","PM10 Particulate","2001-12-19 15:00:00","2003-07-01 00:00:00","","51.4849123099475","-0.125173736606014","False"
"LB2","Lambeth - Vauxhall Cross","Roadside","22","Lambeth","51.4849123099475","-0.125173736606014","SO2","Sulphur Dioxide","2001-12-19 00:00:00","2003-07-01 00:00:00","","51.4849123099475","-0.125173736606014","False"
"WAC","Lavender Hill","Roadside","32","Wandsworth","51.4636903568111","-0.166713485994806","NO2","Nitrogen Dioxide","2016-04-12 00:00:00","","","51.4636903568111","-0.166713485994806","True"
"WAC","Lavender Hill","Roadside","32","Wandsworth","51.4636903568111","-0.166713485994806","PM10","PM10 Particulate","2016-04-14 00:00:00","","","51.4636903568111","-0.166713485994806","True"
"WAC","Lavender Hill","Roadside","32","Wandsworth","51.4636903568111","-0.166713485994806","PM25","PM2.5 Particulate","2024-11-07 00:00:00","","","51.4636903568111","-0.166713485994806","True"
"LW1","Lewisham - Catford","Urban Background","23","Lewisham","51.445468","-0.020266","NO2","Nitrogen Dioxide","1996-01-01 00:00:00","2021-11-03 00:00:00","","51.445468","-0.020266","False"
"LW1","Lewisham - Catford","Urban Background","23","Lewisham","51.445468","-0.020266","O3","Ozone","1996-01-01 00:00:00","2019-08-28 00:00:00","","51.445468","-0.020266","False"
"LW1","Lewisham - Catford","Urban Background","23","Lewisham","51.445468","-0.020266","SO2","Sulphur Dioxide","1996-01-01 00:00:00","2016-10-19 00:00:00","","51.445468","-0.020266","False"
"LW5","Lewisham - Deptford","Urban Background","23","Lewisham","51.4795312838203","-0.0252606031340197","NO2","Nitrogen Dioxide","2019-09-25 15:00:00","2025-04-01 00:00:00","","51.4795312838203","-0.0252606031340197","False"
"LW5","Lewisham - Deptford","Urban Background","23","Lewisham","51.4795312838203","-0.0252606031340197","PM25","PM2.5 Particulate","2019-09-25 15:00:00","2025-04-01 00:00:00","","51.4795312838203","-0.0252606031340197","False"
"HP1","Lewisham - Honor Oak Park","Urban Background","23","Lewisham","51.4496728960354","-0.0374153592115306","NO2","Nitrogen Dioxide","2018-12-10 10:00:00","","","51.4496728960354","-0.0374153592115306","True"
"HP1","Lewisham - Honor Oak Park","Urban Background","23","Lewisham","51.4496728960354","-0.0374153592115306","O3","Ozone","2018-12-10 10:00:00","","","51.4496728960354","-0.0374153592115306","True"
"HP1","Lewisham - Honor Oak Park","Urban Background","23","Lewisham","51.4496728960354","-0.0374153592115306","PM10","PM10 Particulate","2017-07-20 15:00:00","","","51.4496728960354","-0.0374153592115306","True"
"HP1","Lewisham - Honor Oak Park","Urban Background","23","Lewisham","51.4496728960354","-0.0374153592115306","PM25","PM2.5 Particulate","2017-07-20 15:00:00","","","51.4496728960354","-0.0374153592115306","True"
"LW6","Lewisham - Laurence House Catford","Roadside","23","Lewisham","51.4447808","-0.0221832","NO2","Nitrogen Dioxide","2021-11-09 00:00:00","2025-04-01 00:00:00","","51.4447808","-0.0221832","False"
"LW4","Lewisham - Loampit Vale","Roadside","23","Lewisham","51.4646910611736","-0.0160682432041527","NO2","Nitrogen Dioxide","2012-08-23 08:00:00","2025-04-01 00:00:00","","51.4646910611736","-0.0160682432041527","False"
"LW4","Lewisham - Loampit Vale","Roadside","23","Lewisham","51.4646910611736","-0.0160682432041527","PM10","PM10 Particulate","2016-05-05 11:00:00","2025-04-01 00:00:00","","51.4646910611736","-0.0160682432041527","False"
"LW3","Lewisham - Mercury Way","Industrial","23","Lewisham","51.4811412184719","-0.0456708566668043","PM10","PM10 Particulate","2015-01-01 00:00:00","2016-02-03 00:00:00","","51.4811412184719","-0.0456708566668043","False"
"LW2","Lewisham - New Cross","Roadside","23","Lewisham","51.474954","-0.039641","NO2","Nitrogen Dioxide","2002-04-01 00:00:00","2025-04-01 00:00:00","","51.474954","-0.039641","False"
"LW2","Lewisham - New Cross","Roadside","23","Lewisham","51.474954","-0.039641","PM10","PM10 Particulate","2012-04-11 12:00:00","2025-04-01 00:00:00","","51.474954","-0.039641","False"
"LW2","Lewisham - New Cross","Roadside","23","Lewisham","51.474954","-0.039641","PM25","PM2.5 Particulate","2012-04-11 12:00:00","2025-04-01 00:00:00","","51.474954","-0.039641","False"
"LW2","Lewisham - New Cross","Roadside","23","Lewisham","51.474954","-0.039641","SO2","Sulphur Dioxide","2002-04-01 00:00:00","2016-10-14 00:00:00","","51.474954","-0.039641","False"
"TD5","London Teddington Bushy Park ","Suburban","27","Richmond","51.4252560360937","-0.345608290872898","PM10","PM10 Particulate","2004-11-15 00:00:00","","","51.4252560360937","-0.345608290872898","True"
"TD5","London Teddington Bushy Park ","Suburban","27","Richmond","51.4252560360937","-0.345608290872898","PM25","PM2.5 Particulate","2013-07-01 00:00:00","","","51.4252560360937","-0.345608290872898","True"
"MR8","Marylebone Road - BAM","Kerbside","33","Westminster","51.5225093597419","-0.154622154656843","NO2","Nitrogen Dioxide","2019-02-01 16:00:00","","","51.5225093597419","-0.154622154656843","True"
"MR8","Marylebone Road - BAM","Kerbside","33","Westminster","51.5225093597419","-0.154622154656843","PM10","PM10 Particulate","2019-05-01 14:00:00","","","51.5225093597419","-0.154622154656843","True"
"MR8","Marylebone Road - BAM","Kerbside","33","Westminster","51.5225093597419","-0.154622154656843","PM25","PM2.5 Particulate","2019-05-01 14:00:00","","","51.5225093597419","-0.154622154656843","True"
"ME2","Merton - Merton Road","Roadside","24","Merton","51.4161384794862","-0.192230805042824","NO2","Nitrogen Dioxide","2025-04-07 12:15:00","","","51.4161384794862","-0.192230805042824","True"
"ME2","Merton - Merton Road","Roadside","24","Merton","51.4161384794862","-0.192230805042824","PM10","PM10 Particulate","2011-06-29 00:00:00","","","51.4161384794862","-0.192230805042824","True"
"ME2","Merton - Merton Road","Roadside","24","Merton","51.4161384794862","-0.192230805042824","PM25","PM2.5 Particulate","2025-03-18 00:00:00","","","51.4161384794862","-0.192230805042824","True"
"MEA","Merton - Mitcham","Roadside","24","Merton","51.4055473441872","-0.164596893540707","NO2","Nitrogen Dioxide","2025-04-08 12:00:00","","","51.4055473441872","-0.164596893540707","True"
"MEA","Merton - Mitcham","Roadside","24","Merton","51.4055473441872","-0.164596893540707","PM25","PM2.5 Particulate","2025-04-08 00:00:00","","","51.4055473441872","-0.164596893540707","True"
"ME1","Merton - Morden Civic Centre","Roadside","24","Merton","51.40105","-0.195929","NO2","Nitrogen Dioxide","2009-01-13 00:00:00","2017-01-27 00:00:00","","51.40105","-0.195929","False"
"ME9","Merton - Morden Civic Centre 2","Roadside","24","Merton","51.40162","-0.19589212","NO2","Nitrogen Dioxide","2017-02-28 11:15:00","","","51.40162","-0.19589212","True"
"MEB","Merton - Plough Lane Wimbledon","Roadside","24","Merton","51.4304273690564","-0.185811823620255","NO2","Nitrogen Dioxide","2025-03-26 00:00:00","","","51.4304273690564","-0.185811823620255","True"
"MEB","Merton - Plough Lane Wimbledon","Roadside","24","Merton","51.4304273690564","-0.185811823620255","PM10","PM10 Particulate","2025-03-26 00:00:00","","","51.4304273690564","-0.185811823620255","True"
"MEB","Merton - Plough Lane Wimbledon","Roadside","24","Merton","51.4304273690564","-0.185811823620255","PM25","PM2.5 Particulate","2025-03-26 00:00:00","","","51.4304273690564","-0.185811823620255","True"
"ME7","Merton - Willow Lane Industrial Estate","Industrial","24","Merton","51.3943415638","-0.165161044588","NO2","Nitrogen Dioxide","2015-08-04 14:15:00","2016-04-01 00:00:00","","51.3943415638","-0.165161044588","False"
"ME7","Merton - Willow Lane Industrial Estate","Industrial","24","Merton","51.3943415638","-0.165161044588","O3","Ozone","2015-08-04 00:00:00","2016-04-01 00:00:00","","51.3943415638","-0.165161044588","False"
"ME7","Merton - Willow Lane Industrial Estate","Industrial","24","Merton","51.3943415638","-0.165161044588","PM10","PM10 Particulate","2015-08-05 00:00:00","2016-04-01 00:00:00","","51.3943415638","-0.165161044588","False"
"TL6","Newham - Britannia Gate","Roadside","25","Newham","51.503858","0.020574415","NO2","Nitrogen Dioxide","2021-08-16 12:00:00","","","51.503858","0.020574415","True"
"TL6","Newham - Britannia Gate","Roadside","25","Newham","51.503858","0.020574415","PM25","PM2.5 Particulate","2021-09-02 00:00:00","","","51.503858","0.020574415","True"
"NM2","Newham - Cam Road","Roadside","25","Newham","51.537598","-0.002138","CO","Carbon Monoxide","2009-04-01 00:00:00","2015-11-09 00:00:00","","51.537598","-0.002138","False"
"NM2","Newham - Cam Road","Roadside","25","Newham","51.537598","-0.002138","NO2","Nitrogen Dioxide","2009-01-01 00:00:00","2024-04-02 00:00:00","","51.537598","-0.002138","False"
"NM2","Newham - Cam Road","Roadside","25","Newham","51.537598","-0.002138","O3","Ozone","2009-01-01 00:00:00","2016-03-31 00:00:00","","51.537598","-0.002138","False"
"NM2","Newham - Cam Road","Roadside","25","Newham","51.537598","-0.002138","PM10","PM10 Particulate","2010-11-18 14:00:00","2024-04-02 00:00:00","","51.537598","-0.002138","False"
"NM2","Newham - Cam Road","Roadside","25","Newham","51.537598","-0.002138","PM25","PM2.5 Particulate","2021-04-01 00:00:00","2024-04-02 00:00:00","","51.537598","-0.002138","False"
"NM2","Newham - Cam Road","Roadside","25","Newham","51.537598","-0.002138","SO2","Sulphur Dioxide","2009-01-01 00:00:00","2016-03-31 00:00:00","","51.537598","-0.002138","False"
"NM4","Newham - East Ham Town Hall","Roadside","25","Newham","51.5330166040173","0.0550002064487128","NO2","Nitrogen Dioxide","2023-01-01 00:00:00","2024-04-02 00:00:00","","51.5330166040173","0.0550002064487128","False"
"NM4","Newham - East Ham Town Hall","Roadside","25","Newham","51.5330166040173","0.0550002064487128","PM25","PM2.5 Particulate","2022-11-30 10:00:00","2024-04-02 00:00:00","","51.5330166040173","0.0550002064487128","False"
"TL5","Newham - Hoola Tower","Roadside","25","Newham","51.508198","0.015002152","NO2","Nitrogen Dioxide","2021-08-16 12:00:00","","","51.508198","0.015002152","True"
"NM1","Newham - Tant Avenue","Urban Background","25","Newham","51.514764","0.011989","CO","Carbon Monoxide","2003-12-31 00:00:00","2003-12-31 00:00:00","","51.514764","0.011989","False"
"NM1","Newham - Tant Avenue","Urban Background","25","Newham","51.514764","0.011989","NO2","Nitrogen Dioxide","2003-12-31 00:00:00","2003-12-31 00:00:00","","51.514764","0.011989","False"
"NM1","Newham - Tant Avenue","Urban Background","25","Newham","51.514764","0.011989","O3","Ozone","1998-01-01 00:00:00","2003-03-14 00:00:00","","51.514764","0.011989","False"
"NM1","Newham - Tant Avenue","Urban Background","25","Newham","51.514764","0.011989","PM10","PM10 Particulate","2003-12-13 00:00:00","2003-12-31 00:00:00","","51.514764","0.011989","False"
"NM1","Newham - Tant Avenue","Urban Background","25","Newham","51.514764","0.011989","SO2","Sulphur Dioxide","2003-12-31 00:00:00","2003-12-31 00:00:00","","51.514764","0.011989","False"
"NM3","Newham - Wren Close","Urban Background","25","Newham","51.514727","0.014554","CO","Carbon Monoxide","2009-01-01 00:00:00","2015-11-19 00:00:00","","51.514727","0.014554","False"
"NM3","Newham - Wren Close","Urban Background","25","Newham","51.514727","0.014554","NO2","Nitrogen Dioxide","2009-08-20 11:00:00","2024-04-02 00:00:00","","51.514727","0.014554","False"
"NM3","Newham - Wren Close","Urban Background","25","Newham","51.514727","0.014554","O3","Ozone","2009-01-01 00:00:00","2016-03-31 00:00:00","","51.514727","0.014554","False"
"NM3","Newham - Wren Close","Urban Background","25","Newham","51.514727","0.014554","PM10","PM10 Particulate","2012-02-24 12:00:00","2024-04-02 00:00:00","","51.514727","0.014554","False"
"NM3","Newham - Wren Close","Urban Background","25","Newham","51.514727","0.014554","PM25","PM2.5 Particulate","2021-04-01 00:00:00","2024-04-02 00:00:00","","51.514727","0.014554","False"
"NM3","Newham - Wren Close","Urban Background","25","Newham","51.514727","0.014554","SO2","Sulphur Dioxide","2009-07-22 12:00:00","2013-04-04 00:00:00","","51.514727","0.014554","False"
"RB3","Redbridge - Fullwell Cross","Kerbside","26","Redbridge","51.593935","0.085516","NO2","Nitrogen Dioxide","2008-01-01 00:00:00","2012-03-30 10:45:00","","51.593935","0.085516","False"
"RB3","Redbridge - Fullwell Cross","Kerbside","26","Redbridge","51.593935","0.085516","PM10","PM10 Particulate","1999-11-20 14:00:00","2012-03-30 10:45:00","","51.593935","0.085516","False"
"RB4","Redbridge - Gardner Close","Roadside","26","Redbridge","51.57661","0.030858","CO","Carbon Monoxide","1999-12-13 00:00:00","2011-12-23 00:00:00","","51.57661","0.030858","False"
"RB4","Redbridge - Gardner Close","Roadside","26","Redbridge","51.57661","0.030858","NO2","Nitrogen Dioxide","2005-03-17 09:00:00","2024-04-03 00:00:00","","51.57661","0.030858","False"
"RB4","Redbridge - Gardner Close","Roadside","26","Redbridge","51.57661","0.030858","PM10","PM10 Particulate","2015-01-01 00:00:00","2024-04-03 00:00:00","","51.57661","0.030858","False"
"RB4","Redbridge - Gardner Close","Roadside","26","Redbridge","51.57661","0.030858","SO2","Sulphur Dioxide","1999-11-29 00:00:00","2012-04-04 00:00:00","","51.57661","0.030858","False"
"RB2","Redbridge - Ilford Broadway","Kerbside","26","Redbridge","51.5583461865157","0.0699915095238029","CO","Carbon Monoxide","1999-12-08 00:00:00","2003-06-01 00:00:00","","51.5583461865157","0.0699915095238029","False"
"RB2","Redbridge - Ilford Broadway","Kerbside","26","Redbridge","51.5583461865157","0.0699915095238029","NO2","Nitrogen Dioxide","1999-12-01 14:00:00","2003-06-01 00:00:00","","51.5583461865157","0.0699915095238029","False"
"RB7","Redbridge - Ley Street","Urban Background","26","Redbridge","51.5694843315237","0.0829074748964946","NO2","Nitrogen Dioxide","2014-05-15 08:00:00","2024-04-03 00:00:00","","51.5694843315237","0.0829074748964946","False"
"RB7","Redbridge - Ley Street","Urban Background","26","Redbridge","51.5694843315237","0.0829074748964946","O3","Ozone","2014-05-15 08:00:00","2024-04-03 00:00:00","","51.5694843315237","0.0829074748964946","False"
"RB7","Redbridge - Ley Street","Urban Background","26","Redbridge","51.5694843315237","0.0829074748964946","PM10","PM10 Particulate","2015-01-01 00:00:00","2024-04-03 00:00:00","","51.5694843315237","0.0829074748964946","False"
"RB7","Redbridge - Ley Street","Urban Background","26","Redbridge","51.5694843315237","0.0829074748964946","PM25","PM2.5 Particulate","2016-04-21 00:00:00","2024-04-03 00:00:00","","51.5694843315237","0.0829074748964946","False"
"RB1","Redbridge - Perth Terrace","Urban Background","26","Redbridge","51.569221","0.081821","NO2","Nitrogen Dioxide","2008-01-01 00:00:00","2014-05-13 00:00:00","","51.569221","0.081821","False"
"RB1","Redbridge - Perth Terrace","Urban Background","26","Redbridge","51.569221","0.081821","O3","Ozone","1999-12-08 00:00:00","2014-05-13 00:00:00","","51.569221","0.081821","False"
"RB1","Redbridge - Perth Terrace","Urban Background","26","Redbridge","51.569221","0.081821","PM10","PM10 Particulate","1999-11-21 10:00:00","2014-05-13 00:00:00","","51.569221","0.081821","False"
"RB5","Redbridge - South Woodford","Roadside","26","Redbridge","51.595851","0.020087","CO","Carbon Monoxide","2003-11-21 10:00:00","2011-06-17 00:00:00","","51.595851","0.020087","False"
"RB5","Redbridge - South Woodford","Roadside","26","Redbridge","51.595851","0.020087","NO2","Nitrogen Dioxide","2003-11-21 00:00:00","2012-03-30 10:45:00","","51.595851","0.020087","False"
"RB5","Redbridge - South Woodford","Roadside","26","Redbridge","51.595851","0.020087","PM10","PM10 Particulate","2003-11-19 00:00:00","2012-03-30 10:45:00","","51.595851","0.020087","False"
"CE3","Regent Street (The Crown Estate)","Roadside","33","Westminster","51.5113771448991","-0.139249367757023","NO2","Nitrogen Dioxide","2022-10-28 00:00:00","","","51.5113771448991","-0.139249367757023","True"
"CE3","Regent Street (The Crown Estate)","Roadside","33","Westminster","51.5113771448991","-0.139249367757023","PM10","PM10 Particulate","2022-10-28 00:00:00","","","51.5113771448991","-0.139249367757023","True"
"CE3","Regent Street (The Crown Estate)","Roadside","33","Westminster","51.5113771448991","-0.139249367757023","PM25","PM2.5 Particulate","2022-10-28 00:00:00","","","51.5113771448991","-0.139249367757023","True"
"CE1","Regent Street facade (The Crown Estate)","Roadside","33","Westminster","51.5111824979787","-0.139114122784456","NO2","Nitrogen Dioxide","2021-03-04 08:30:00","2023-03-01 00:00:00","","51.5111824979787","-0.139114122784456","False"
"RI2","Richmond Upon Thames - Barnes Wetlands","Suburban","27","Richmond","51.476168","-0.230427","NO2","Nitrogen Dioxide","2008-01-01 00:00:00","","","51.476168","-0.230427","True"
"RI2","Richmond Upon Thames - Barnes Wetlands","Suburban","27","Richmond","51.476168","-0.230427","O3","Ozone","2002-07-01 00:00:00","","","51.476168","-0.230427","True"
"RI2","Richmond Upon Thames - Barnes Wetlands","Suburban","27","Richmond","51.476168","-0.230427","PM10","PM10 Particulate","2025-07-09 00:00:00","","","51.476168","-0.230427","True"
"RI2","Richmond Upon Thames - Barnes Wetlands","Suburban","27","Richmond","51.476168","-0.230427","PM25","PM2.5 Particulate","2025-07-09 00:00:00","","","51.476168","-0.230427","True"
"RI1","Richmond Upon Thames - Castelnau","Roadside","27","Richmond","51.480189","-0.237335","NO2","Nitrogen Dioxide","2008-01-01 00:00:00","","","51.480189","-0.237335","True"
"RI1","Richmond Upon Thames - Castelnau","Roadside","27","Richmond","51.480189","-0.237335","PM10","PM10 Particulate","2000-06-14 00:15:00","","","51.480189","-0.237335","True"
"RHG","Richmond Upon Thames - Chertsey Road","Roadside","27","Richmond","51.4531422511004","-0.341218138106469","NO2","Nitrogen Dioxide","2016-05-24 11:15:00","2020-08-06 00:00:00","","51.4531422511004","-0.341218138106469","False"
"RHG","Richmond Upon Thames - Chertsey Road","Roadside","27","Richmond","51.4531422511004","-0.341218138106469","PM10","PM10 Particulate","2016-05-24 00:00:00","2020-08-06 00:00:00","","51.4531422511004","-0.341218138106469","False"
"RHI","Richmond Upon Thames - Richmond","Kerbside","27","Richmond","51.4638976490621","-0.301685013378926","NO2","Nitrogen Dioxide","2025-02-05 00:00:00","","","51.4638976490621","-0.301685013378926","True"
"RHI","Richmond Upon Thames - Richmond","Kerbside","27","Richmond","51.4638976490621","-0.301685013378926","PM10","PM10 Particulate","2025-02-05 00:00:00","","","51.4638976490621","-0.301685013378926","True"
"RHI","Richmond Upon Thames - Richmond","Kerbside","27","Richmond","51.4638976490621","-0.301685013378926","PM25","PM2.5 Particulate","2025-02-05 00:00:00","","","51.4638976490621","-0.301685013378926","True"
"SK5","Southwark - A2 Old Kent Road","Roadside","28","Southwark","51.4804994936467","-0.0595528932573422","NO2","Nitrogen Dioxide","2010-11-24 00:00:00","","","51.4804994936467","-0.0595528932573422","True"
"SK5","Southwark - A2 Old Kent Road","Roadside","28","Southwark","51.4804994936467","-0.0595528932573422","PM10","PM10 Particulate","2010-11-15 00:00:00","","","51.4804994936467","-0.0595528932573422","True"
"SK9","Southwark - A2 Old Kent Road FIDAS","Roadside","28","Southwark","51.4804994936467","-0.0595528932573422","PM10","PM10 Particulate","2020-09-03 00:00:00","2025-03-31 00:00:00","","51.4804994936467","-0.0595528932573422","False"
"SK9","Southwark - A2 Old Kent Road FIDAS","Roadside","28","Southwark","51.4804994936467","-0.0595528932573422","PM25","PM2.5 Particulate","2020-09-03 00:00:00","2025-03-31 00:00:00","","51.4804994936467","-0.0595528932573422","False"
"SK6","Southwark - Elephant and Castle","Urban Background","28","Southwark","51.4931557048667","-0.101527038274853","NO2","Nitrogen Dioxide","2002-02-24 09:30:00","2025-03-31 00:00:00","","51.4931557048667","-0.101527038274853","False"
"SK6","Southwark - Elephant and Castle","Urban Background","28","Southwark","51.4931557048667","-0.101527038274853","O3","Ozone","2002-02-24 09:30:00","2025-03-31 00:00:00","","51.4931557048667","-0.101527038274853","False"
"SK6","Southwark - Elephant and Castle","Urban Background","28","Southwark","51.4931557048667","-0.101527038274853","PM10","PM10 Particulate","2020-09-15 00:00:00","2025-03-31 00:00:00","","51.4931557048667","-0.101527038274853","False"
"SK6","Southwark - Elephant and Castle","Urban Background","28","Southwark","51.4931557048667","-0.101527038274853","PM25","PM2.5 Particulate","2020-09-15 00:00:00","2025-03-31 00:00:00","","51.4931557048667","-0.101527038274853","False"
"SK7","Southwark - Heygate","Urban Background","28","Southwark","51.4929813788003","-0.0985378910481832","NO2","Nitrogen Dioxide","2014-08-26 00:00:00","2015-11-11 00:00:00","","51.4929813788003","-0.0985378910481832","False"
"SK1","Southwark - Larcom Street","Urban Background","28","Southwark","51.490548","-0.09661","CO","Carbon Monoxide","1996-01-01 00:00:00","2009-06-17 12:00:00","","51.490548","-0.09661","False"
"SK1","Southwark - Larcom Street","Urban Background","28","Southwark","51.490548","-0.09661","NO2","Nitrogen Dioxide","2002-01-08 14:00:00","2009-06-17 12:00:00","","51.490548","-0.09661","False"
"SK1","Southwark - Larcom Street","Urban Background","28","Southwark","51.490548","-0.09661","O3","Ozone","1996-01-01 00:00:00","2009-06-17 12:00:00","","51.490548","-0.09661","False"
"SK1","Southwark - Larcom Street","Urban Background","28","Southwark","51.490548","-0.09661","PM10","PM10 Particulate","1993-03-01 00:00:00","2009-06-17 12:00:00","","51.490548","-0.09661","False"
"SK1","Southwark - Larcom Street","Urban Background","28","Southwark","51.490548","-0.09661","SO2","Sulphur Dioxide","1996-01-01 00:00:00","2009-06-17 12:00:00","","51.490548","-0.09661","False"
"SKA","Southwark - Lower Road","Roadside","28","Southwark","51.4965604167321","-0.0530504472531612","NO2","Nitrogen Dioxide","2020-11-24 00:00:00","2025-03-31 00:00:00","","51.4965604167321","-0.0530504472531612","False"
"SKA","Southwark - Lower Road","Roadside","28","Southwark","51.4965604167321","-0.0530504472531612","PM10","PM10 Particulate","2020-11-24 00:00:00","2025-03-31 00:00:00","","51.4965604167321","-0.0530504472531612","False"
"SKA","Southwark - Lower Road","Roadside","28","Southwark","51.4965604167321","-0.0530504472531612","PM25","PM2.5 Particulate","2020-11-24 00:00:00","2025-03-31 00:00:00","","51.4965604167321","-0.0530504472531612","False"
"SK2","Southwark - Old Kent Road","Roadside","28","Southwark","51.4819456792926","-0.0627176235171689","CO","Carbon Monoxide","1996-01-01 00:00:00","2006-04-21 00:00:00","","51.4819456792926","-0.0627176235171689","False"
"SK2","Southwark - Old Kent Road","Roadside","28","Southwark","51.4819456792926","-0.0627176235171689","NO2","Nitrogen Dioxide","2002-02-05 13:00:00","2006-04-21 00:00:00","","51.4819456792926","-0.0627176235171689","False"
"SK2","Southwark - Old Kent Road","Roadside","28","Southwark","51.4819456792926","-0.0627176235171689","PM10","PM10 Particulate","1994-05-03 00:00:00","2006-04-21 00:00:00","","51.4819456792926","-0.0627176235171689","False"
"SK2","Southwark - Old Kent Road","Roadside","28","Southwark","51.4819456792926","-0.0627176235171689","SO2","Sulphur Dioxide","1996-01-01 00:00:00","2006-04-21 00:00:00","","51.4819456792926","-0.0627176235171689","False"
"SKC","Southwark - South Circular Road","Roadside","28","Southwark","51.442633","-0.077653974","NO2","Nitrogen Dioxide","2021-07-22 16:00:00","2025-03-31 00:00:00","","51.442633","-0.077653974","False"
"SKC","Southwark - South Circular Road","Roadside","28","Southwark","51.442633","-0.077653974","PM10","PM10 Particulate","2021-07-22 16:00:00","2025-03-31 00:00:00","","51.442633","-0.077653974","False"
"SKC","Southwark - South Circular Road","Roadside","28","Southwark","51.442633","-0.077653974","PM25","PM2.5 Particulate","2021-07-22 16:00:00","2025-03-31 00:00:00","","51.442633","-0.077653974","False"
"SK8","Southwark - Tower Bridge Road","Roadside","28","Southwark","51.5013906712066","-0.0782034373606952","NO2","Nitrogen Dioxide","2019-07-25 13:20:00","2025-03-31 00:00:00","","51.5013906712066","-0.0782034373606952","False"
"SK8","Southwark - Tower Bridge Road","Roadside","28","Southwark","51.5013906712066","-0.0782034373606952","PM10","PM10 Particulate","2020-05-13 00:00:00","2025-03-31 00:00:00","","51.5013906712066","-0.0782034373606952","False"
"SK8","Southwark - Tower Bridge Road","Roadside","28","Southwark","51.5013906712066","-0.0782034373606952","PM25","PM2.5 Particulate","2020-05-13 00:00:00","2025-03-31 00:00:00","","51.5013906712066","-0.0782034373606952","False"
"SKB","Southwark - Vicarage Grove","Roadside","28","Southwark","51.4735803479615","-0.0877818536754426","NO2","Nitrogen Dioxide","2021-01-26 12:00:00","2025-03-31 00:00:00","","51.4735803479615","-0.0877818536754426","False"
"SKB","Southwark - Vicarage Grove","Roadside","28","Southwark","51.4735803479615","-0.0877818536754426","PM10","PM10 Particulate","2021-01-26 12:00:00","2025-03-31 00:00:00","","51.4735803479615","-0.0877818536754426","False"
"SKB","Southwark - Vicarage Grove","Roadside","28","Southwark","51.4735803479615","-0.0877818536754426","PM25","PM2.5 Particulate","2021-01-26 12:00:00","2025-03-31 00:00:00","","51.4735803479615","-0.0877818536754426","False"
"ST8","Sutton - Beddington Lane ","Industrial","29","Sutton","51.3835652277943","-0.136417861473301","NO2","Nitrogen Dioxide","2001-10-08 09:00:00","2020-07-30 00:00:00","","51.3835652277943","-0.136417861473301","False"
"ST8","Sutton - Beddington Lane ","Industrial","29","Sutton","51.3835652277943","-0.136417861473301","PM10","PM10 Particulate","2015-06-30 06:00:00","2020-10-16 00:00:00","","51.3835652277943","-0.136417861473301","False"
"ST5","Sutton - Beddington Lane north","Industrial","29","Sutton","51.389286904505","-0.141661524779893","NO2","Nitrogen Dioxide","2008-01-01 00:00:00","2024-06-20 00:00:00","","51.389286904505","-0.141661524779893","False"
"ST5","Sutton - Beddington Lane north","Industrial","29","Sutton","51.389286904505","-0.141661524779893","PM10","PM10 Particulate","2014-07-31 10:00:00","2024-06-20 00:00:00","","51.389286904505","-0.141661524779893","False"
"ST5","Sutton - Beddington Lane north","Industrial","29","Sutton","51.389286904505","-0.141661524779893","PM25","PM2.5 Particulate","2014-07-23 00:00:00","2024-06-20 00:00:00","","51.389286904505","-0.141661524779893","False"
"ST9","Sutton - Beddington Village","Roadside","29","Sutton","51.3712010773161","-0.131948824988095","NO2","Nitrogen Dioxide","2020-11-10 09:45:00","2024-06-21 00:00:00","","51.3712010773161","-0.131948824988095","False"
"ST9","Sutton - Beddington Village","Roadside","29","Sutton","51.3712010773161","-0.131948824988095","PM10","PM10 Particulate","2020-10-16 14:00:00","2024-06-21 00:00:00","","51.3712010773161","-0.131948824988095","False"
"ST3","Sutton - Carshalton","Suburban","29","Sutton","51.365318","-0.165936","NO2","Nitrogen Dioxide","2002-01-11 14:00:00","2016-07-13 00:00:00","","51.365318","-0.165936","False"
"ST3","Sutton - Carshalton","Suburban","29","Sutton","51.365318","-0.165936","O3","Ozone","1995-10-03 12:00:00","2016-07-13 00:00:00","","51.365318","-0.165936","False"
"ST2","Sutton - North Cheam","Urban Background","29","Sutton","51.3771892138334","-0.222044077436931","NO2","Nitrogen Dioxide","1995-04-25 17:00:00","2002-05-03 00:00:00","","51.3771892138334","-0.222044077436931","False"
"ST1","Sutton - Robin Hood School","Roadside","29","Sutton","51.365744","-0.195563","CO","Carbon Monoxide","1995-10-03 11:00:00","2002-04-26 00:00:00","","51.365744","-0.195563","False"
"ST1","Sutton - Robin Hood School","Roadside","29","Sutton","51.365744","-0.195563","NO2","Nitrogen Dioxide","2001-10-02 11:00:00","2002-04-26 00:00:00","","51.365744","-0.195563","False"
"ST1","Sutton - Robin Hood School","Roadside","29","Sutton","51.365744","-0.195563","PM10","PM10 Particulate","1995-04-26 07:00:00","2002-04-26 00:00:00","","51.365744","-0.195563","False"
"ST1","Sutton - Robin Hood School","Roadside","29","Sutton","51.365744","-0.195563","SO2","Sulphur Dioxide","1995-10-03 11:00:00","2002-04-26 00:00:00","","51.365744","-0.195563","False"
"ST7","Sutton - Therapia Lane","Industrial","29","Sutton","51.3858391292126","-0.136339857220486","NO2","Nitrogen Dioxide","2010-02-10 11:15:00","2012-02-10 00:00:00","","51.3858391292126","-0.136339857220486","False"
"ST7","Sutton - Therapia Lane","Industrial","29","Sutton","51.3858391292126","-0.136339857220486","PM10","PM10 Particulate","2010-02-09 00:00:00","2012-02-10 00:00:00","","51.3858391292126","-0.136339857220486","False"
"ST4","Sutton - Wallington","Kerbside","29","Sutton","51.3586596124998","-0.149723946604927","NO2","Nitrogen Dioxide","2008-01-01 00:00:00","2024-06-20 00:00:00","","51.3586596124998","-0.149723946604927","False"
"ST4","Sutton - Wallington","Kerbside","29","Sutton","51.3586596124998","-0.149723946604927","PM10","PM10 Particulate","2013-04-30 12:00:00","2024-06-20 00:00:00","","51.3586596124998","-0.149723946604927","False"
"ST6","Sutton - Worcester Park","Kerbside","29","Sutton","51.377923","-0.240414","NO2","Nitrogen Dioxide","2008-11-05 13:15:00","2024-06-20 00:00:00","","51.377923","-0.240414","False"
"ST6","Sutton - Worcester Park","Kerbside","29","Sutton","51.377923","-0.240414","PM10","PM10 Particulate","2008-11-04 00:00:00","2024-06-20 00:00:00","","51.377923","-0.240414","False"
"TH3","Tower Hamlets - Bethnal Green","Urban Background","30","Tower Hamlets","51.526737","-0.053869","NO2","Nitrogen Dioxide","1999-10-01 00:00:00","2009-11-02 00:00:00","","51.526737","-0.053869","False"
"TH3","Tower Hamlets - Bethnal Green","Urban Background","30","Tower Hamlets","51.526737","-0.053869","PM10","PM10 Particulate","1999-10-24 12:00:00","2009-11-02 00:00:00","","51.526737","-0.053869","False"
"TH3","Tower Hamlets - Bethnal Green","Urban Background","30","Tower Hamlets","51.526737","-0.053869","SO2","Sulphur Dioxide","1999-10-01 00:00:00","2009-11-02 00:00:00","","51.526737","-0.053869","False"
"TH4","Tower Hamlets - Blackwall","Roadside","30","Tower Hamlets","51.5150461674013","-0.00841849265642741","NO2","Nitrogen Dioxide","2006-09-10 00:00:00","","","51.5150461674013","-0.00841849265642741","True"
"TH4","Tower Hamlets - Blackwall","Roadside","30","Tower Hamlets","51.5150461674013","-0.00841849265642741","O3","Ozone","2006-09-10 00:00:00","","","51.5150461674013","-0.00841849265642741","True"
"TH4","Tower Hamlets - Blackwall","Roadside","30","Tower Hamlets","51.5150461674013","-0.00841849265642741","PM10","PM10 Particulate","2006-09-10 00:00:00","","","51.5150461674013","-0.00841849265642741","True"
"TH4","Tower Hamlets - Blackwall","Roadside","30","Tower Hamlets","51.5150461674013","-0.00841849265642741","PM25","PM2.5 Particulate","2006-09-10 00:00:00","","","51.5150461674013","-0.00841849265642741","True"
"CW3","Tower Hamlets - Jubilee Park","Urban Background","12","Hackney","51.5029878731458","-0.0180219908165375","NO2","Nitrogen Dioxide","2022-01-01 10:00:00","","","51.5029878731458","-0.0180219908165375","True"
"CW3","Tower Hamlets - Jubilee Park","Urban Background","12","Hackney","51.5029878731458","-0.0180219908165375","PM10","PM10 Particulate","2022-01-01 10:00:00","","","51.5029878731458","-0.0180219908165375","True"
"CW3","Tower Hamlets - Jubilee Park","Urban Background","12","Hackney","51.5029878731458","-0.0180219908165375","PM25","PM2.5 Particulate","2022-01-01 10:00:00","","","51.5029878731458","-0.0180219908165375","True"
"TH7","Tower Hamlets - King Edward Memorial Park","Urban Background","30","Tower Hamlets","51.5094228799835","-0.0505278232872832","NO2","Nitrogen Dioxide","2025-01-01 00:00:00","","","51.5094228799835","-0.0505278232872832","True"
"TH7","Tower Hamlets - King Edward Memorial Park","Urban Background","30","Tower Hamlets","51.5094228799835","-0.0505278232872832","PM25","PM2.5 Particulate","2025-01-01 00:00:00","","","51.5094228799835","-0.0505278232872832","True"
"TH2","Tower Hamlets - Mile End Road","Roadside","30","Tower Hamlets","51.5225462561171","-0.0420823040635312","CO","Carbon Monoxide","1995-10-10 14:00:00","2013-04-23 00:00:00","","51.5225462561171","-0.0420823040635312","False"
"TH2","Tower Hamlets - Mile End Road","Roadside","30","Tower Hamlets","51.5225462561171","-0.0420823040635312","NO2","Nitrogen Dioxide","2001-11-08 14:00:00","","","51.5225462561171","-0.0420823040635312","True"
"TH2","Tower Hamlets - Mile End Road","Roadside","30","Tower Hamlets","51.5225462561171","-0.0420823040635312","PM25","PM2.5 Particulate","2025-01-01 00:00:00","","","51.5225462561171","-0.0420823040635312","True"
"TH6","Tower Hamlets - Millwall Park","Urban Background","30","Tower Hamlets","51.4891342634","-0.0129769309432","NO2","Nitrogen Dioxide","2006-03-15 10:55:00","","","51.4891342634","-0.0129769309432","True"
"TH6","Tower Hamlets - Millwall Park","Urban Background","30","Tower Hamlets","51.4891342634","-0.0129769309432","O3","Ozone","2006-03-15 10:55:00","","","51.4891342634","-0.0129769309432","True"
"TH6","Tower Hamlets - Millwall Park","Urban Background","30","Tower Hamlets","51.4891342634","-0.0129769309432","PM10","PM10 Particulate","2016-07-07 06:00:00","","","51.4891342634","-0.0129769309432","True"
"TH1","Tower Hamlets - Poplar","Urban Background","30","Tower Hamlets","51.510012","-0.019866","NO2","Nitrogen Dioxide","2008-01-01 00:00:00","2013-07-02 00:00:00","","51.510012","-0.019866","False"
"TH1","Tower Hamlets - Poplar","Urban Background","30","Tower Hamlets","51.510012","-0.019866","O3","Ozone","1995-10-01 00:00:00","2013-07-02 00:00:00","","51.510012","-0.019866","False"
"TH1","Tower Hamlets - Poplar","Urban Background","30","Tower Hamlets","51.510012","-0.019866","PM10","PM10 Particulate","1994-01-04 17:00:00","2013-07-02 00:00:00","","51.510012","-0.019866","False"
"TH1","Tower Hamlets - Poplar","Urban Background","30","Tower Hamlets","51.510012","-0.019866","SO2","Sulphur Dioxide","1995-10-02 12:00:00","2013-07-02 00:00:00","","51.510012","-0.019866","False"
"TH5","Tower Hamlets - Victoria Park","Urban Background","30","Tower Hamlets","51.5399327394691","-0.0331740581778178","NO2","Nitrogen Dioxide","2012-07-25 14:00:00","","","51.5399327394691","-0.0331740581778178","True"
"TH5","Tower Hamlets - Victoria Park","Urban Background","30","Tower Hamlets","51.5399327394691","-0.0331740581778178","O3","Ozone","2012-07-25 14:00:00","2012-09-24 00:00:00","","51.5399327394691","-0.0331740581778178","False"
"TH5","Tower Hamlets - Victoria Park","Urban Background","30","Tower Hamlets","51.5399327394691","-0.0331740581778178","PM10","PM10 Particulate","2012-10-22 11:00:00","","","51.5399327394691","-0.0331740581778178","True"
"TH5","Tower Hamlets - Victoria Park","Urban Background","30","Tower Hamlets","51.5399327394691","-0.0331740581778178","PM25","PM2.5 Particulate","2025-01-01 00:00:00","","","51.5399327394691","-0.0331740581778178","True"
"TH5","Tower Hamlets - Victoria Park","Urban Background","30","Tower Hamlets","51.5399327394691","-0.0331740581778178","SO2","Sulphur Dioxide","2012-07-25 14:00:00","","","51.5399327394691","-0.0331740581778178","True"
"WL3","Waltham Forest - Chingford","Roadside","31","Waltham Forest","51.6251928602333","-0.0225973251092037","NO2","Nitrogen Dioxide","2003-07-14 12:00:00","2007-04-18 00:00:00","","51.6251928602333","-0.0225973251092037","False"
"WL3","Waltham Forest - Chingford","Roadside","31","Waltham Forest","51.6251928602333","-0.0225973251092037","PM10","PM10 Particulate","2003-07-14 12:00:00","2007-04-18 00:00:00","","51.6251928602333","-0.0225973251092037","False"
"WL3","Waltham Forest - Chingford","Roadside","31","Waltham Forest","51.6251928602333","-0.0225973251092037","SO2","Sulphur Dioxide","2003-07-09 14:00:00","2007-04-18 00:00:00","","51.6251928602333","-0.0225973251092037","False"
"WL4","Waltham Forest - Crooked Billet","Kerbside","31","Waltham Forest","51.601718495597","-0.016498263136","NO2","Nitrogen Dioxide","2007-11-01 00:00:00","2011-04-01 00:00:00","","51.601718495597","-0.016498263136","False"
"WL4","Waltham Forest - Crooked Billet","Kerbside","31","Waltham Forest","51.601718495597","-0.016498263136","PM10","PM10 Particulate","2007-11-01 00:00:00","2011-04-01 00:00:00","","51.601718495597","-0.016498263136","False"
"WL1","Waltham Forest - Dawlish Road","Urban Background","31","Waltham Forest","51.562422","-0.004891","NO2","Nitrogen Dioxide","2008-01-01 00:00:00","2011-04-01 00:00:00","","51.562422","-0.004891","False"
"WL1","Waltham Forest - Dawlish Road","Urban Background","31","Waltham Forest","51.562422","-0.004891","PM10","PM10 Particulate","1998-07-05 08:00:00","2011-04-01 00:00:00","","51.562422","-0.004891","False"
"WL1","Waltham Forest - Dawlish Road","Urban Background","31","Waltham Forest","51.562422","-0.004891","SO2","Sulphur Dioxide","1998-06-08 10:00:00","2009-06-08 00:00:00","","51.562422","-0.004891","False"
"WL5","Waltham Forest - Leyton","Roadside","31","Waltham Forest","51.556257676576","-0.013629679065","NO2","Nitrogen Dioxide","2007-09-20 00:00:00","2011-04-01 00:00:00","","51.556257676576","-0.013629679065","False"
"WL5","Waltham Forest - Leyton","Roadside","31","Waltham Forest","51.556257676576","-0.013629679065","PM10","PM10 Particulate","2007-09-20 00:00:00","2011-04-01 00:00:00","","51.556257676576","-0.013629679065","False"
"WL5","Waltham Forest - Leyton","Roadside","31","Waltham Forest","51.556257676576","-0.013629679065","SO2","Sulphur Dioxide","2005-09-20 00:00:00","2009-06-10 00:00:00","","51.556257676576","-0.013629679065","False"
"WL2","Waltham Forest - Mobile","Roadside","31","Waltham Forest","51.564725703428","0.00399595335237289","NO2","Nitrogen Dioxide","1998-07-09 12:15:00","2001-10-12 11:00:00","","51.564725703428","0.00399595335237289","False"
"WL2","Waltham Forest - Mobile","Roadside","31","Waltham Forest","51.564725703428","0.00399595335237289","PM10","PM10 Particulate","1998-07-09 12:15:00","2001-10-12 11:00:00","","51.564725703428","0.00399595335237289","False"
"WL2","Waltham Forest - Mobile","Roadside","31","Waltham Forest","51.564725703428","0.00399595335237289","SO2","Sulphur Dioxide","2001-07-06 12:00:00","2001-10-12 11:00:00","","51.564725703428","0.00399595335237289","False"
"WAA","Wandsworth - Battersea","Roadside","32","Wandsworth","51.4794395281222","-0.141786953606306","NO2","Nitrogen Dioxide","2012-06-19 00:00:00","","","51.4794395281222","-0.141786953606306","True"
"WAA","Wandsworth - Battersea","Roadside","32","Wandsworth","51.4794395281222","-0.141786953606306","PM10","PM10 Particulate","2012-06-19 00:00:00","","","51.4794395281222","-0.141786953606306","True"
"WAA","Wandsworth - Battersea","Roadside","32","Wandsworth","51.4794395281222","-0.141786953606306","PM25","PM2.5 Particulate","2024-08-16 00:00:00","","","51.4794395281222","-0.141786953606306","True"
"WA1","Wandsworth - Garratt Lane","Roadside","32","Wandsworth","51.4548722085","-0.193003999857021","CO","Carbon Monoxide","1995-10-04 12:00:00","1996-02-26 00:00:00","","51.4548722085","-0.193003999857021","False"
"WA1","Wandsworth - Garratt Lane","Roadside","32","Wandsworth","51.4548722085","-0.193003999857021","NO2","Nitrogen Dioxide","1995-04-01 00:00:00","1996-02-26 00:00:00","","51.4548722085","-0.193003999857021","False"
"WA4","Wandsworth - High Street","Roadside","32","Wandsworth","51.4564354037312","-0.191157408342927","CO","Carbon Monoxide","1998-02-09 12:00:00","2007-08-30 08:45:00","","51.4564354037312","-0.191157408342927","False"
"WA4","Wandsworth - High Street","Roadside","32","Wandsworth","51.4564354037312","-0.191157408342927","NO2","Nitrogen Dioxide","1998-01-31 23:00:00","2007-08-30 08:45:00","","51.4564354037312","-0.191157408342927","False"
"WA4","Wandsworth - High Street","Roadside","32","Wandsworth","51.4564354037312","-0.191157408342927","PM10","PM10 Particulate","1998-01-31 23:00:00","2007-08-30 08:45:00","","51.4564354037312","-0.191157408342927","False"
"WA9","Wandsworth - Putney","Urban Background","32","Wandsworth","51.4650325059122","-0.215824580947572","CO","Carbon Monoxide","2011-01-04 00:00:00","2012-09-13 00:00:00","","51.4650325059122","-0.215824580947572","False"
"WA9","Wandsworth - Putney","Urban Background","32","Wandsworth","51.4650325059122","-0.215824580947572","NO2","Nitrogen Dioxide","2011-01-04 00:00:00","","","51.4650325059122","-0.215824580947572","True"
"WA9","Wandsworth - Putney","Urban Background","32","Wandsworth","51.4650325059122","-0.215824580947572","PM10","PM10 Particulate","2011-01-04 00:00:00","","","51.4650325059122","-0.215824580947572","True"
"WA9","Wandsworth - Putney","Urban Background","32","Wandsworth","51.4650325059122","-0.215824580947572","PM25","PM2.5 Particulate","2024-09-01 00:00:00","","","51.4650325059122","-0.215824580947572","True"
"WA7","Wandsworth - Putney High Street","Kerbside","32","Wandsworth","51.463429","-0.215871","NO2","Nitrogen Dioxide","2009-07-09 00:00:00","","","51.463429","-0.215871","True"
"WA7","Wandsworth - Putney High Street","Kerbside","32","Wandsworth","51.463429","-0.215871","PM10","PM10 Particulate","2009-07-09 00:00:00","","","51.463429","-0.215871","True"
"WA7","Wandsworth - Putney High Street","Kerbside","32","Wandsworth","51.463429","-0.215871","PM25","PM2.5 Particulate","2024-08-01 00:00:00","","","51.463429","-0.215871","True"
"WA8","Wandsworth - Putney High Street Facade","Roadside","32","Wandsworth","51.4637206047191","-0.215890144123119","NO2","Nitrogen Dioxide","2010-04-23 09:00:00","2024-01-25 00:00:00","","51.4637206047191","-0.215890144123119","False"
"WA3","Wandsworth - Roehampton","Rural","32","Wandsworth","51.4569204685076","-0.245562490498382","O3","Ozone","1995-10-04 11:00:00","2000-11-24 13:45:00","","51.4569204685076","-0.245562490498382","False"
"WA3","Wandsworth - Roehampton","Rural","32","Wandsworth","51.4569204685076","-0.245562490498382","SO2","Sulphur Dioxide","1995-10-04 11:00:00","2000-11-24 13:45:00","","51.4569204685076","-0.245562490498382","False"
"WA6","Wandsworth - Tooting","Roadside","32","Wandsworth","51.425284","-0.164452","NO2","Nitrogen Dioxide","2008-04-02 13:15:00","2009-07-28 13:30:00","","51.425284","-0.164452","False"
"WA6","Wandsworth - Tooting","Roadside","32","Wandsworth","51.425284","-0.164452","PM10","PM10 Particulate","2008-07-01 00:00:00","2009-08-28 13:30:00","","51.425284","-0.164452","False"
"WAB","Wandsworth - Tooting High Street","Roadside","32","Wandsworth","51.429331","-0.166524","NO2","Nitrogen Dioxide","2002-06-10 11:50:00","","","51.429331","-0.166524","True"
"WAB","Wandsworth - Tooting High Street","Roadside","32","Wandsworth","51.429331","-0.166524","PM10","PM10 Particulate","2025-01-17 00:00:00","","","51.429331","-0.166524","True"
"WAB","Wandsworth - Tooting High Street","Roadside","32","Wandsworth","51.429331","-0.166524","PM25","PM2.5 Particulate","2025-01-17 00:00:00","","","51.429331","-0.166524","True"
"WA2","Wandsworth - Wandsworth Town Hall","Urban Background","32","Wandsworth","51.456962","-0.191074","CO","Carbon Monoxide","1995-09-19 11:00:00","2016-08-01 00:00:00","","51.456962","-0.191074","False"
"WA2","Wandsworth - Wandsworth Town Hall","Urban Background","32","Wandsworth","51.456962","-0.191074","NO2","Nitrogen Dioxide","2001-12-20 13:00:00","2024-01-24 00:00:00","","51.456962","-0.191074","False"
"WA2","Wandsworth - Wandsworth Town Hall","Urban Background","32","Wandsworth","51.456962","-0.191074","O3","Ozone","1995-10-04 11:00:00","2024-01-24 00:00:00","","51.456962","-0.191074","False"
"WA2","Wandsworth - Wandsworth Town Hall","Urban Background","32","Wandsworth","51.456962","-0.191074","SO2","Sulphur Dioxide","1995-10-04 11:00:00","2016-08-01 00:00:00","","51.456962","-0.191074","False"
"CE2","Waterloo Place (The Crown Estate)","Roadside","33","Westminster","51.5075819137762","-0.133068372704093","NO2","Nitrogen Dioxide","2021-09-24 09:40:00","","","51.5075819137762","-0.133068372704093","True"
"CE2","Waterloo Place (The Crown Estate)","Roadside","33","Westminster","51.5075819137762","-0.133068372704093","O3","Ozone","2020-12-21 12:00:00","","","51.5075819137762","-0.133068372704093","True"
"CE2","Waterloo Place (The Crown Estate)","Roadside","33","Westminster","51.5075819137762","-0.133068372704093","PM10","PM10 Particulate","2020-12-21 00:00:00","","","51.5075819137762","-0.133068372704093","True"
"CE2","Waterloo Place (The Crown Estate)","Roadside","33","Westminster","51.5075819137762","-0.133068372704093","PM25","PM2.5 Particulate","2020-12-21 00:00:00","","","51.5075819137762","-0.133068372704093","True"
"BP0","Westminster - Bridge Place","Urban Background","33","Westminster","51.4938505656999","-0.143808451030166","CO","Carbon Monoxide","1990-07-03 00:00:00","1999-11-21 13:45:00","","51.4938505656999","-0.143808451030166","False"
"BP0","Westminster - Bridge Place","Urban Background","33","Westminster","51.4938505656999","-0.143808451030166","NO2","Nitrogen Dioxide","1990-07-03 00:00:00","1999-11-21 13:45:00","","51.4938505656999","-0.143808451030166","False"
"BP0","Westminster - Bridge Place","Urban Background","33","Westminster","51.4938505656999","-0.143808451030166","O3","Ozone","1990-07-03 00:00:00","1999-11-21 13:45:00","","51.4938505656999","-0.143808451030166","False"
"BP0","Westminster - Bridge Place","Urban Background","33","Westminster","51.4938505656999","-0.143808451030166","SO2","Sulphur Dioxide","1990-07-03 00:00:00","1999-11-21 13:45:00","","51.4938505656999","-0.143808451030166","False"
"WMA","Westminster - Buckingham Palace Road","Roadside","33","Westminster","51.4932327916861","-0.147391757027028","NO2","Nitrogen Dioxide","2018-02-18 08:00:00","2020-04-27 10:00:00","","51.4932327916861","-0.147391757027028","False"
"WMC","Westminster - Cavendish Square","Roadside","33","Westminster","51.5168016452062","-0.145657269364411","NO2","Nitrogen Dioxide","2018-05-31 09:00:00","2023-06-08 00:00:00","","51.5168016452062","-0.145657269364411","False"
"WMC","Westminster - Cavendish Square","Roadside","33","Westminster","51.5168016452062","-0.145657269364411","PM10","PM10 Particulate","2018-05-31 09:00:00","2023-06-08 00:00:00","","51.5168016452062","-0.145657269364411","False"
"WM4","Westminster - Charing Cross Library","Roadside","33","Westminster","51.510205","-0.128177","NO2","Nitrogen Dioxide","2007-02-01 00:00:00","2011-01-11 00:00:00","","51.510205","-0.128177","False"
"WM5","Westminster - Covent Garden","Urban Background","33","Westminster","51.5119769825798","-0.12162720332856","NO2","Nitrogen Dioxide","2009-06-20 00:00:00","2026-04-01 00:00:00","","51.5119769825798","-0.12162720332856","False"
"WM5","Westminster - Covent Garden","Urban Background","33","Westminster","51.5119769825798","-0.12162720332856","PM25","PM2.5 Particulate","2023-11-15 00:00:00","2026-04-01 00:00:00","","51.5119769825798","-0.12162720332856","False"
"GV2","Westminster - Duke Street (Grosvenor)","Roadside","33","Westminster","51.5129998832095","-0.150913488159214","NO2","Nitrogen Dioxide","2019-08-22 16:00:00","2024-01-08 00:00:00","","51.5129998832095","-0.150913488159214","False"
"GV1","Westminster - Ebury Street (Grosvenor)","Roadside","33","Westminster","51.493492","-0.149906","NO2","Nitrogen Dioxide","2019-03-01 10:45:00","2023-11-15 00:00:00","","51.493492","-0.149906","False"
"WMD","Westminster - Elizabeth Bridge","Roadside","33","Westminster","51.4922482333024","-0.147114752900186","NO2","Nitrogen Dioxide","2020-04-28 10:00:00","2026-04-01 00:00:00","","51.4922482333024","-0.147114752900186","False"
"WMD","Westminster - Elizabeth Bridge","Roadside","33","Westminster","51.4922482333024","-0.147114752900186","PM25","PM2.5 Particulate","2020-04-27 00:00:00","2026-04-01 00:00:00","","51.4922482333024","-0.147114752900186","False"
"WM0","Westminster - Horseferry Road","Urban Background","33","Westminster","51.494681","-0.131938","CO","Carbon Monoxide","2001-07-17 00:00:00","2012-07-03 00:00:00","","51.494681","-0.131938","False"
"WM0","Westminster - Horseferry Road","Urban Background","33","Westminster","51.494681","-0.131938","NO2","Nitrogen Dioxide","2001-07-17 00:00:00","","","51.494681","-0.131938","True"
"WM0","Westminster - Horseferry Road","Urban Background","33","Westminster","51.494681","-0.131938","O3","Ozone","2001-07-17 00:00:00","2013-12-31 00:00:00","","51.494681","-0.131938","False"
"WM0","Westminster - Horseferry Road","Urban Background","33","Westminster","51.494681","-0.131938","PM10","PM10 Particulate","2009-12-23 00:00:00","2021-01-13 00:00:00","","51.494681","-0.131938","False"
"WM0","Westminster - Horseferry Road","Urban Background","33","Westminster","51.494681","-0.131938","PM25","PM2.5 Particulate","2001-07-17 00:00:00","","","51.494681","-0.131938","True"
"WM0","Westminster - Horseferry Road","Urban Background","33","Westminster","51.494681","-0.131938","SO2","Sulphur Dioxide","2001-07-17 00:00:00","2012-07-03 00:00:00","","51.494681","-0.131938","False"
"MY1","Westminster - Marylebone Road","Kerbside","33","Westminster","51.52254","-0.15459","CO","Carbon Monoxide","1997-05-25 00:00:00","","","51.52254","-0.15459","True"
"MY1","Westminster - Marylebone Road","Kerbside","33","Westminster","51.52254","-0.15459","NO2","Nitrogen Dioxide","1997-05-01 00:00:00","","","51.52254","-0.15459","True"
"MY1","Westminster - Marylebone Road","Kerbside","33","Westminster","51.52254","-0.15459","O3","Ozone","1997-05-25 00:00:00","","","51.52254","-0.15459","True"
"MY1","Westminster - Marylebone Road","Kerbside","33","Westminster","51.52254","-0.15459","PM10","PM10 Particulate","1997-05-26 12:00:00","2019-02-15 00:00:00","","51.52254","-0.15459","False"
"MY1","Westminster - Marylebone Road","Kerbside","33","Westminster","51.52254","-0.15459","SO2","Sulphur Dioxide","1997-05-25 00:00:00","","","51.52254","-0.15459","True"
"MY7","Westminster - Marylebone Road FDMS","Kerbside","33","Westminster","51.52254","-0.15459","PM10","PM10 Particulate","2004-01-01 00:00:00","2021-12-21 08:00:00","","51.52254","-0.15459","False"
"MY7","Westminster - Marylebone Road FDMS","Kerbside","33","Westminster","51.52254","-0.15459","PM25","PM2.5 Particulate","2009-03-19 09:00:00","2021-12-21 08:00:00","","51.52254","-0.15459","False"
"WM6","Westminster - Oxford Street","Kerbside","33","Westminster","51.5139287404213","-0.152792701881935","NO2","Nitrogen Dioxide","2016-01-12 13:00:00","2026-04-01 00:00:00","","51.5139287404213","-0.152792701881935","False"
"WM6","Westminster - Oxford Street","Kerbside","33","Westminster","51.5139287404213","-0.152792701881935","PM10","PM10 Particulate","2011-01-01 00:00:00","2024-02-02 00:00:00","","51.5139287404213","-0.152792701881935","False"
"WM6","Westminster - Oxford Street","Kerbside","33","Westminster","51.5139287404213","-0.152792701881935","PM25","PM2.5 Particulate","2024-02-02 13:00:00","2026-04-01 00:00:00","","51.5139287404213","-0.152792701881935","False"
"WMZ","Westminster - Oxford Street 2","Kerbside","33","Westminster","51.5139287404213","-0.152792701881935","NO2","Nitrogen Dioxide","2016-05-13 00:00:00","2016-09-08 00:00:00","","51.5139287404213","-0.152792701881935","False"
"WMB","Westminster - Oxford Street East","Roadside","33","Westminster","51.516066","-0.13516388","NO2","Nitrogen Dioxide","2018-06-05 12:00:00","2023-06-08 00:00:00","","51.516066","-0.13516388","False"
"WMB","Westminster - Oxford Street East","Roadside","33","Westminster","51.516066","-0.13516388","PM10","PM10 Particulate","2018-06-05 12:00:00","2023-06-08 00:00:00","","51.516066","-0.13516388","False"
"WME","Westminster - Queens Park Gardens","Urban Background","33","Westminster","51.5286629697555","-0.20875365618309","NO2","Nitrogen Dioxide","2025-07-03 00:00:00","2026-04-01 00:00:00","","51.5286629697555","-0.20875365618309","False"
"WME","Westminster - Queens Park Gardens","Urban Background","33","Westminster","51.5286629697555","-0.20875365618309","O3","Ozone","2025-07-04 10:30:00","2026-04-01 00:00:00","","51.5286629697555","-0.20875365618309","False"
"WME","Westminster - Queens Park Gardens","Urban Background","33","Westminster","51.5286629697555","-0.20875365618309","PM25","PM2.5 Particulate","2025-07-03 00:00:00","2026-04-01 00:00:00","","51.5286629697555","-0.20875365618309","False"
"NB1","Westminster - Strand (Northbank BID)","Roadside","33","Westminster","51.5119701188277","-0.116713103528546","NO2","Nitrogen Dioxide","2015-10-13 12:45:00","2023-08-12 00:00:00","","51.5119701188277","-0.116713103528546","False"
"WM8","Westminster - Victoria","Urban Background","33","Westminster","51.497066177578","-0.142438820740121","NO2","Nitrogen Dioxide","2013-11-22 00:00:00","2016-04-04 00:00:00","","51.497066177578","-0.142438820740121","False"
"WM9","Westminster - Victoria (Victoria BID)","Roadside","33","Westminster","51.4977331829735","-0.14424140916201","NO2","Nitrogen Dioxide","2016-08-08 14:00:00","2017-09-20 00:00:00","","51.4977331829735","-0.14424140916201","False"
"VS1","Westminster - Victoria Street","Kerbside","33","Westminster","51.4992450135925","-0.131285173980659","CO","Carbon Monoxide","2003-05-02 15:00:00","2008-04-01 00:00:00","","51.4992450135925","-0.131285173980659","False"
"VS1","Westminster - Victoria Street","Kerbside","33","Westminster","51.4992450135925","-0.131285173980659","NO2","Nitrogen Dioxide","2003-05-02 15:00:00","2008-04-01 00:00:00","","51.4992450135925","-0.131285173980659","False"
"VS1","Westminster - Victoria Street","Kerbside","33","Westminster","51.4992450135925","-0.131285173980659","O3","Ozone","2003-05-02 15:00:00","2008-04-01 00:00:00","","51.4992450135925","-0.131285173980659","False"
"VS1","Westminster - Victoria Street","Kerbside","33","Westminster","51.4992450135925","-0.131285173980659","PM10","PM10 Particulate","2003-05-02 15:00:00","2008-04-01 00:00:00","","51.4992450135925","-0.131285173980659","False"
"VS1","Westminster - Victoria Street","Kerbside","33","Westminster","51.4992450135925","-0.131285173980659","PM25","PM2.5 Particulate","2003-05-02 15:00:00","2008-04-01 00:00:00","","51.4992450135925","-0.131285173980659","False"
